﻿ID,TID,Keyboard,KeyLength,MapText,TimeStamp,Time,IME,CurText
1,8,"S'H'U'H'O'U'D1",7,术后,1558126754,2019/5/17 20:59:14,中文(简体) - 百度输入法,术后,
2,8,"Z'D'U'A'N'D4",6,诊断,1558126759,2019/5/17 20:59:19,中文(简体) - 百度输入法,术后诊断,
3,8,"RightShift'Oem1",2,：,1558126761,2019/5/17 20:59:20,中文(简体) - 百度输入法,术后诊断：,
4,8,"S'H'U'A'N'G'D1",7,双,1558126764,2019/5/17 20:59:23,中文(简体) - 百度输入法,术后诊断：双,
5,8,"L'C'A'O'Back'D1",6,卵巢癌,1558126770,2019/5/17 20:59:30,中文(简体) - 百度输入法,术后诊断：双卵巢癌,
6,8,Back,1,-癌,1558126771,2019/5/17 20:59:30,中文(简体) - 百度输入法,术后诊断：双卵巢,
7,8,"X'I'A'N'A'N'Back'I'D3",9,腺癌,1558126776,2019/5/17 20:59:35,中文(简体) - 百度输入法,术后诊断：双卵巢腺癌,
8,8,"RightShift'I'I'B'Return",5,IIB,1558126779,2019/5/17 20:59:39,中文(简体) - 百度输入法,术后诊断：双卵巢腺癌IIB,
9,8,"Q'I'D3",3,期,1558126782,2019/5/17 20:59:41,中文(简体) - 百度输入法,术后诊断：双卵巢腺癌IIB期,
10,8,OemPeriod,1,。,1558126783,2019/5/17 20:59:42,中文(简体) - 百度输入法,术后诊断：双卵巢腺癌IIB期。,
