﻿ID,TID,Keyboard,KeyLength,MapText,TimeStamp,Time,IME,CurText
1,8,"S'H'U'S'H'O'U'Back'Back'Back'Back'D7",12,术,1558126001,2019/5/17 20:46:40,搜狗输入法医生版,术,
2,8,"H'O'U'D1",4,后,1558126002,2019/5/17 20:46:42,搜狗输入法医生版,术后,
3,8,"Z'H'E'N'D'U'A'N'D1",9,诊断,1558126004,2019/5/17 20:46:44,搜狗输入法医生版,术后诊断,
4,8,"RightShift'Oem1",2, ,1558126005,2019/5/17 20:46:45,搜狗输入法医生版,术后诊断 ,
5,8,"S'H'U'A'N'G'D2",7,：双,1558126008,2019/5/17 20:46:47,搜狗输入法医生版,术后诊断：双,
6,8,"L'U'A'N'C'X'I'A'N'A'I'D2",12,卵巢腺癌,1558126015,2019/5/17 20:46:55,搜狗输入法医生版,术后诊断：双卵巢腺癌,
7,8,"RightShift'I'I'RightShift'B'Return",6,IIB,1558126019,2019/5/17 20:46:59,搜狗输入法医生版,术后诊断：双卵巢腺癌IIB,
8,8,"Q'I'D'A'I'D1",6,期待,1558126025,2019/5/17 20:47:04,搜狗输入法医生版,术后诊断：双卵巢腺癌IIB期待,
9,8,Back,1,-待,1558126025,2019/5/17 20:47:05,搜狗输入法医生版,术后诊断：双卵巢腺癌IIB期,
10,8,OemPeriod,1, ,1558126027,2019/5/17 20:47:06,搜狗输入法医生版,术后诊断：双卵巢腺癌IIB期 ,
