﻿ID,TID,Keyboard,KeyLength,MapText,TimeStamp,Time,IME,CurText
1,8,"S'H'U'H'D2",5,术后,1558127504,2019/5/17 21:11:44,搜狗拼音输入法,术后,
2,8,"Z'D'U'A'N'D3",6,诊断,1558127509,2019/5/17 21:11:49,搜狗拼音输入法,术后诊断,
3,8,"RightShift'Oem1",2, ,1558127511,2019/5/17 21:11:50,搜狗拼音输入法,术后诊断 ,
4,8,"S'H'U'A'N'G'D2",7,：双,1558127512,2019/5/17 21:11:52,搜狗拼音输入法,术后诊断：双,
5,8,"L'C'A'O'Back'Back'Back'U'A'N'C'A'O'Back'Back'Back'Back'Back'Back'Back'L'U'A'N'C'H'A'O'D1",29,卵巢,1558127525,2019/5/17 21:12:04,搜狗拼音输入法,术后诊断：双卵巢,
6,8,"X'I'A'N'A'I'D3",7,腺癌,1558127529,2019/5/17 21:12:08,搜狗拼音输入法,术后诊断：双卵巢腺癌,
7,8,"RightShift'I'I'B'Return",5,IIB,1558127532,2019/5/17 21:12:12,搜狗拼音输入法,术后诊断：双卵巢腺癌IIB,
8,8,"Q'I'D'D2",4,期待,1558127535,2019/5/17 21:12:15,搜狗拼音输入法,术后诊断：双卵巢腺癌IIB期待,
9,8,Back,1,-待,1558127536,2019/5/17 21:12:16,搜狗拼音输入法,术后诊断：双卵巢腺癌IIB期,
10,8,OemPeriod,1, ,1558127538,2019/5/17 21:12:17,搜狗拼音输入法,术后诊断：双卵巢腺癌IIB期 ,
11,2,"H'U'A'N'E'R'D1",7,患儿,1558127543,2019/5/17 21:12:22,搜狗拼音输入法,患儿,
12,2,D1,1,1,1558127543,2019/5/17 21:12:23,搜狗拼音输入法,患儿1,
13,2,"T'I'A'N'D1",5,天,1558127545,2019/5/17 21:12:25,搜狗拼音输入法,患儿1天,
14,2,"Q'I'A'N'D1",5,前,1558127547,2019/5/17 21:12:26,搜狗拼音输入法,患儿1天前,
15,2,"W'U'M'X'D1",5,无明显,1558127550,2019/5/17 21:12:29,搜狗拼音输入法,患儿1天前无明显,
16,2,"Y'O'U'X'Back'Y'D1",7,诱因,1558127553,2019/5/17 21:12:33,搜狗拼音输入法,患儿1天前无明显诱因,
17,2,"C'H'U'X'D1",5,出现,1558127555,2019/5/17 21:12:34,搜狗拼音输入法,患儿1天前无明显诱因出现,
18,2,"Z'F'X'D4",4,阵发性,1558127559,2019/5/17 21:12:38,搜狗拼音输入法,患儿1天前无明显诱因出现阵发性,
19,2,"K'U'N'A'O'D2",6,哭闹,1558127562,2019/5/17 21:12:42,搜狗拼音输入法,患儿1天前无明显诱因出现阵发性哭闹,
20,2,OemComma,1, ,1558127563,2019/5/17 21:12:43,搜狗拼音输入法,患儿1天前无明显诱因出现阵发性哭闹 ,
21,2,"B'A'N'S'U'I'D1",7,，伴随,1558127566,2019/5/17 21:12:46,搜狗拼音输入法,患儿1天前无明显诱因出现阵发性哭闹，伴随,
22,2,Back,1,-随,1558127566,2019/5/17 21:12:46,搜狗拼音输入法,患儿1天前无明显诱因出现阵发性哭闹，伴,
23,2,"O'U'T'D1",4,呕吐,1558127569,2019/5/17 21:12:48,搜狗拼音输入法,患儿1天前无明显诱因出现阵发性哭闹，伴呕吐,
24,2,OemComma,1, ,1558127570,2019/5/17 21:12:49,搜狗拼音输入法,患儿1天前无明显诱因出现阵发性哭闹，伴呕吐 ,
25,2,"O'U'T'D1",4,，呕吐,1558127571,2019/5/17 21:12:51,搜狗拼音输入法,患儿1天前无明显诱因出现阵发性哭闹，伴呕吐，呕吐,
26,2,"W'U'W'E'I'Back'Back'Back'D1",9,物,1558127576,2019/5/17 21:12:55,搜狗拼音输入法,患儿1天前无明显诱因出现阵发性哭闹，伴呕吐，呕吐物,
27,2,"W'E'I'D1",4,为,1558127577,2019/5/17 21:12:57,搜狗拼音输入法,患儿1天前无明显诱因出现阵发性哭闹，伴呕吐，呕吐物为,
28,2,"W'E'I'N'R'W'D2",7,胃内容物,1558127582,2019/5/17 21:13:01,搜狗拼音输入法,患儿1天前无明显诱因出现阵发性哭闹，伴呕吐，呕吐物为胃内容物,
29,2,OemComma,1, ,1558127583,2019/5/17 21:13:03,搜狗拼音输入法,患儿1天前无明显诱因出现阵发性哭闹，伴呕吐，呕吐物为胃内容物 ,
30,2,"W'U'D2",3,，无,1558127585,2019/5/17 21:13:04,搜狗拼音输入法,患儿1天前无明显诱因出现阵发性哭闹，伴呕吐，呕吐物为胃内容物，无,
31,2,"K'A'F'E'I'Y'A'N'G'D1",10,咖啡样,1558127589,2019/5/17 21:13:09,搜狗拼音输入法,患儿1天前无明显诱因出现阵发性哭闹，伴呕吐，呕吐物为胃内容物，无咖啡样,
32,2,"W'U'D2",3,物,1558127591,2019/5/17 21:13:11,搜狗拼音输入法,患儿1天前无明显诱因出现阵发性哭闹，伴呕吐，呕吐物为胃内容物，无咖啡样物,
33,2,OemComma,1, ,1558127592,2019/5/17 21:13:12,搜狗拼音输入法,患儿1天前无明显诱因出现阵发性哭闹，伴呕吐，呕吐物为胃内容物，无咖啡样物 ,
34,2,"G'O'N'G'D2",5,，共,1558127594,2019/5/17 21:13:13,搜狗拼音输入法,患儿1天前无明显诱因出现阵发性哭闹，伴呕吐，呕吐物为胃内容物，无咖啡样物，共,
35,2,D5,1,5,1558127595,2019/5/17 21:13:15,搜狗拼音输入法,患儿1天前无明显诱因出现阵发性哭闹，伴呕吐，呕吐物为胃内容物，无咖啡样物，共5,
36,2,"C'I'D1",3,次,1558127596,2019/5/17 21:13:16,搜狗拼音输入法,患儿1天前无明显诱因出现阵发性哭闹，伴呕吐，呕吐物为胃内容物，无咖啡样物，共5次,
37,2,OemPeriod,1, ,1558127597,2019/5/17 21:13:17,搜狗拼音输入法,患儿1天前无明显诱因出现阵发性哭闹，伴呕吐，呕吐物为胃内容物，无咖啡样物，共5次 ,
38,6,"S'H'U'H'O'U'Z'D'U'A'N'D2",12,术后诊断,1558127606,2019/5/17 21:13:26,搜狗拼音输入法,术后诊断,
39,6,"RightShift'Oem1",2, ,1558127608,2019/5/17 21:13:27,搜狗拼音输入法,术后诊断 ,
40,6,"S'H'U'A'N'G'D1",7,：双,1558127610,2019/5/17 21:13:29,搜狗拼音输入法,术后诊断：双,
41,6,"L'C'D1",3,卵巢,1558127612,2019/5/17 21:13:31,搜狗拼音输入法,术后诊断：双卵巢,
42,6,"X'I'A'N'A'I'D1",7,腺癌,1558127614,2019/5/17 21:13:33,搜狗拼音输入法,术后诊断：双卵巢腺癌,
43,6,"RightShift'I'I'B'Return",5,IIB,1558127617,2019/5/17 21:13:36,搜狗拼音输入法,术后诊断：双卵巢腺癌IIB,
44,6,"Q'I'D1",3,期,1558127618,2019/5/17 21:13:38,搜狗拼音输入法,术后诊断：双卵巢腺癌IIB期,
45,6,OemPeriod,1, ,1558127619,2019/5/17 21:13:38,搜狗拼音输入法,术后诊断：双卵巢腺癌IIB期 ,
46,4,"H'U'A'N'Z'D1",6,患者,1558127625,2019/5/17 21:13:44,搜狗拼音输入法,患者,
47,4,"Y'I'N'D1",4,因,1558127629,2019/5/17 21:13:48,搜狗拼音输入法,患者因,
48,4,"RightShift'OemQuotes",2, ,1558127630,2019/5/17 21:13:49,搜狗拼音输入法,患者因 ,
49,4,"B'U'G'Z'D1",5,“不规则,1558127632,2019/5/17 21:13:52,搜狗拼音输入法,患者因“不规则,
50,4,"Y'I'N'D'A'O'Back'Back'Back'G'D'A'O'Back'Back'Back'Back'D'A'O'D1",21,阴道,1558127647,2019/5/17 21:14:07,搜狗拼音输入法,患者因“不规则阴道,
51,4,"L'I'U'X'D4",5,流向,1558127652,2019/5/17 21:14:11,搜狗拼音输入法,患者因“不规则阴道流向,
52,4,Back,1,-向,1558127653,2019/5/17 21:14:12,搜狗拼音输入法,患者因“不规则阴道流,
53,4,Back,1,-流,1558127653,2019/5/17 21:14:12,搜狗拼音输入法,患者因“不规则阴道,
54,4,"L'I'U'X'U'E'D2",7,流血,1558127656,2019/5/17 21:14:15,搜狗拼音输入法,患者因“不规则阴道流血,
55,4,"B'A'N'D1",4,伴,1558127658,2019/5/17 21:14:18,搜狗拼音输入法,患者因“不规则阴道流血伴,
56,4,"Y'I'N'D'D1",5,阴道,1558127661,2019/5/17 21:14:20,搜狗拼音输入法,患者因“不规则阴道流血伴阴道,
57,4,"P'A'I'Y'E'D1",6,排液,1558127664,2019/5/17 21:14:24,搜狗拼音输入法,患者因“不规则阴道流血伴阴道排液,
58,4,D1,1,1,1558127665,2019/5/17 21:14:25,搜狗拼音输入法,患者因“不规则阴道流血伴阴道排液1,
59,4,"RightShift'OemPlus",2, ,1558127666,2019/5/17 21:14:25,搜狗拼音输入法,患者因“不规则阴道流血伴阴道排液1 ,
60,4,"N'I'A'N'D1",5,+年,1558127667,2019/5/17 21:14:27,搜狗拼音输入法,患者因“不规则阴道流血伴阴道排液1+年,
61,4,"RightShift'OemQuotes",2, ,1558127669,2019/5/17 21:14:28,搜狗拼音输入法,患者因“不规则阴道流血伴阴道排液1+年 ,
62,4,OemComma,1,”,1558127669,2019/5/17 21:14:28,搜狗拼音输入法,患者因“不规则阴道流血伴阴道排液1+年” ,
63,4,"Z'D'X'Back'D1",5,，诊断,1558127674,2019/5/17 21:14:33,搜狗拼音输入法,患者因“不规则阴道流血伴阴道排液1+年”，诊断,
64,4,"X'I'N'G'D1",5,性,1558127675,2019/5/17 21:14:34,搜狗拼音输入法,患者因“不规则阴道流血伴阴道排液1+年”，诊断性,
65,4,"G'U'A'G'O'N'G'D1",8,刮宫,1558127679,2019/5/17 21:14:39,搜狗拼音输入法,患者因“不规则阴道流血伴阴道排液1+年”，诊断性刮宫,
66,4,"B'L'Back'I'N'G'L'I'D3",9,病理,1558127685,2019/5/17 21:14:45,搜狗拼音输入法,患者因“不规则阴道流血伴阴道排液1+年”，诊断性刮宫病理,
67,4,"T'I'S'D2",4,提示,1558127688,2019/5/17 21:14:47,搜狗拼音输入法,患者因“不规则阴道流血伴阴道排液1+年”，诊断性刮宫病理提示,
68,4,"RightShift'Oem1",2, ,1558127688,2019/5/17 21:14:48,搜狗拼音输入法,患者因“不规则阴道流血伴阴道排液1+年”，诊断性刮宫病理提示 ,
69,4,"RightShift'D9",2,：,1558127690,2019/5/17 21:14:50,搜狗拼音输入法,患者因“不规则阴道流血伴阴道排液1+年”，诊断性刮宫病理提示： ,
70,4,"G'O'N'G'Q'I'A'N'G'D1",10,（宫腔,1558127693,2019/5/17 21:14:53,搜狗拼音输入法,患者因“不规则阴道流血伴阴道排液1+年”，诊断性刮宫病理提示：（宫腔,
71,4,"RightShift'OemMinus",2, ,1558127694,2019/5/17 21:14:54,搜狗拼音输入法,患者因“不规则阴道流血伴阴道排液1+年”，诊断性刮宫病理提示：（宫腔 ,
72,4,Back,1,—,1558127695,2019/5/17 21:14:55,搜狗拼音输入法,患者因“不规则阴道流血伴阴道排液1+年”，诊断性刮宫病理提示：（宫腔—,
73,4,Back,1,-—,1558127695,2019/5/17 21:14:55,搜狗拼音输入法,患者因“不规则阴道流血伴阴道排液1+年”，诊断性刮宫病理提示：（宫腔,
74,4,"RightShift'D0",2, ,1558127696,2019/5/17 21:14:56,搜狗拼音输入法,患者因“不规则阴道流血伴阴道排液1+年”，诊断性刮宫病理提示：（宫腔 ,
75,4,"Z'I'G'D2",4,）子宫,1558127699,2019/5/17 21:14:58,搜狗拼音输入法,患者因“不规则阴道流血伴阴道排液1+年”，诊断性刮宫病理提示：（宫腔）子宫,
76,4,"N'E'I'M'Y'D1",6,内膜炎,1558127703,2019/5/17 21:15:02,搜狗拼音输入法,患者因“不规则阴道流血伴阴道排液1+年”，诊断性刮宫病理提示：（宫腔）子宫内膜炎,
77,4,Back,1,-炎,1558127703,2019/5/17 21:15:03,搜狗拼音输入法,患者因“不规则阴道流血伴阴道排液1+年”，诊断性刮宫病理提示：（宫腔）子宫内膜,
78,4,"Y'A'N'G'D1",5,样,1558127705,2019/5/17 21:15:04,搜狗拼音输入法,患者因“不规则阴道流血伴阴道排液1+年”，诊断性刮宫病理提示：（宫腔）子宫内膜样,
79,4,"X'I'A'N'A'I'D1",7,腺癌,1558127708,2019/5/17 21:15:07,搜狗拼音输入法,患者因“不规则阴道流血伴阴道排液1+年”，诊断性刮宫病理提示：（宫腔）子宫内膜样腺癌,
80,4,"RightShift'RightShift'RightShift'RightShift'RightShift'RightShift'RightShift'RightShift'RightShift'RightShift'G'Return",12,G,1558127710,2019/5/17 21:15:09,搜狗拼音输入法,患者因“不规则阴道流血伴阴道排液1+年”，诊断性刮宫病理提示：（宫腔）子宫内膜样腺癌G,
81,4,D2,1,2,1558127711,2019/5/17 21:15:10,搜狗拼音输入法,患者因“不规则阴道流血伴阴道排液1+年”，诊断性刮宫病理提示：（宫腔）子宫内膜样腺癌G2,
82,4,Oem1,1, ,1558127712,2019/5/17 21:15:12,搜狗拼音输入法,患者因“不规则阴道流血伴阴道排液1+年”，诊断性刮宫病理提示：（宫腔）子宫内膜样腺癌G2 ,
83,4,"W'O'Y'U'A'N'D1",7,；我院,1558127714,2019/5/17 21:15:13,搜狗拼音输入法,患者因“不规则阴道流血伴阴道排液1+年”，诊断性刮宫病理提示：（宫腔）子宫内膜样腺癌G2；我院,
84,4,"B'I'N'G'L'D1",6,病理,1558127717,2019/5/17 21:15:16,搜狗拼音输入法,患者因“不规则阴道流血伴阴道排液1+年”，诊断性刮宫病理提示：（宫腔）子宫内膜样腺癌G2；我院病理,
85,4,"H'U'I'Z'D1",5,会诊,1558127718,2019/5/17 21:15:18,搜狗拼音输入法,患者因“不规则阴道流血伴阴道排液1+年”，诊断性刮宫病理提示：（宫腔）子宫内膜样腺癌G2；我院病理会诊,
86,4,"T'I'S'D1",4,提示,1558127720,2019/5/17 21:15:20,搜狗拼音输入法,患者因“不规则阴道流血伴阴道排液1+年”，诊断性刮宫病理提示：（宫腔）子宫内膜样腺癌G2；我院病理会诊提示,
87,4,"RightShift'Oem1",2, ,1558127721,2019/5/17 21:15:21,搜狗拼音输入法,患者因“不规则阴道流血伴阴道排液1+年”，诊断性刮宫病理提示：（宫腔）子宫内膜样腺癌G2；我院病理会诊提示 ,
88,4,"Z'I'G'D1",4,：子宫,1558127724,2019/5/17 21:15:24,搜狗拼音输入法,患者因“不规则阴道流血伴阴道排液1+年”，诊断性刮宫病理提示：（宫腔）子宫内膜样腺癌G2；我院病理会诊提示：子宫,
89,4,"N'E'I'M'Y'D3",6,内膜样,1558127728,2019/5/17 21:15:28,搜狗拼音输入法,患者因“不规则阴道流血伴阴道排液1+年”，诊断性刮宫病理提示：（宫腔）子宫内膜样腺癌G2；我院病理会诊提示：子宫内膜样,
90,4,"X'I'A'N'A'I'D1",7,腺癌,1558127730,2019/5/17 21:15:29,搜狗拼音输入法,患者因“不规则阴道流血伴阴道排液1+年”，诊断性刮宫病理提示：（宫腔）子宫内膜样腺癌G2；我院病理会诊提示：子宫内膜样腺癌,
91,4,"RightShift'G'Return",3,G,1558127732,2019/5/17 21:15:32,搜狗拼音输入法,患者因“不规则阴道流血伴阴道排液1+年”，诊断性刮宫病理提示：（宫腔）子宫内膜样腺癌G2；我院病理会诊提示：子宫内膜样腺癌G,
92,4,D2,1,2,1558127732,2019/5/17 21:15:32,搜狗拼音输入法,患者因“不规则阴道流血伴阴道排液1+年”，诊断性刮宫病理提示：（宫腔）子宫内膜样腺癌G2；我院病理会诊提示：子宫内膜样腺癌G2,
93,4,OemMinus,1, ,1558127733,2019/5/17 21:15:33,搜狗拼音输入法,患者因“不规则阴道流血伴阴道排液1+年”，诊断性刮宫病理提示：（宫腔）子宫内膜样腺癌G2；我院病理会诊提示：子宫内膜样腺癌G2 ,
94,4,D3,1,-3,1558127733,2019/5/17 21:15:33,搜狗拼音输入法,患者因“不规则阴道流血伴阴道排液1+年”，诊断性刮宫病理提示：（宫腔）子宫内膜样腺癌G2；我院病理会诊提示：子宫内膜样腺癌G2-3,
95,4,OemComma,1, ,1558127735,2019/5/17 21:15:34,搜狗拼音输入法,患者因“不规则阴道流血伴阴道排液1+年”，诊断性刮宫病理提示：（宫腔）子宫内膜样腺癌G2；我院病理会诊提示：子宫内膜样腺癌G2-3 ,
96,4,"G'O'N'G'J'I'N'G'D1",9,，宫颈,1558127737,2019/5/17 21:15:37,搜狗拼音输入法,患者因“不规则阴道流血伴阴道排液1+年”，诊断性刮宫病理提示：（宫腔）子宫内膜样腺癌G2；我院病理会诊提示：子宫内膜样腺癌G2-3，宫颈,
97,4,"G'U'A'N'D1",5,管,1558127740,2019/5/17 21:15:39,搜狗拼音输入法,患者因“不规则阴道流血伴阴道排液1+年”，诊断性刮宫病理提示：（宫腔）子宫内膜样腺癌G2；我院病理会诊提示：子宫内膜样腺癌G2-3，宫颈管,
98,4,"S'A'O'G'U'A'D1",7,搔刮,1558127743,2019/5/17 21:15:42,搜狗拼音输入法,患者因“不规则阴道流血伴阴道排液1+年”，诊断性刮宫病理提示：（宫腔）子宫内膜样腺癌G2；我院病理会诊提示：子宫内膜样腺癌G2-3，宫颈管搔刮,
99,4,"Z'H'U'Z'Back'Back'Back'U'Z'H'I'D1",12,组织,1558127748,2019/5/17 21:15:48,搜狗拼音输入法,患者因“不规则阴道流血伴阴道排液1+年”，诊断性刮宫病理提示：（宫腔）子宫内膜样腺癌G2；我院病理会诊提示：子宫内膜样腺癌G2-3，宫颈管搔刮组织,
100,4,"J'I'A'N'D2",5,见,1558127750,2019/5/17 21:15:49,搜狗拼音输入法,患者因“不规则阴道流血伴阴道排液1+年”，诊断性刮宫病理提示：（宫腔）子宫内膜样腺癌G2；我院病理会诊提示：子宫内膜样腺癌G2-3，宫颈管搔刮组织见,
101,4,"S'A'Back'H'A'O'L'D2",8,少量,1558127754,2019/5/17 21:15:53,搜狗拼音输入法,患者因“不规则阴道流血伴阴道排液1+年”，诊断性刮宫病理提示：（宫腔）子宫内膜样腺癌G2；我院病理会诊提示：子宫内膜样腺癌G2-3，宫颈管搔刮组织见少量,
102,4,"N'I'A'N'M'D4",6,粘膜,1558127759,2019/5/17 21:15:59,搜狗拼音输入法,患者因“不规则阴道流血伴阴道排液1+年”，诊断性刮宫病理提示：（宫腔）子宫内膜样腺癌G2；我院病理会诊提示：子宫内膜样腺癌G2-3，宫颈管搔刮组织见少量粘膜,
103,4,"Z'U'Z'D1",4,组织,1558127763,2019/5/17 21:16:02,搜狗拼音输入法,患者因“不规则阴道流血伴阴道排液1+年”，诊断性刮宫病理提示：（宫腔）子宫内膜样腺癌G2；我院病理会诊提示：子宫内膜样腺癌G2-3，宫颈管搔刮组织见少量粘膜组织,
104,4,"J'I'D1",3,及,1558127764,2019/5/17 21:16:04,搜狗拼音输入法,患者因“不规则阴道流血伴阴道排液1+年”，诊断性刮宫病理提示：（宫腔）子宫内膜样腺癌G2；我院病理会诊提示：子宫内膜样腺癌G2-3，宫颈管搔刮组织见少量粘膜组织及,
105,4,"S'H'A'O'L'I'A'N'G'D1",10,少量,1558127767,2019/5/17 21:16:06,搜狗拼音输入法,患者因“不规则阴道流血伴阴道排液1+年”，诊断性刮宫病理提示：（宫腔）子宫内膜样腺癌G2；我院病理会诊提示：子宫内膜样腺癌G2-3，宫颈管搔刮组织见少量粘膜组织及少量,
106,4,"Y'I'X'I'N'G'D1",7,异性,1558127770,2019/5/17 21:16:10,搜狗拼音输入法,患者因“不规则阴道流血伴阴道排液1+年”，诊断性刮宫病理提示：（宫腔）子宫内膜样腺癌G2；我院病理会诊提示：子宫内膜样腺癌G2-3，宫颈管搔刮组织见少量粘膜组织及少量异性,
107,4,Back,1,-性,1558127771,2019/5/17 21:16:10,搜狗拼音输入法,患者因“不规则阴道流血伴阴道排液1+年”，诊断性刮宫病理提示：（宫腔）子宫内膜样腺癌G2；我院病理会诊提示：子宫内膜样腺癌G2-3，宫颈管搔刮组织见少量粘膜组织及少量异,
108,4,"X'I'N'G'T'A'I'D4'Return",9,型tai,1558127781,2019/5/17 21:16:20,搜狗拼音输入法,患者因“不规则阴道流血伴阴道排液1+年”，诊断性刮宫病理提示：（宫腔）子宫内膜样腺癌G2；我院病理会诊提示：子宫内膜样腺癌G2-3，宫颈管搔刮组织见少量粘膜组织及少量异型tai,
109,4,Back,1,-i,1558127781,2019/5/17 21:16:21,搜狗拼音输入法,患者因“不规则阴道流血伴阴道排液1+年”，诊断性刮宫病理提示：（宫腔）子宫内膜样腺癌G2；我院病理会诊提示：子宫内膜样腺癌G2-3，宫颈管搔刮组织见少量粘膜组织及少量异型ta,
110,4,Back,1,-a,1558127782,2019/5/17 21:16:21,搜狗拼音输入法,患者因“不规则阴道流血伴阴道排液1+年”，诊断性刮宫病理提示：（宫腔）子宫内膜样腺癌G2；我院病理会诊提示：子宫内膜样腺癌G2-3，宫颈管搔刮组织见少量粘膜组织及少量异型t,
111,4,Back,1,-t,1558127782,2019/5/17 21:16:21,搜狗拼音输入法,患者因“不规则阴道流血伴阴道排液1+年”，诊断性刮宫病理提示：（宫腔）子宫内膜样腺癌G2；我院病理会诊提示：子宫内膜样腺癌G2-3，宫颈管搔刮组织见少量粘膜组织及少量异型,
112,4,"D'D1",2,的,1558127784,2019/5/17 21:16:23,搜狗拼音输入法,患者因“不规则阴道流血伴阴道排液1+年”，诊断性刮宫病理提示：（宫腔）子宫内膜样腺癌G2；我院病理会诊提示：子宫内膜样腺癌G2-3，宫颈管搔刮组织见少量粘膜组织及少量异型的,
113,4,"M'E'Back'Back'N'E'I'M'O'D1",10,内膜,1558127787,2019/5/17 21:16:27,搜狗拼音输入法,患者因“不规则阴道流血伴阴道排液1+年”，诊断性刮宫病理提示：（宫腔）子宫内膜样腺癌G2；我院病理会诊提示：子宫内膜样腺癌G2-3，宫颈管搔刮组织见少量粘膜组织及少量异型的内膜,
114,4,"X'I'A'N'T'I'D3",7,腺体,1558127791,2019/5/17 21:16:30,搜狗拼音输入法,患者因“不规则阴道流血伴阴道排液1+年”，诊断性刮宫病理提示：（宫腔）子宫内膜样腺癌G2；我院病理会诊提示：子宫内膜样腺癌G2-3，宫颈管搔刮组织见少量粘膜组织及少量异型的内膜腺体,
115,4,OemPeriod,1, ,1558127791,2019/5/17 21:16:30,搜狗拼音输入法,患者因“不规则阴道流血伴阴道排液1+年”，诊断性刮宫病理提示：（宫腔）子宫内膜样腺癌G2；我院病理会诊提示：子宫内膜样腺癌G2-3，宫颈管搔刮组织见少量粘膜组织及少量异型的内膜腺体 ,
