﻿ID,TID,Keyboard,KeyLength,MapText,TimeStamp,Time,IME,CurText
1,7,"W'U'D1",3,无,1558125653,2019/5/17 20:40:52,中文(简体) - 百度输入法,无,
2,7,"X'U'E'K'E'Back'Back'Back'K'E'D1",11,许可,1558125659,2019/5/17 20:40:58,中文(简体) - 百度输入法,无许可,
3,7,"Z'H'E'N'G'D1",6,证,1558125661,2019/5/17 20:41:00,中文(简体) - 百度输入法,无许可证,
4,7,"P'A'I'D2",4,排,1558125664,2019/5/17 20:41:03,中文(简体) - 百度输入法,无许可证排,
5,7,"W'U'S'H'U'I'D2",7,污水,1558125666,2019/5/17 20:41:06,中文(简体) - 百度输入法,无许可证排污水,
6,7,"Z'U'I'G'D1",5,最高,1558125669,2019/5/17 20:41:08,中文(简体) - 百度输入法,无许可证排污水最高,
7,7,"K'E'D1",3,可,1558125670,2019/5/17 20:41:10,中文(简体) - 百度输入法,无许可证排污水最高可,
8,7,"F'A'D4",3,罚,1558125673,2019/5/17 20:41:13,中文(简体) - 百度输入法,无许可证排污水最高可罚,
9,7,D5,1,5,1558125674,2019/5/17 20:41:14,中文(简体) - 百度输入法,无许可证排污水最高可罚5,
10,7,D0,1,0,1558125675,2019/5/17 20:41:14,中文(简体) - 百度输入法,无许可证排污水最高可罚50,
11,7,"W'A'N'D1",4,万,1558125677,2019/5/17 20:41:17,中文(简体) - 百度输入法,无许可证排污水最高可罚50万,
12,7,"Y'U'A'N'D1",5,元,1558125679,2019/5/17 20:41:18,中文(简体) - 百度输入法,无许可证排污水最高可罚50万元,
13,1,"R'A'N'G'D1",5,让,1558125685,2019/5/17 20:41:24,中文(简体) - 百度输入法,让,
14,1,"W'M'D1",3,我们,1558125686,2019/5/17 20:41:26,中文(简体) - 百度输入法,让我们,
15,1,"G'T'D1",3,共同,1558125688,2019/5/17 20:41:27,中文(简体) - 百度输入法,让我们共同,
16,1,"W'E'I'D1",4,为,1558125689,2019/5/17 20:41:29,中文(简体) - 百度输入法,让我们共同为,
17,1,"J'I'A'N'S'H'E'D1",8,建设,1558125691,2019/5/17 20:41:31,中文(简体) - 百度输入法,让我们共同为建设,
18,1,"Y'G'D1",3,一个,1558125693,2019/5/17 20:41:32,中文(简体) - 百度输入法,让我们共同为建设一个,
19,1,"G'E'N'G'J'I'A'D1",8,更加,1558125695,2019/5/17 20:41:34,中文(简体) - 百度输入法,让我们共同为建设一个更加,
20,1,"F'U'Y'U'E'Back'D1",7,富裕,1558125699,2019/5/17 20:41:38,中文(简体) - 百度输入法,让我们共同为建设一个更加富裕,
21,1,OemQuestion,1,、,1558125700,2019/5/17 20:41:39,中文(简体) - 百度输入法,让我们共同为建设一个更加富裕、,
22,1,"H'E'X'I'E'D1",6,和谐,1558125704,2019/5/17 20:41:44,中文(简体) - 百度输入法,让我们共同为建设一个更加富裕、和谐,
23,1,OemQuestion,1,、,1558125705,2019/5/17 20:41:45,中文(简体) - 百度输入法,让我们共同为建设一个更加富裕、和谐、,
24,1,"X'I'N'G'H'U'D3",7,幸福,1558125709,2019/5/17 20:41:48,中文(简体) - 百度输入法,让我们共同为建设一个更加富裕、和谐、幸福,
25,1,OemQuestion,1,、,1558125710,2019/5/17 20:41:50,中文(简体) - 百度输入法,让我们共同为建设一个更加富裕、和谐、幸福、,
26,1,"F'A'Z'H'I'D3",6,法治,1558125713,2019/5/17 20:41:53,中文(简体) - 百度输入法,让我们共同为建设一个更加富裕、和谐、幸福、法治,
27,1,OemQuestion,1,、,1558125714,2019/5/17 20:41:54,中文(简体) - 百度输入法,让我们共同为建设一个更加富裕、和谐、幸福、法治、,
28,1,"W'E'N'M'I'N'G'D1",8,文明,1558125717,2019/5/17 20:41:56,中文(简体) - 百度输入法,让我们共同为建设一个更加富裕、和谐、幸福、法治、文明,
29,1,OemQuestion,1,、,1558125718,2019/5/17 20:41:57,中文(简体) - 百度输入法,让我们共同为建设一个更加富裕、和谐、幸福、法治、文明、,
30,1,"M'E'I'L'I'D1",6,美丽,1558125720,2019/5/17 20:41:59,中文(简体) - 百度输入法,让我们共同为建设一个更加富裕、和谐、幸福、法治、文明、美丽,
31,1,"D'D1",2,的,1558125720,2019/5/17 20:42:00,中文(简体) - 百度输入法,让我们共同为建设一个更加富裕、和谐、幸福、法治、文明、美丽的,
32,1,"S'H'E'H'U'I'Z'Y'D1",9,社会主义,1558125723,2019/5/17 20:42:03,中文(简体) - 百度输入法,让我们共同为建设一个更加富裕、和谐、幸福、法治、文明、美丽的社会主义,
33,1,"X'I'N'D1",4,新,1558125725,2019/5/17 20:42:05,中文(简体) - 百度输入法,让我们共同为建设一个更加富裕、和谐、幸福、法治、文明、美丽的社会主义新,
34,1,"X'I'Z'H'A'N'G'D5",8,西藏,1558125729,2019/5/17 20:42:08,中文(简体) - 百度输入法,让我们共同为建设一个更加富裕、和谐、幸福、法治、文明、美丽的社会主义新西藏,
35,1,"E'R'D2",3,而,1558125731,2019/5/17 20:42:11,中文(简体) - 百度输入法,让我们共同为建设一个更加富裕、和谐、幸福、法治、文明、美丽的社会主义新西藏而,
36,1,"L'U'L'I'Back'Back'Back'Back'N'U'L'I'D1",13,努力,1558125736,2019/5/17 20:42:15,中文(简体) - 百度输入法,让我们共同为建设一个更加富裕、和谐、幸福、法治、文明、美丽的社会主义新西藏而努力,
37,1,"F'E'N'D'O'U'D1",7,奋斗,1558125739,2019/5/17 20:42:19,中文(简体) - 百度输入法,让我们共同为建设一个更加富裕、和谐、幸福、法治、文明、美丽的社会主义新西藏而努力奋斗,
38,1,"RightShift'D1",2,！,1558125740,2019/5/17 20:42:19,中文(简体) - 百度输入法,让我们共同为建设一个更加富裕、和谐、幸福、法治、文明、美丽的社会主义新西藏而努力奋斗！,
39,5,"W'U'D1",3,无,1558125747,2019/5/17 20:42:26,中文(简体) - 百度输入法,无,
40,5,"X'K'Z'D1",4,许可证,1558125749,2019/5/17 20:42:28,中文(简体) - 百度输入法,无许可证,
41,5,"P'A'I'D1",4,排,1558125751,2019/5/17 20:42:31,中文(简体) - 百度输入法,无许可证排,
42,5,"W'U'S'D1",4,污水,1558125753,2019/5/17 20:42:32,中文(简体) - 百度输入法,无许可证排污水,
43,5,"Z'U'I'G'D1",5,最高,1558125755,2019/5/17 20:42:34,中文(简体) - 百度输入法,无许可证排污水最高,
44,5,"K'E'D1",3,可,1558125756,2019/5/17 20:42:36,中文(简体) - 百度输入法,无许可证排污水最高可,
45,5,"F'A'D1",3,罚,1558125758,2019/5/17 20:42:38,中文(简体) - 百度输入法,无许可证排污水最高可罚,
46,5,D5,1,5,1558125759,2019/5/17 20:42:39,中文(简体) - 百度输入法,无许可证排污水最高可罚5,
47,5,D0,1,0,1558125760,2019/5/17 20:42:39,中文(简体) - 百度输入法,无许可证排污水最高可罚50,
48,5,"W'A'N'D1",4,万,1558125761,2019/5/17 20:42:41,中文(简体) - 百度输入法,无许可证排污水最高可罚50万,
49,5,"Y'U'A'N'D1",5,元,1558125763,2019/5/17 20:42:42,中文(简体) - 百度输入法,无许可证排污水最高可罚50万元,
50,3,"B'E'N'C'I'D1",6,本次,1558125770,2019/5/17 20:42:49,中文(简体) - 百度输入法,本次,
51,3,"K'U'A'N'I'A'N'D1",8,跨年,1558125773,2019/5/17 20:42:53,中文(简体) - 百度输入法,本次跨年,
52,3,"P'A'I'D'U'I'D2",7,派对,1558125780,2019/5/17 20:42:59,中文(简体) - 百度输入法,本次跨年派对,
53,3,"S'H'I'D1",4,是,1558125781,2019/5/17 20:43:01,中文(简体) - 百度输入法,本次跨年派对是,
54,3,"Q'U'A'N'G'U'O'D1",8,全国,1558125785,2019/5/17 20:43:05,中文(简体) - 百度输入法,本次跨年派对是全国,
55,3,"S'H'O'U'C'I'D1",7,首次,1558125787,2019/5/17 20:43:07,中文(简体) - 百度输入法,本次跨年派对是全国首次,
56,3,"Y'O'U'D3",4,由,1558125790,2019/5/17 20:43:09,中文(简体) - 百度输入法,本次跨年派对是全国首次由,
57,3,"Z'H'E'N'G'W'U'D1",8,政务,1558125792,2019/5/17 20:43:12,中文(简体) - 百度输入法,本次跨年派对是全国首次由政务,
58,3,"W'E'I'B'D1",5,微博,1558125794,2019/5/17 20:43:14,中文(简体) - 百度输入法,本次跨年派对是全国首次由政务微博,
59,3,"Y'U'D1",3,与,1558125796,2019/5/17 20:43:15,中文(简体) - 百度输入法,本次跨年派对是全国首次由政务微博与,
60,3,"C'A'O'G'E'N'G'Back'D1",9,草根,1558125800,2019/5/17 20:43:19,中文(简体) - 百度输入法,本次跨年派对是全国首次由政务微博与草根,
61,3,"W'E'I'B'D1",5,微博,1558125802,2019/5/17 20:43:22,中文(简体) - 百度输入法,本次跨年派对是全国首次由政务微博与草根微博,
62,3,OemQuestion,1,、,1558125803,2019/5/17 20:43:23,中文(简体) - 百度输入法,本次跨年派对是全国首次由政务微博与草根微博、,
63,3,"M'J'I'A'N'D3",6,民间,1558125807,2019/5/17 20:43:26,中文(简体) - 百度输入法,本次跨年派对是全国首次由政务微博与草根微博、民间,
64,3,"L'I'L'D1",4,力量,1558125808,2019/5/17 20:43:28,中文(简体) - 百度输入法,本次跨年派对是全国首次由政务微博与草根微博、民间力量,
65,3,"L'I'A'N'S'H'O'U'D2",9,联手,1558125811,2019/5/17 20:43:31,中文(简体) - 百度输入法,本次跨年派对是全国首次由政务微博与草根微博、民间力量联手,
66,3,"J'U'B'A'Back'D1",6,举办,1558125814,2019/5/17 20:43:34,中文(简体) - 百度输入法,本次跨年派对是全国首次由政务微博与草根微博、民间力量联手举办,
67,3,"D'D1",2,的,1558125816,2019/5/17 20:43:35,中文(简体) - 百度输入法,本次跨年派对是全国首次由政务微博与草根微博、民间力量联手举办的,
68,3,"W'A'N'G'L'U'O'D1",8,网络,1558125819,2019/5/17 20:43:38,中文(简体) - 百度输入法,本次跨年派对是全国首次由政务微博与草根微博、民间力量联手举办的网络,
69,3,"H'U'O'D'D1",5,活动,1558125821,2019/5/17 20:43:40,中文(简体) - 百度输入法,本次跨年派对是全国首次由政务微博与草根微博、民间力量联手举办的网络活动,
70,3,OemComma,1,，,1558125822,2019/5/17 20:43:41,中文(简体) - 百度输入法,本次跨年派对是全国首次由政务微博与草根微博、民间力量联手举办的网络活动，,
71,3,"Y'E'S'H'I'D1",6,也是,1558125823,2019/5/17 20:43:43,中文(简体) - 百度输入法,本次跨年派对是全国首次由政务微博与草根微博、民间力量联手举办的网络活动，也是,
72,3,D2,1,2,1558125824,2019/5/17 20:43:43,中文(简体) - 百度输入法,本次跨年派对是全国首次由政务微博与草根微博、民间力量联手举办的网络活动，也是2,
73,3,D0,1,0,1558125824,2019/5/17 20:43:44,中文(简体) - 百度输入法,本次跨年派对是全国首次由政务微博与草根微博、民间力量联手举办的网络活动，也是20,
74,3,D1,1,1,1558125824,2019/5/17 20:43:44,中文(简体) - 百度输入法,本次跨年派对是全国首次由政务微博与草根微博、民间力量联手举办的网络活动，也是201,
75,3,D3,1,3,1558125825,2019/5/17 20:43:44,中文(简体) - 百度输入法,本次跨年派对是全国首次由政务微博与草根微博、民间力量联手举办的网络活动，也是2013,
76,3,"N'I'A'N'D1",5,年,1558125826,2019/5/17 20:43:46,中文(简体) - 百度输入法,本次跨年派对是全国首次由政务微博与草根微博、民间力量联手举办的网络活动，也是2013年,
77,3,"D'U'D1",3,度,1558125827,2019/5/17 20:43:47,中文(简体) - 百度输入法,本次跨年派对是全国首次由政务微博与草根微博、民间力量联手举办的网络活动，也是2013年度,
78,3,"X'I'N'J'I'A'N'G'D1",9,新疆,1558125830,2019/5/17 20:43:50,中文(简体) - 百度输入法,本次跨年派对是全国首次由政务微博与草根微博、民间力量联手举办的网络活动，也是2013年度新疆,
79,3,"W'A'N'G'L'U'O'D1",8,网络,1558125833,2019/5/17 20:43:53,中文(简体) - 百度输入法,本次跨年派对是全国首次由政务微博与草根微博、民间力量联手举办的网络活动，也是2013年度新疆网络,
80,3,"W'E'N'H'U'A'D1",7,文化,1558125835,2019/5/17 20:43:54,中文(简体) - 百度输入法,本次跨年派对是全国首次由政务微博与草根微博、民间力量联手举办的网络活动，也是2013年度新疆网络文化,
81,3,"X'I'L'D2",4,系列,1558125838,2019/5/17 20:43:57,中文(简体) - 百度输入法,本次跨年派对是全国首次由政务微博与草根微博、民间力量联手举办的网络活动，也是2013年度新疆网络文化系列,
82,3,"H'U'O'D'D1",5,活动,1558125840,2019/5/17 20:43:59,中文(简体) - 百度输入法,本次跨年派对是全国首次由政务微博与草根微博、民间力量联手举办的网络活动，也是2013年度新疆网络文化系列活动,
83,3,"Z'H'I'Y'D1",5,之一,1558125841,2019/5/17 20:44:01,中文(简体) - 百度输入法,本次跨年派对是全国首次由政务微博与草根微博、民间力量联手举办的网络活动，也是2013年度新疆网络文化系列活动之一,
84,3,OemPeriod,1,。,1558125842,2019/5/17 20:44:02,中文(简体) - 百度输入法,本次跨年派对是全国首次由政务微博与草根微博、民间力量联手举办的网络活动，也是2013年度新疆网络文化系列活动之一。,
85,3,"J'I'E'Z'H'U'D1",7,借助,1558125844,2019/5/17 20:44:04,中文(简体) - 百度输入法,本次跨年派对是全国首次由政务微博与草根微博、民间力量联手举办的网络活动，也是2013年度新疆网络文化系列活动之一。借助,
86,3,"W'A'N'G'L'D1",6,网络,1558125847,2019/5/17 20:44:06,中文(简体) - 百度输入法,本次跨年派对是全国首次由政务微博与草根微博、民间力量联手举办的网络活动，也是2013年度新疆网络文化系列活动之一。借助网络,
87,3,"P'T'D1",3,平台,1558125848,2019/5/17 20:44:08,中文(简体) - 百度输入法,本次跨年派对是全国首次由政务微博与草根微博、民间力量联手举办的网络活动，也是2013年度新疆网络文化系列活动之一。借助网络平台,
88,3,"H'E'D1",3,和,1558125850,2019/5/17 20:44:09,中文(简体) - 百度输入法,本次跨年派对是全国首次由政务微博与草根微博、民间力量联手举办的网络活动，也是2013年度新疆网络文化系列活动之一。借助网络平台和,
89,3,"P'A'I'D'U'I'D1",7,派对,1558125852,2019/5/17 20:44:12,中文(简体) - 百度输入法,本次跨年派对是全国首次由政务微博与草根微博、民间力量联手举办的网络活动，也是2013年度新疆网络文化系列活动之一。借助网络平台和派对,
90,3,"M'O'S'H'I'D1",6,模式,1558125854,2019/5/17 20:44:14,中文(简体) - 百度输入法,本次跨年派对是全国首次由政务微博与草根微博、民间力量联手举办的网络活动，也是2013年度新疆网络文化系列活动之一。借助网络平台和派对模式,
91,3,OemComma,1,，,1558125855,2019/5/17 20:44:15,中文(简体) - 百度输入法,本次跨年派对是全国首次由政务微博与草根微博、民间力量联手举办的网络活动，也是2013年度新疆网络文化系列活动之一。借助网络平台和派对模式，,
92,3,"Z'H'U'D'D1",5,主动,1558125857,2019/5/17 20:44:17,中文(简体) - 百度输入法,本次跨年派对是全国首次由政务微博与草根微博、民间力量联手举办的网络活动，也是2013年度新疆网络文化系列活动之一。借助网络平台和派对模式，主动,
93,3,Back,1,-动,1558125858,2019/5/17 20:44:17,中文(简体) - 百度输入法,本次跨年派对是全国首次由政务微博与草根微博、民间力量联手举办的网络活动，也是2013年度新疆网络文化系列活动之一。借助网络平台和派对模式，主,
94,3,"D'A'D2",3,打,1558125859,2019/5/17 20:44:19,中文(简体) - 百度输入法,本次跨年派对是全国首次由政务微博与草根微博、民间力量联手举办的网络活动，也是2013年度新疆网络文化系列活动之一。借助网络平台和派对模式，主打,
95,3,"S'H'I'S'H'A'N'G'D1",9,时尚,1558125862,2019/5/17 20:44:21,中文(简体) - 百度输入法,本次跨年派对是全国首次由政务微博与草根微博、民间力量联手举办的网络活动，也是2013年度新疆网络文化系列活动之一。借助网络平台和派对模式，主打时尚,
96,3,"X'I'N'J'I'A'N'G'D1",9,新疆,1558125865,2019/5/17 20:44:25,中文(简体) - 百度输入法,本次跨年派对是全国首次由政务微博与草根微博、民间力量联手举办的网络活动，也是2013年度新疆网络文化系列活动之一。借助网络平台和派对模式，主打时尚新疆,
97,3,OemComma,1,，,1558125866,2019/5/17 20:44:26,中文(简体) - 百度输入法,本次跨年派对是全国首次由政务微博与草根微博、民间力量联手举办的网络活动，也是2013年度新疆网络文化系列活动之一。借助网络平台和派对模式，主打时尚新疆，,
98,3,"Z'H'Back'Back'C'H'U'A'N'B'O'D1",12,传播,1558125870,2019/5/17 20:44:29,中文(简体) - 百度输入法,本次跨年派对是全国首次由政务微博与草根微博、民间力量联手举办的网络活动，也是2013年度新疆网络文化系列活动之一。借助网络平台和派对模式，主打时尚新疆，传播,
99,3,"Z'H'E'N'G'D2",6,正,1558125872,2019/5/17 20:44:31,中文(简体) - 百度输入法,本次跨年派对是全国首次由政务微博与草根微博、民间力量联手举办的网络活动，也是2013年度新疆网络文化系列活动之一。借助网络平台和派对模式，主打时尚新疆，传播正,
100,3,"N'E'N'G'L'I'A'N'G'D1",10,能量,1558125874,2019/5/17 20:44:34,中文(简体) - 百度输入法,本次跨年派对是全国首次由政务微博与草根微博、民间力量联手举办的网络活动，也是2013年度新疆网络文化系列活动之一。借助网络平台和派对模式，主打时尚新疆，传播正能量,
101,3,OemComma,1,，,1558125875,2019/5/17 20:44:35,中文(简体) - 百度输入法,本次跨年派对是全国首次由政务微博与草根微博、民间力量联手举办的网络活动，也是2013年度新疆网络文化系列活动之一。借助网络平台和派对模式，主打时尚新疆，传播正能量，,
102,3,"R'A'N'G'D1",5,让,1558125876,2019/5/17 20:44:36,中文(简体) - 百度输入法,本次跨年派对是全国首次由政务微博与草根微博、民间力量联手举办的网络活动，也是2013年度新疆网络文化系列活动之一。借助网络平台和派对模式，主打时尚新疆，传播正能量，让,
103,3,"G'E'N'G'D'U'O'D1",8,更多,1558125878,2019/5/17 20:44:38,中文(简体) - 百度输入法,本次跨年派对是全国首次由政务微博与草根微博、民间力量联手举办的网络活动，也是2013年度新疆网络文化系列活动之一。借助网络平台和派对模式，主打时尚新疆，传播正能量，让更多,
104,3,"D'D1",2,的,1558125880,2019/5/17 20:44:39,中文(简体) - 百度输入法,本次跨年派对是全国首次由政务微博与草根微博、民间力量联手举办的网络活动，也是2013年度新疆网络文化系列活动之一。借助网络平台和派对模式，主打时尚新疆，传播正能量，让更多的,
105,3,"R'E'N'D1",4,人,1558125881,2019/5/17 20:44:41,中文(简体) - 百度输入法,本次跨年派对是全国首次由政务微博与草根微博、民间力量联手举办的网络活动，也是2013年度新疆网络文化系列活动之一。借助网络平台和派对模式，主打时尚新疆，传播正能量，让更多的人,
106,3,"K'A'N'D'A'O'D1",7,看到,1558125883,2019/5/17 20:44:43,中文(简体) - 百度输入法,本次跨年派对是全国首次由政务微博与草根微博、民间力量联手举办的网络活动，也是2013年度新疆网络文化系列活动之一。借助网络平台和派对模式，主打时尚新疆，传播正能量，让更多的人看到,
107,3,"X'I'N'J'I'A'N'G'D1",9,新疆,1558125886,2019/5/17 20:44:45,中文(简体) - 百度输入法,本次跨年派对是全国首次由政务微博与草根微博、民间力量联手举办的网络活动，也是2013年度新疆网络文化系列活动之一。借助网络平台和派对模式，主打时尚新疆，传播正能量，让更多的人看到新疆,
108,3,"D'D1",2,的,1558125886,2019/5/17 20:44:46,中文(简体) - 百度输入法,本次跨年派对是全国首次由政务微博与草根微博、民间力量联手举办的网络活动，也是2013年度新疆网络文化系列活动之一。借助网络平台和派对模式，主打时尚新疆，传播正能量，让更多的人看到新疆的,
109,3,"F'A'Z'D2",4,发展,1558125888,2019/5/17 20:44:48,中文(简体) - 百度输入法,本次跨年派对是全国首次由政务微博与草根微博、民间力量联手举办的网络活动，也是2013年度新疆网络文化系列活动之一。借助网络平台和派对模式，主打时尚新疆，传播正能量，让更多的人看到新疆的发展,
110,3,"B'I'A'N'H'D1",6,变化,1558125890,2019/5/17 20:44:50,中文(简体) - 百度输入法,本次跨年派对是全国首次由政务微博与草根微博、民间力量联手举办的网络活动，也是2013年度新疆网络文化系列活动之一。借助网络平台和派对模式，主打时尚新疆，传播正能量，让更多的人看到新疆的发展变化,
111,3,OemPeriod,1,。,1558125891,2019/5/17 20:44:51,中文(简体) - 百度输入法,本次跨年派对是全国首次由政务微博与草根微博、民间力量联手举办的网络活动，也是2013年度新疆网络文化系列活动之一。借助网络平台和派对模式，主打时尚新疆，传播正能量，让更多的人看到新疆的发展变化。,
