﻿ID,TID,Keyboard,KeyLength,MapText,TimeStamp,Time,IME,CurText
1,7,"W'U'D1",3,无,1558126417,2019/5/17 20:53:36,搜狗拼音输入法,无,
2,7,"X'U'E'K'Z'Back'Back'Back'K'Z'D1",11,许可证,1558126424,2019/5/17 20:53:43,搜狗拼音输入法,无许可证,
3,7,"P'A'I'D4",4,排,1558126429,2019/5/17 20:53:49,搜狗拼音输入法,无许可证排,
4,7,"W'U'S'D1",4,污水,1558126431,2019/5/17 20:53:50,搜狗拼音输入法,无许可证排污水,
5,7,"Z'U'I'G'D1",5,最高,1558126433,2019/5/17 20:53:53,搜狗拼音输入法,无许可证排污水最高,
6,7,"K'E'D1",3,可,1558126435,2019/5/17 20:53:55,搜狗拼音输入法,无许可证排污水最高可,
7,7,"F'A'D3",3,罚,1558126437,2019/5/17 20:53:57,搜狗拼音输入法,无许可证排污水最高可罚,
8,7,D5,1,5,1558126439,2019/5/17 20:53:58,搜狗拼音输入法,无许可证排污水最高可罚5,
9,7,D0,1,0,1558126439,2019/5/17 20:53:59,搜狗拼音输入法,无许可证排污水最高可罚50,
10,7,"W'A'N'D1",4,万,1558126441,2019/5/17 20:54:00,搜狗拼音输入法,无许可证排污水最高可罚50万,
11,7,"Y'U'A'N'D1",5,元,1558126442,2019/5/17 20:54:02,搜狗拼音输入法,无许可证排污水最高可罚50万元,
12,1,"R'A'N'G'D1",5,让,1558126448,2019/5/17 20:54:08,搜狗拼音输入法,让,
13,1,"W'M'D1",3,我们,1558126449,2019/5/17 20:54:09,搜狗拼音输入法,让我们,
14,1,"G'T'D1",3,共同,1558126451,2019/5/17 20:54:11,搜狗拼音输入法,让我们共同,
15,1,"W'E'I'D1",4,为,1558126452,2019/5/17 20:54:12,搜狗拼音输入法,让我们共同为,
16,1,"J'I'A'N'S'D1",6,建设,1558126454,2019/5/17 20:54:14,搜狗拼音输入法,让我们共同为建设,
17,1,"Y'G'D1",3,一个,1558126456,2019/5/17 20:54:15,搜狗拼音输入法,让我们共同为建设一个,
18,1,"G'J'D3",3,更加,1558126459,2019/5/17 20:54:18,搜狗拼音输入法,让我们共同为建设一个更加,
19,1,"F'U'Y'D2",4,富裕,1558126461,2019/5/17 20:54:21,搜狗拼音输入法,让我们共同为建设一个更加富裕,
20,1,OemQuestion,1, ,1558126462,2019/5/17 20:54:22,搜狗拼音输入法,让我们共同为建设一个更加富裕 ,
21,1,"H'E'X'D2",4,、和谐,1558126465,2019/5/17 20:54:24,搜狗拼音输入法,让我们共同为建设一个更加富裕、和谐,
22,1,OemQuestion,1, ,1558126465,2019/5/17 20:54:25,搜狗拼音输入法,让我们共同为建设一个更加富裕、和谐 ,
23,1,"X'I'N'G'H'U'Back'Back'Back'H'U'Back'Back'F'U'Back'Back'G'F'U'D1",21,、幸福,1558126476,2019/5/17 20:54:35,搜狗拼音输入法,让我们共同为建设一个更加富裕、和谐、幸福,
24,1,OemQuestion,1, ,1558126477,2019/5/17 20:54:37,搜狗拼音输入法,让我们共同为建设一个更加富裕、和谐、幸福 ,
25,1,"F'A'Z'H'I'D3",6,、法治,1558126481,2019/5/17 20:54:41,搜狗拼音输入法,让我们共同为建设一个更加富裕、和谐、幸福、法治,
26,1,OemQuestion,1, ,1558126482,2019/5/17 20:54:42,搜狗拼音输入法,让我们共同为建设一个更加富裕、和谐、幸福、法治 ,
27,1,"W'E'N'M'D1",5,、文明,1558126484,2019/5/17 20:54:43,搜狗拼音输入法,让我们共同为建设一个更加富裕、和谐、幸福、法治、文明,
28,1,OemQuestion,1, ,1558126485,2019/5/17 20:54:44,搜狗拼音输入法,让我们共同为建设一个更加富裕、和谐、幸福、法治、文明 ,
29,1,"M'E'I'L'D2",5,、美丽,1558126487,2019/5/17 20:54:46,搜狗拼音输入法,让我们共同为建设一个更加富裕、和谐、幸福、法治、文明、美丽,
30,1,"D'D1",2,的,1558126488,2019/5/17 20:54:47,搜狗拼音输入法,让我们共同为建设一个更加富裕、和谐、幸福、法治、文明、美丽的,
31,1,"S'H'E'H'U'I'Z'Y'D1",9,社会主义,1558126491,2019/5/17 20:54:50,搜狗拼音输入法,让我们共同为建设一个更加富裕、和谐、幸福、法治、文明、美丽的社会主义,
32,1,"X'I'N'D1",4,新,1558126493,2019/5/17 20:54:53,搜狗拼音输入法,让我们共同为建设一个更加富裕、和谐、幸福、法治、文明、美丽的社会主义新,
33,1,"X'I'Z'D2",4,西藏,1558126495,2019/5/17 20:54:55,搜狗拼音输入法,让我们共同为建设一个更加富裕、和谐、幸福、法治、文明、美丽的社会主义新西藏,
34,1,"E'R'D1",3,二,1558126497,2019/5/17 20:54:56,搜狗拼音输入法,让我们共同为建设一个更加富裕、和谐、幸福、法治、文明、美丽的社会主义新西藏二,
35,1,Back,1,-二,1558126497,2019/5/17 20:54:57,搜狗拼音输入法,让我们共同为建设一个更加富裕、和谐、幸福、法治、文明、美丽的社会主义新西藏,
36,1,"E'R'D3",3,而,1558126499,2019/5/17 20:54:59,搜狗拼音输入法,让我们共同为建设一个更加富裕、和谐、幸福、法治、文明、美丽的社会主义新西藏而,
37,1,"L'U'L'I'Back'Back'Back'Back'N'U'L'I'D1",13,努力,1558126504,2019/5/17 20:55:04,搜狗拼音输入法,让我们共同为建设一个更加富裕、和谐、幸福、法治、文明、美丽的社会主义新西藏而努力,
38,1,"F'E'N'D'D1",5,奋斗,1558126507,2019/5/17 20:55:06,搜狗拼音输入法,让我们共同为建设一个更加富裕、和谐、幸福、法治、文明、美丽的社会主义新西藏而努力奋斗,
39,1,"RightShift'D1",2, ,1558126508,2019/5/17 20:55:07,搜狗拼音输入法,让我们共同为建设一个更加富裕、和谐、幸福、法治、文明、美丽的社会主义新西藏而努力奋斗 ,
40,5,"W'U'D1",3,无,1558126513,2019/5/17 20:55:12,搜狗拼音输入法,无,
41,5,"X'K'Z'D1",4,许可证,1558126514,2019/5/17 20:55:14,搜狗拼音输入法,无许可证,
42,5,"P'A'I'D1",4,排,1558126516,2019/5/17 20:55:15,搜狗拼音输入法,无许可证排,
43,5,"W'S'D1",3,污水,1558126517,2019/5/17 20:55:17,搜狗拼音输入法,无许可证排污水,
44,5,"Z'U'I'G'D1",5,最高,1558126520,2019/5/17 20:55:19,搜狗拼音输入法,无许可证排污水最高,
45,5,"K'E'F'A'D2",5,可罚,1558126523,2019/5/17 20:55:23,搜狗拼音输入法,无许可证排污水最高可罚,
46,5,D5,1,5,1558126524,2019/5/17 20:55:24,搜狗拼音输入法,无许可证排污水最高可罚5,
47,5,D9,1,9,1558126525,2019/5/17 20:55:24,搜狗拼音输入法,无许可证排污水最高可罚59,
48,5,Back,1,-9,1558126526,2019/5/17 20:55:26,搜狗拼音输入法,无许可证排污水最高可罚5,
49,5,D0,1,0,1558126527,2019/5/17 20:55:26,搜狗拼音输入法,无许可证排污水最高可罚50,
50,5,"W'A'N'D1",4,万,1558126528,2019/5/17 20:55:27,搜狗拼音输入法,无许可证排污水最高可罚50万,
51,5,"Y'U'A'N'D1",5,元,1558126529,2019/5/17 20:55:29,搜狗拼音输入法,无许可证排污水最高可罚50万元,
