﻿ID,TID,Keyboard,KeyLength,MapText,TimeStamp,Time,IME,CurText
1,8,"S'H'U'H'D2",5,术后,1558127504,2019/5/17 21:11:44,搜狗拼音输入法,术后,
2,8,"Z'D'U'A'N'D3",6,诊断,1558127509,2019/5/17 21:11:49,搜狗拼音输入法,术后诊断,
3,8,"RightShift'Oem1",2, ,1558127511,2019/5/17 21:11:50,搜狗拼音输入法,术后诊断 ,
4,8,"S'H'U'A'N'G'D2",7,：双,1558127512,2019/5/17 21:11:52,搜狗拼音输入法,术后诊断：双,
5,8,"L'C'A'O'Back'Back'Back'U'A'N'C'A'O'Back'Back'Back'Back'Back'Back'Back'L'U'A'N'C'H'A'O'D1",29,卵巢,1558127525,2019/5/17 21:12:04,搜狗拼音输入法,术后诊断：双卵巢,
6,8,"X'I'A'N'A'I'D3",7,腺癌,1558127529,2019/5/17 21:12:08,搜狗拼音输入法,术后诊断：双卵巢腺癌,
7,8,"RightShift'I'I'B'Return",5,IIB,1558127532,2019/5/17 21:12:12,搜狗拼音输入法,术后诊断：双卵巢腺癌IIB,
8,8,"Q'I'D'D2",4,期待,1558127535,2019/5/17 21:12:15,搜狗拼音输入法,术后诊断：双卵巢腺癌IIB期待,
9,8,Back,1,-待,1558127536,2019/5/17 21:12:16,搜狗拼音输入法,术后诊断：双卵巢腺癌IIB期,
10,8,OemPeriod,1, ,1558127538,2019/5/17 21:12:17,搜狗拼音输入法,术后诊断：双卵巢腺癌IIB期 ,
11,2,"H'U'A'N'E'R'D1",7,患儿,1558127543,2019/5/17 21:12:22,搜狗拼音输入法,患儿,
12,2,D1,1,1,1558127543,2019/5/17 21:12:23,搜狗拼音输入法,患儿1,
13,2,"T'I'A'N'D1",5,天,1558127545,2019/5/17 21:12:25,搜狗拼音输入法,患儿1天,
14,2,"Q'I'A'N'D1",5,前,1558127547,2019/5/17 21:12:26,搜狗拼音输入法,患儿1天前,
15,2,"W'U'M'X'D1",5,无明显,1558127550,2019/5/17 21:12:29,搜狗拼音输入法,患儿1天前无明显,
16,2,"Y'O'U'X'Back'Y'D1",7,诱因,1558127553,2019/5/17 21:12:33,搜狗拼音输入法,患儿1天前无明显诱因,
17,2,"C'H'U'X'D1",5,出现,1558127555,2019/5/17 21:12:34,搜狗拼音输入法,患儿1天前无明显诱因出现,
18,2,"Z'F'X'D4",4,阵发性,1558127559,2019/5/17 21:12:38,搜狗拼音输入法,患儿1天前无明显诱因出现阵发性,
19,2,"K'U'N'A'O'D2",6,哭闹,1558127562,2019/5/17 21:12:42,搜狗拼音输入法,患儿1天前无明显诱因出现阵发性哭闹,
20,2,OemComma,1, ,1558127563,2019/5/17 21:12:43,搜狗拼音输入法,患儿1天前无明显诱因出现阵发性哭闹 ,
21,2,"B'A'N'S'U'I'D1",7,，伴随,1558127566,2019/5/17 21:12:46,搜狗拼音输入法,患儿1天前无明显诱因出现阵发性哭闹，伴随,
22,2,Back,1,-随,1558127566,2019/5/17 21:12:46,搜狗拼音输入法,患儿1天前无明显诱因出现阵发性哭闹，伴,
23,2,"O'U'T'D1",4,呕吐,1558127569,2019/5/17 21:12:48,搜狗拼音输入法,患儿1天前无明显诱因出现阵发性哭闹，伴呕吐,
24,2,OemComma,1, ,1558127570,2019/5/17 21:12:49,搜狗拼音输入法,患儿1天前无明显诱因出现阵发性哭闹，伴呕吐 ,
25,2,"O'U'T'D1",4,，呕吐,1558127571,2019/5/17 21:12:51,搜狗拼音输入法,患儿1天前无明显诱因出现阵发性哭闹，伴呕吐，呕吐,
26,2,"W'U'W'E'I'Back'Back'Back'D1",9,物,1558127576,2019/5/17 21:12:55,搜狗拼音输入法,患儿1天前无明显诱因出现阵发性哭闹，伴呕吐，呕吐物,
27,2,"W'E'I'D1",4,为,1558127577,2019/5/17 21:12:57,搜狗拼音输入法,患儿1天前无明显诱因出现阵发性哭闹，伴呕吐，呕吐物为,
28,2,"W'E'I'N'R'W'D2",7,胃内容物,1558127582,2019/5/17 21:13:01,搜狗拼音输入法,患儿1天前无明显诱因出现阵发性哭闹，伴呕吐，呕吐物为胃内容物,
29,2,OemComma,1, ,1558127583,2019/5/17 21:13:03,搜狗拼音输入法,患儿1天前无明显诱因出现阵发性哭闹，伴呕吐，呕吐物为胃内容物 ,
30,2,"W'U'D2",3,，无,1558127585,2019/5/17 21:13:04,搜狗拼音输入法,患儿1天前无明显诱因出现阵发性哭闹，伴呕吐，呕吐物为胃内容物，无,
31,2,"K'A'F'E'I'Y'A'N'G'D1",10,咖啡样,1558127589,2019/5/17 21:13:09,搜狗拼音输入法,患儿1天前无明显诱因出现阵发性哭闹，伴呕吐，呕吐物为胃内容物，无咖啡样,
32,2,"W'U'D2",3,物,1558127591,2019/5/17 21:13:11,搜狗拼音输入法,患儿1天前无明显诱因出现阵发性哭闹，伴呕吐，呕吐物为胃内容物，无咖啡样物,
33,2,OemComma,1, ,1558127592,2019/5/17 21:13:12,搜狗拼音输入法,患儿1天前无明显诱因出现阵发性哭闹，伴呕吐，呕吐物为胃内容物，无咖啡样物 ,
34,2,"G'O'N'G'D2",5,，共,1558127594,2019/5/17 21:13:13,搜狗拼音输入法,患儿1天前无明显诱因出现阵发性哭闹，伴呕吐，呕吐物为胃内容物，无咖啡样物，共,
35,2,D5,1,5,1558127595,2019/5/17 21:13:15,搜狗拼音输入法,患儿1天前无明显诱因出现阵发性哭闹，伴呕吐，呕吐物为胃内容物，无咖啡样物，共5,
36,2,"C'I'D1",3,次,1558127596,2019/5/17 21:13:16,搜狗拼音输入法,患儿1天前无明显诱因出现阵发性哭闹，伴呕吐，呕吐物为胃内容物，无咖啡样物，共5次,
37,2,OemPeriod,1, ,1558127597,2019/5/17 21:13:17,搜狗拼音输入法,患儿1天前无明显诱因出现阵发性哭闹，伴呕吐，呕吐物为胃内容物，无咖啡样物，共5次 ,
