﻿ID,TID,Keyboard,KeyLength,MapText,TimeStamp,Time,IME,CurText
1,8,"S'H'U'H'O'U'D1",7,术后,1558126754,2019/5/17 20:59:14,中文(简体) - 百度输入法,术后,
2,8,"Z'D'U'A'N'D4",6,诊断,1558126759,2019/5/17 20:59:19,中文(简体) - 百度输入法,术后诊断,
3,8,"RightShift'Oem1",2,：,1558126761,2019/5/17 20:59:20,中文(简体) - 百度输入法,术后诊断：,
4,8,"S'H'U'A'N'G'D1",7,双,1558126764,2019/5/17 20:59:23,中文(简体) - 百度输入法,术后诊断：双,
5,8,"L'C'A'O'Back'D1",6,卵巢癌,1558126770,2019/5/17 20:59:30,中文(简体) - 百度输入法,术后诊断：双卵巢癌,
6,8,Back,1,-癌,1558126771,2019/5/17 20:59:30,中文(简体) - 百度输入法,术后诊断：双卵巢,
7,8,"X'I'A'N'A'N'Back'I'D3",9,腺癌,1558126776,2019/5/17 20:59:35,中文(简体) - 百度输入法,术后诊断：双卵巢腺癌,
8,8,"RightShift'I'I'B'Return",5,IIB,1558126779,2019/5/17 20:59:39,中文(简体) - 百度输入法,术后诊断：双卵巢腺癌IIB,
9,8,"Q'I'D3",3,期,1558126782,2019/5/17 20:59:41,中文(简体) - 百度输入法,术后诊断：双卵巢腺癌IIB期,
10,8,OemPeriod,1,。,1558126783,2019/5/17 20:59:42,中文(简体) - 百度输入法,术后诊断：双卵巢腺癌IIB期。,
11,2,"H'U'A'N'E'R'D1",7,患儿,1558126789,2019/5/17 20:59:48,中文(简体) - 百度输入法,患儿,
12,2,D1,1,1,1558126790,2019/5/17 20:59:49,中文(简体) - 百度输入法,患儿1,
13,2,"T'I'A'N'D1",5,天,1558126792,2019/5/17 20:59:51,中文(简体) - 百度输入法,患儿1天,
14,2,"Q'I'A'N'D1",5,前,1558126793,2019/5/17 20:59:53,中文(简体) - 百度输入法,患儿1天前,
15,2,"W'U'D1",3,无,1558126795,2019/5/17 20:59:54,中文(简体) - 百度输入法,患儿1天前无,
16,2,"M'I'N'G'X'I'A'N'D1",9,明显,1558126797,2019/5/17 20:59:57,中文(简体) - 百度输入法,患儿1天前无明显,
17,2,"Y'O'U'Y'I'N'D1",7,诱因,1558126800,2019/5/17 20:59:59,中文(简体) - 百度输入法,患儿1天前无明显诱因,
18,2,"C'H'U'X'D1",5,出现,1558126801,2019/5/17 21:00:01,中文(简体) - 百度输入法,患儿1天前无明显诱因出现,
19,2,"Z'F'X'I'N'G'Back'Back'Back'Back'Back'H'E'N'G'F'A'X'I'N'G'D3",22,阵发性,1558126812,2019/5/17 21:00:11,中文(简体) - 百度输入法,患儿1天前无明显诱因出现阵发性,
20,2,"K'U'N'A'O'D2",6,哭闹,1558126815,2019/5/17 21:00:15,中文(简体) - 百度输入法,患儿1天前无明显诱因出现阵发性哭闹,
21,2,OemComma,1,，,1558126817,2019/5/17 21:00:16,中文(简体) - 百度输入法,患儿1天前无明显诱因出现阵发性哭闹，,
22,2,"B'A'N'S'D3",5,伴随,1558126821,2019/5/17 21:00:20,中文(简体) - 百度输入法,患儿1天前无明显诱因出现阵发性哭闹，伴随,
23,2,Back,1,-随,1558126821,2019/5/17 21:00:21,中文(简体) - 百度输入法,患儿1天前无明显诱因出现阵发性哭闹，伴,
24,2,"O'U'T'D2",4,呕吐,1558126824,2019/5/17 21:00:24,中文(简体) - 百度输入法,患儿1天前无明显诱因出现阵发性哭闹，伴呕吐,
25,2,Back,1,-吐,1558126825,2019/5/17 21:00:24,中文(简体) - 百度输入法,患儿1天前无明显诱因出现阵发性哭闹，伴呕,
26,2,"T'U'D3",3,吐,1558126829,2019/5/17 21:00:29,中文(简体) - 百度输入法,患儿1天前无明显诱因出现阵发性哭闹，伴呕吐,
27,2,OemComma,1,，,1558126830,2019/5/17 21:00:30,中文(简体) - 百度输入法,患儿1天前无明显诱因出现阵发性哭闹，伴呕吐，,
28,2,"O'U'T'W'D2",5,呕吐物,1558126833,2019/5/17 21:00:32,中文(简体) - 百度输入法,患儿1天前无明显诱因出现阵发性哭闹，伴呕吐，呕吐物,
29,2,"W'E'I'D1",4,为,1558126834,2019/5/17 21:00:34,中文(简体) - 百度输入法,患儿1天前无明显诱因出现阵发性哭闹，伴呕吐，呕吐物为,
30,2,"W'E'I'N'E'I'R'W'D2",9,胃内容物,1558126839,2019/5/17 21:00:38,中文(简体) - 百度输入法,患儿1天前无明显诱因出现阵发性哭闹，伴呕吐，呕吐物为胃内容物,
31,2,OemComma,1,，,1558126840,2019/5/17 21:00:39,中文(简体) - 百度输入法,患儿1天前无明显诱因出现阵发性哭闹，伴呕吐，呕吐物为胃内容物，,
32,2,"W'U'D1",3,无,1558126841,2019/5/17 21:00:40,中文(简体) - 百度输入法,患儿1天前无明显诱因出现阵发性哭闹，伴呕吐，呕吐物为胃内容物，无,
33,2,"K'F'Y'A'N'G'Back'Back'Back'Back'Back'A'F'E'I'Y'D1",17,咖啡因,1558126850,2019/5/17 21:00:49,中文(简体) - 百度输入法,患儿1天前无明显诱因出现阵发性哭闹，伴呕吐，呕吐物为胃内容物，无咖啡因,
34,2,Back,1,-因,1558126850,2019/5/17 21:00:50,中文(简体) - 百度输入法,患儿1天前无明显诱因出现阵发性哭闹，伴呕吐，呕吐物为胃内容物，无咖啡,
35,2,"Y'A'N'G'D1",5,样,1558126852,2019/5/17 21:00:51,中文(简体) - 百度输入法,患儿1天前无明显诱因出现阵发性哭闹，伴呕吐，呕吐物为胃内容物，无咖啡样,
36,2,"W'U'Z'D1",4,物质,1558126854,2019/5/17 21:00:54,中文(简体) - 百度输入法,患儿1天前无明显诱因出现阵发性哭闹，伴呕吐，呕吐物为胃内容物，无咖啡样物质,
37,2,Back,1,-质,1558126855,2019/5/17 21:00:54,中文(简体) - 百度输入法,患儿1天前无明显诱因出现阵发性哭闹，伴呕吐，呕吐物为胃内容物，无咖啡样物,
38,2,OemComma,1,，,1558126855,2019/5/17 21:00:55,中文(简体) - 百度输入法,患儿1天前无明显诱因出现阵发性哭闹，伴呕吐，呕吐物为胃内容物，无咖啡样物，,
39,2,"G'O'N'G'D2",5,共,1558126857,2019/5/17 21:00:57,中文(简体) - 百度输入法,患儿1天前无明显诱因出现阵发性哭闹，伴呕吐，呕吐物为胃内容物，无咖啡样物，共,
40,2,D5,1,5,1558126859,2019/5/17 21:00:58,中文(简体) - 百度输入法,患儿1天前无明显诱因出现阵发性哭闹，伴呕吐，呕吐物为胃内容物，无咖啡样物，共5,
41,2,"C'I'D1",3,次,1558126860,2019/5/17 21:00:59,中文(简体) - 百度输入法,患儿1天前无明显诱因出现阵发性哭闹，伴呕吐，呕吐物为胃内容物，无咖啡样物，共5次,
42,2,OemPeriod,1,。,1558126861,2019/5/17 21:01:00,中文(简体) - 百度输入法,患儿1天前无明显诱因出现阵发性哭闹，伴呕吐，呕吐物为胃内容物，无咖啡样物，共5次。,
