﻿ID,TID,Keyboard,KeyLength,MapText,TimeStamp,Time,IME,CurText
1,8,"S'H'U'H'D2",5,术后,1558127504,2019/5/17 21:11:44,搜狗拼音输入法,术后,
2,8,"Z'D'U'A'N'D3",6,诊断,1558127509,2019/5/17 21:11:49,搜狗拼音输入法,术后诊断,
3,8,"RightShift'Oem1",2, ,1558127511,2019/5/17 21:11:50,搜狗拼音输入法,术后诊断 ,
4,8,"S'H'U'A'N'G'D2",7,：双,1558127512,2019/5/17 21:11:52,搜狗拼音输入法,术后诊断：双,
5,8,"L'C'A'O'Back'Back'Back'U'A'N'C'A'O'Back'Back'Back'Back'Back'Back'Back'L'U'A'N'C'H'A'O'D1",29,卵巢,1558127525,2019/5/17 21:12:04,搜狗拼音输入法,术后诊断：双卵巢,
6,8,"X'I'A'N'A'I'D3",7,腺癌,1558127529,2019/5/17 21:12:08,搜狗拼音输入法,术后诊断：双卵巢腺癌,
7,8,"RightShift'I'I'B'Return",5,IIB,1558127532,2019/5/17 21:12:12,搜狗拼音输入法,术后诊断：双卵巢腺癌IIB,
8,8,"Q'I'D'D2",4,期待,1558127535,2019/5/17 21:12:15,搜狗拼音输入法,术后诊断：双卵巢腺癌IIB期待,
9,8,Back,1,-待,1558127536,2019/5/17 21:12:16,搜狗拼音输入法,术后诊断：双卵巢腺癌IIB期,
10,8,OemPeriod,1, ,1558127538,2019/5/17 21:12:17,搜狗拼音输入法,术后诊断：双卵巢腺癌IIB期 ,
