﻿ID,TID,Keyboard,KeyLength,MapText,TimeStamp,Time,IME,CurText
1,7,"W'U'D1",3,无,1558127178,2019/5/17 21:06:18,搜狗输入法医生版,无,
2,7,"X'K'Z'D1",4,许可证,1558127181,2019/5/17 21:06:21,搜狗输入法医生版,无许可证,
3,7,"P'A'I'D4",4,排,1558127185,2019/5/17 21:06:25,搜狗输入法医生版,无许可证排,
4,7,"W'S'D2",3,污水,1558127187,2019/5/17 21:06:26,搜狗输入法医生版,无许可证排污水,
5,7,"Z'U'I'G'D1",5,最高,1558127190,2019/5/17 21:06:29,搜狗输入法医生版,无许可证排污水最高,
6,7,"K'E'D1",3,可,1558127191,2019/5/17 21:06:30,搜狗输入法医生版,无许可证排污水最高可,
7,7,"F'A'D3",3,罚,1558127194,2019/5/17 21:06:33,搜狗输入法医生版,无许可证排污水最高可罚,
8,7,D5,1,5,1558127195,2019/5/17 21:06:34,搜狗输入法医生版,无许可证排污水最高可罚5,
9,7,D0,1,0,1558127195,2019/5/17 21:06:35,搜狗输入法医生版,无许可证排污水最高可罚50,
10,7,"W'A'N'D1",4,万,1558127197,2019/5/17 21:06:37,搜狗输入法医生版,无许可证排污水最高可罚50万,
11,7,"Y'U'A'N'D1",5,元,1558127199,2019/5/17 21:06:38,搜狗输入法医生版,无许可证排污水最高可罚50万元,
12,1,"R'A'N'G'D1",5,让,1558127204,2019/5/17 21:06:43,搜狗输入法医生版,让,
13,1,"W'M'D1",3,我妈,1558127205,2019/5/17 21:06:45,搜狗输入法医生版,让我妈,
14,1,Back,1,-妈,1558127206,2019/5/17 21:06:45,搜狗输入法医生版,让我,
15,1,"M'E'N'D1",4,们,1558127207,2019/5/17 21:06:47,搜狗输入法医生版,让我们,
16,1,"G'T'D1",3,共同,1558127209,2019/5/17 21:06:49,搜狗输入法医生版,让我们共同,
17,1,"W'E'I'D1",4,为,1558127211,2019/5/17 21:06:50,搜狗输入法医生版,让我们共同为,
18,1,"J'I'A'N'S'D1",6,建设,1558127212,2019/5/17 21:06:52,搜狗输入法医生版,让我们共同为建设,
19,1,"Y'I'G'D1",4,一个,1558127214,2019/5/17 21:06:54,搜狗输入法医生版,让我们共同为建设一个,
20,1,"G'J'I'A'D2",5,更加,1558127217,2019/5/17 21:06:57,搜狗输入法医生版,让我们共同为建设一个更加,
21,1,"F'U'Y'D2",4,富裕,1558127220,2019/5/17 21:07:00,搜狗输入法医生版,让我们共同为建设一个更加富裕,
22,1,OemQuestion,1, ,1558127222,2019/5/17 21:07:01,搜狗输入法医生版,让我们共同为建设一个更加富裕 ,
23,1,"H'E'X'D2",4,、和谐,1558127224,2019/5/17 21:07:04,搜狗输入法医生版,让我们共同为建设一个更加富裕、和谐,
24,1,OemQuestion,1, ,1558127225,2019/5/17 21:07:05,搜狗输入法医生版,让我们共同为建设一个更加富裕、和谐 ,
25,1,"X'I'N'G'F'U'D1",7,、幸福,1558127228,2019/5/17 21:07:07,搜狗输入法医生版,让我们共同为建设一个更加富裕、和谐、幸福,
26,1,OemQuestion,1, ,1558127228,2019/5/17 21:07:08,搜狗输入法医生版,让我们共同为建设一个更加富裕、和谐、幸福 ,
27,1,"F'A'Z'H'I'D3",6,、法治,1558127233,2019/5/17 21:07:12,搜狗输入法医生版,让我们共同为建设一个更加富裕、和谐、幸福、法治,
28,1,OemQuestion,1, ,1558127234,2019/5/17 21:07:14,搜狗输入法医生版,让我们共同为建设一个更加富裕、和谐、幸福、法治 ,
29,1,"W'E'N'M'D1",5,、文明,1558127235,2019/5/17 21:07:15,搜狗输入法医生版,让我们共同为建设一个更加富裕、和谐、幸福、法治、文明,
30,1,OemQuestion,1, ,1558127236,2019/5/17 21:07:16,搜狗输入法医生版,让我们共同为建设一个更加富裕、和谐、幸福、法治、文明 ,
31,1,"M'E'I'L'D2",5,、美丽,1558127238,2019/5/17 21:07:18,搜狗输入法医生版,让我们共同为建设一个更加富裕、和谐、幸福、法治、文明、美丽,
32,1,"D'D1",2,的,1558127239,2019/5/17 21:07:18,搜狗输入法医生版,让我们共同为建设一个更加富裕、和谐、幸福、法治、文明、美丽的,
33,1,"S'H'E'H'U'I'Z'Y'D1",9,社会主义,1558127243,2019/5/17 21:07:23,搜狗输入法医生版,让我们共同为建设一个更加富裕、和谐、幸福、法治、文明、美丽的社会主义,
34,1,"X'I'N'D1",4,新,1558127245,2019/5/17 21:07:24,搜狗输入法医生版,让我们共同为建设一个更加富裕、和谐、幸福、法治、文明、美丽的社会主义新,
35,1,"X'I'Z'D2",4,西藏,1558127247,2019/5/17 21:07:26,搜狗输入法医生版,让我们共同为建设一个更加富裕、和谐、幸福、法治、文明、美丽的社会主义新西藏,
36,1,"E'R'D3",3,而,1558127250,2019/5/17 21:07:29,搜狗输入法医生版,让我们共同为建设一个更加富裕、和谐、幸福、法治、文明、美丽的社会主义新西藏而,
37,1,"N'U'L'D1",4,努力,1558127252,2019/5/17 21:07:31,搜狗输入法医生版,让我们共同为建设一个更加富裕、和谐、幸福、法治、文明、美丽的社会主义新西藏而努力,
38,1,"F'E'N'D'D1",5,奋斗,1558127254,2019/5/17 21:07:34,搜狗输入法医生版,让我们共同为建设一个更加富裕、和谐、幸福、法治、文明、美丽的社会主义新西藏而努力奋斗,
39,1,"RightShift'D1",2, ,1558127255,2019/5/17 21:07:34,搜狗输入法医生版,让我们共同为建设一个更加富裕、和谐、幸福、法治、文明、美丽的社会主义新西藏而努力奋斗 ,
40,5,"W'U'D1",3,无,1558127259,2019/5/17 21:07:39,搜狗输入法医生版,无,
41,5,"X'K'Z'D1",4,许可证,1558127261,2019/5/17 21:07:41,搜狗输入法医生版,无许可证,
42,5,"P'A'I'D1",4,排,1558127263,2019/5/17 21:07:42,搜狗输入法医生版,无许可证排,
43,5,"W'U'S'D1",4,污水,1558127264,2019/5/17 21:07:44,搜狗输入法医生版,无许可证排污水,
44,5,"Z'U'I'G'D1",5,最高,1558127266,2019/5/17 21:07:46,搜狗输入法医生版,无许可证排污水最高,
45,5,"K'E'D1",3,可,1558127268,2019/5/17 21:07:47,搜狗输入法医生版,无许可证排污水最高可,
46,5,"F'A'D1",3,罚,1558127269,2019/5/17 21:07:49,搜狗输入法医生版,无许可证排污水最高可罚,
47,5,D5,1,5,1558127270,2019/5/17 21:07:49,搜狗输入法医生版,无许可证排污水最高可罚5,
48,5,D0,1,0,1558127270,2019/5/17 21:07:50,搜狗输入法医生版,无许可证排污水最高可罚50,
49,5,"W'A'N'Y'U'A'N'D1",8,万元,1558127273,2019/5/17 21:07:53,搜狗输入法医生版,无许可证排污水最高可罚50万元,
