﻿ID,TID,Keyboard,KeyLength,MapText,TimeStamp,Time,IME,CurText
1,7,"W'U'D1",3,无,1558125653,2019/5/17 20:40:52,中文(简体) - 百度输入法,无,
2,7,"X'U'E'K'E'Back'Back'Back'K'E'D1",11,许可,1558125659,2019/5/17 20:40:58,中文(简体) - 百度输入法,无许可,
3,7,"Z'H'E'N'G'D1",6,证,1558125661,2019/5/17 20:41:00,中文(简体) - 百度输入法,无许可证,
4,7,"P'A'I'D2",4,排,1558125664,2019/5/17 20:41:03,中文(简体) - 百度输入法,无许可证排,
5,7,"W'U'S'H'U'I'D2",7,污水,1558125666,2019/5/17 20:41:06,中文(简体) - 百度输入法,无许可证排污水,
6,7,"Z'U'I'G'D1",5,最高,1558125669,2019/5/17 20:41:08,中文(简体) - 百度输入法,无许可证排污水最高,
7,7,"K'E'D1",3,可,1558125670,2019/5/17 20:41:10,中文(简体) - 百度输入法,无许可证排污水最高可,
8,7,"F'A'D4",3,罚,1558125673,2019/5/17 20:41:13,中文(简体) - 百度输入法,无许可证排污水最高可罚,
9,7,D5,1,5,1558125674,2019/5/17 20:41:14,中文(简体) - 百度输入法,无许可证排污水最高可罚5,
10,7,D0,1,0,1558125675,2019/5/17 20:41:14,中文(简体) - 百度输入法,无许可证排污水最高可罚50,
11,7,"W'A'N'D1",4,万,1558125677,2019/5/17 20:41:17,中文(简体) - 百度输入法,无许可证排污水最高可罚50万,
12,7,"Y'U'A'N'D1",5,元,1558125679,2019/5/17 20:41:18,中文(简体) - 百度输入法,无许可证排污水最高可罚50万元,
