﻿ID,TID,Keyboard,KeyLength,MapText,TimeStamp,Time,IME,CurText
1,7,"W'U'D1",3,无,1558125653,2019/5/17 20:40:52,中文(简体) - 百度输入法,无,
2,7,"X'U'E'K'E'Back'Back'Back'K'E'D1",11,许可,1558125659,2019/5/17 20:40:58,中文(简体) - 百度输入法,无许可,
3,7,"Z'H'E'N'G'D1",6,证,1558125661,2019/5/17 20:41:00,中文(简体) - 百度输入法,无许可证,
4,7,"P'A'I'D2",4,排,1558125664,2019/5/17 20:41:03,中文(简体) - 百度输入法,无许可证排,
5,7,"W'U'S'H'U'I'D2",7,污水,1558125666,2019/5/17 20:41:06,中文(简体) - 百度输入法,无许可证排污水,
6,7,"Z'U'I'G'D1",5,最高,1558125669,2019/5/17 20:41:08,中文(简体) - 百度输入法,无许可证排污水最高,
7,7,"K'E'D1",3,可,1558125670,2019/5/17 20:41:10,中文(简体) - 百度输入法,无许可证排污水最高可,
8,7,"F'A'D4",3,罚,1558125673,2019/5/17 20:41:13,中文(简体) - 百度输入法,无许可证排污水最高可罚,
9,7,D5,1,5,1558125674,2019/5/17 20:41:14,中文(简体) - 百度输入法,无许可证排污水最高可罚5,
10,7,D0,1,0,1558125675,2019/5/17 20:41:14,中文(简体) - 百度输入法,无许可证排污水最高可罚50,
11,7,"W'A'N'D1",4,万,1558125677,2019/5/17 20:41:17,中文(简体) - 百度输入法,无许可证排污水最高可罚50万,
12,7,"Y'U'A'N'D1",5,元,1558125679,2019/5/17 20:41:18,中文(简体) - 百度输入法,无许可证排污水最高可罚50万元,
13,1,"R'A'N'G'D1",5,让,1558125685,2019/5/17 20:41:24,中文(简体) - 百度输入法,让,
14,1,"W'M'D1",3,我们,1558125686,2019/5/17 20:41:26,中文(简体) - 百度输入法,让我们,
15,1,"G'T'D1",3,共同,1558125688,2019/5/17 20:41:27,中文(简体) - 百度输入法,让我们共同,
16,1,"W'E'I'D1",4,为,1558125689,2019/5/17 20:41:29,中文(简体) - 百度输入法,让我们共同为,
17,1,"J'I'A'N'S'H'E'D1",8,建设,1558125691,2019/5/17 20:41:31,中文(简体) - 百度输入法,让我们共同为建设,
18,1,"Y'G'D1",3,一个,1558125693,2019/5/17 20:41:32,中文(简体) - 百度输入法,让我们共同为建设一个,
19,1,"G'E'N'G'J'I'A'D1",8,更加,1558125695,2019/5/17 20:41:34,中文(简体) - 百度输入法,让我们共同为建设一个更加,
20,1,"F'U'Y'U'E'Back'D1",7,富裕,1558125699,2019/5/17 20:41:38,中文(简体) - 百度输入法,让我们共同为建设一个更加富裕,
21,1,OemQuestion,1,、,1558125700,2019/5/17 20:41:39,中文(简体) - 百度输入法,让我们共同为建设一个更加富裕、,
22,1,"H'E'X'I'E'D1",6,和谐,1558125704,2019/5/17 20:41:44,中文(简体) - 百度输入法,让我们共同为建设一个更加富裕、和谐,
23,1,OemQuestion,1,、,1558125705,2019/5/17 20:41:45,中文(简体) - 百度输入法,让我们共同为建设一个更加富裕、和谐、,
24,1,"X'I'N'G'H'U'D3",7,幸福,1558125709,2019/5/17 20:41:48,中文(简体) - 百度输入法,让我们共同为建设一个更加富裕、和谐、幸福,
25,1,OemQuestion,1,、,1558125710,2019/5/17 20:41:50,中文(简体) - 百度输入法,让我们共同为建设一个更加富裕、和谐、幸福、,
26,1,"F'A'Z'H'I'D3",6,法治,1558125713,2019/5/17 20:41:53,中文(简体) - 百度输入法,让我们共同为建设一个更加富裕、和谐、幸福、法治,
27,1,OemQuestion,1,、,1558125714,2019/5/17 20:41:54,中文(简体) - 百度输入法,让我们共同为建设一个更加富裕、和谐、幸福、法治、,
28,1,"W'E'N'M'I'N'G'D1",8,文明,1558125717,2019/5/17 20:41:56,中文(简体) - 百度输入法,让我们共同为建设一个更加富裕、和谐、幸福、法治、文明,
29,1,OemQuestion,1,、,1558125718,2019/5/17 20:41:57,中文(简体) - 百度输入法,让我们共同为建设一个更加富裕、和谐、幸福、法治、文明、,
30,1,"M'E'I'L'I'D1",6,美丽,1558125720,2019/5/17 20:41:59,中文(简体) - 百度输入法,让我们共同为建设一个更加富裕、和谐、幸福、法治、文明、美丽,
31,1,"D'D1",2,的,1558125720,2019/5/17 20:42:00,中文(简体) - 百度输入法,让我们共同为建设一个更加富裕、和谐、幸福、法治、文明、美丽的,
32,1,"S'H'E'H'U'I'Z'Y'D1",9,社会主义,1558125723,2019/5/17 20:42:03,中文(简体) - 百度输入法,让我们共同为建设一个更加富裕、和谐、幸福、法治、文明、美丽的社会主义,
33,1,"X'I'N'D1",4,新,1558125725,2019/5/17 20:42:05,中文(简体) - 百度输入法,让我们共同为建设一个更加富裕、和谐、幸福、法治、文明、美丽的社会主义新,
34,1,"X'I'Z'H'A'N'G'D5",8,西藏,1558125729,2019/5/17 20:42:08,中文(简体) - 百度输入法,让我们共同为建设一个更加富裕、和谐、幸福、法治、文明、美丽的社会主义新西藏,
35,1,"E'R'D2",3,而,1558125731,2019/5/17 20:42:11,中文(简体) - 百度输入法,让我们共同为建设一个更加富裕、和谐、幸福、法治、文明、美丽的社会主义新西藏而,
36,1,"L'U'L'I'Back'Back'Back'Back'N'U'L'I'D1",13,努力,1558125736,2019/5/17 20:42:15,中文(简体) - 百度输入法,让我们共同为建设一个更加富裕、和谐、幸福、法治、文明、美丽的社会主义新西藏而努力,
37,1,"F'E'N'D'O'U'D1",7,奋斗,1558125739,2019/5/17 20:42:19,中文(简体) - 百度输入法,让我们共同为建设一个更加富裕、和谐、幸福、法治、文明、美丽的社会主义新西藏而努力奋斗,
38,1,"RightShift'D1",2,！,1558125740,2019/5/17 20:42:19,中文(简体) - 百度输入法,让我们共同为建设一个更加富裕、和谐、幸福、法治、文明、美丽的社会主义新西藏而努力奋斗！,
39,5,"W'U'D1",3,无,1558125747,2019/5/17 20:42:26,中文(简体) - 百度输入法,无,
40,5,"X'K'Z'D1",4,许可证,1558125749,2019/5/17 20:42:28,中文(简体) - 百度输入法,无许可证,
41,5,"P'A'I'D1",4,排,1558125751,2019/5/17 20:42:31,中文(简体) - 百度输入法,无许可证排,
42,5,"W'U'S'D1",4,污水,1558125753,2019/5/17 20:42:32,中文(简体) - 百度输入法,无许可证排污水,
43,5,"Z'U'I'G'D1",5,最高,1558125755,2019/5/17 20:42:34,中文(简体) - 百度输入法,无许可证排污水最高,
44,5,"K'E'D1",3,可,1558125756,2019/5/17 20:42:36,中文(简体) - 百度输入法,无许可证排污水最高可,
45,5,"F'A'D1",3,罚,1558125758,2019/5/17 20:42:38,中文(简体) - 百度输入法,无许可证排污水最高可罚,
46,5,D5,1,5,1558125759,2019/5/17 20:42:39,中文(简体) - 百度输入法,无许可证排污水最高可罚5,
47,5,D0,1,0,1558125760,2019/5/17 20:42:39,中文(简体) - 百度输入法,无许可证排污水最高可罚50,
48,5,"W'A'N'D1",4,万,1558125761,2019/5/17 20:42:41,中文(简体) - 百度输入法,无许可证排污水最高可罚50万,
49,5,"Y'U'A'N'D1",5,元,1558125763,2019/5/17 20:42:42,中文(简体) - 百度输入法,无许可证排污水最高可罚50万元,
