﻿ID,TID,Keyboard,KeyLength,MapText,TimeStamp,Time,IME,CurText
1,8,"S'H'U'S'H'O'U'Back'Back'Back'Back'D7",12,术,1558126001,2019/5/17 20:46:40,搜狗输入法医生版,术,
2,8,"H'O'U'D1",4,后,1558126002,2019/5/17 20:46:42,搜狗输入法医生版,术后,
3,8,"Z'H'E'N'D'U'A'N'D1",9,诊断,1558126004,2019/5/17 20:46:44,搜狗输入法医生版,术后诊断,
4,8,"RightShift'Oem1",2, ,1558126005,2019/5/17 20:46:45,搜狗输入法医生版,术后诊断 ,
5,8,"S'H'U'A'N'G'D2",7,：双,1558126008,2019/5/17 20:46:47,搜狗输入法医生版,术后诊断：双,
6,8,"L'U'A'N'C'X'I'A'N'A'I'D2",12,卵巢腺癌,1558126015,2019/5/17 20:46:55,搜狗输入法医生版,术后诊断：双卵巢腺癌,
7,8,"RightShift'I'I'RightShift'B'Return",6,IIB,1558126019,2019/5/17 20:46:59,搜狗输入法医生版,术后诊断：双卵巢腺癌IIB,
8,8,"Q'I'D'A'I'D1",6,期待,1558126025,2019/5/17 20:47:04,搜狗输入法医生版,术后诊断：双卵巢腺癌IIB期待,
9,8,Back,1,-待,1558126025,2019/5/17 20:47:05,搜狗输入法医生版,术后诊断：双卵巢腺癌IIB期,
10,8,OemPeriod,1, ,1558126027,2019/5/17 20:47:06,搜狗输入法医生版,术后诊断：双卵巢腺癌IIB期 ,
11,2,"H'U'A'N'E'R'D1",7,患儿,1558126033,2019/5/17 20:47:12,搜狗输入法医生版,患儿,
12,2,D1,1,1,1558126033,2019/5/17 20:47:13,搜狗输入法医生版,患儿1,
13,2,"T'I'A'N'D1",5,天,1558126035,2019/5/17 20:47:14,搜狗输入法医生版,患儿1天,
14,2,"Q'I'A'N'D1",5,前,1558126036,2019/5/17 20:47:16,搜狗输入法医生版,患儿1天前,
15,2,"W'U'M'X'D1",5,无明显,1558126039,2019/5/17 20:47:18,搜狗输入法医生版,患儿1天前无明显,
16,2,"Y'O'U'X'Back'Y'I'N'D1",9,诱因,1558126043,2019/5/17 20:47:23,搜狗输入法医生版,患儿1天前无明显诱因,
17,2,"C'H'U'X'D1",5,出现,1558126045,2019/5/17 20:47:24,搜狗输入法医生版,患儿1天前无明显诱因出现,
18,2,"Z'F'X'D7",4,阵发性,1558126049,2019/5/17 20:47:28,搜狗输入法医生版,患儿1天前无明显诱因出现阵发性,
19,2,"K'U'N'A'O'D2",6,哭闹,1558126054,2019/5/17 20:47:33,搜狗输入法医生版,患儿1天前无明显诱因出现阵发性哭闹,
20,2,OemComma,1, ,1558126055,2019/5/17 20:47:34,搜狗输入法医生版,患儿1天前无明显诱因出现阵发性哭闹 ,
21,2,"B'A'N'S'U'I'D1",7,，伴随,1558126059,2019/5/17 20:47:38,搜狗输入法医生版,患儿1天前无明显诱因出现阵发性哭闹，伴随,
22,2,Back,1,-随,1558126059,2019/5/17 20:47:39,搜狗输入法医生版,患儿1天前无明显诱因出现阵发性哭闹，伴,
23,2,"O'U'T'D1",4,呕吐,1558126062,2019/5/17 20:47:41,搜狗输入法医生版,患儿1天前无明显诱因出现阵发性哭闹，伴呕吐,
24,2,OemComma,1, ,1558126063,2019/5/17 20:47:42,搜狗输入法医生版,患儿1天前无明显诱因出现阵发性哭闹，伴呕吐 ,
25,2,"O'U'T'W'D1",5,，呕吐物,1558126066,2019/5/17 20:47:45,搜狗输入法医生版,患儿1天前无明显诱因出现阵发性哭闹，伴呕吐，呕吐物,
26,2,"W'E'I'D1",4,为,1558126067,2019/5/17 20:47:47,搜狗输入法医生版,患儿1天前无明显诱因出现阵发性哭闹，伴呕吐，呕吐物为,
27,2,"W'E'I'N'E'I'R'W'D1",9,胃内容物,1558126072,2019/5/17 20:47:51,搜狗输入法医生版,患儿1天前无明显诱因出现阵发性哭闹，伴呕吐，呕吐物为胃内容物,
28,2,OemComma,1, ,1558126073,2019/5/17 20:47:53,搜狗输入法医生版,患儿1天前无明显诱因出现阵发性哭闹，伴呕吐，呕吐物为胃内容物 ,
29,2,"W'U'D1",3,，无,1558126075,2019/5/17 20:47:54,搜狗输入法医生版,患儿1天前无明显诱因出现阵发性哭闹，伴呕吐，呕吐物为胃内容物，无,
30,2,"K'A'C'Back'F'Y'A'N'G'D1",10,咖啡样,1558126080,2019/5/17 20:48:00,搜狗输入法医生版,患儿1天前无明显诱因出现阵发性哭闹，伴呕吐，呕吐物为胃内容物，无咖啡样,
31,2,"W'U'D2",3,物,1558126082,2019/5/17 20:48:02,搜狗输入法医生版,患儿1天前无明显诱因出现阵发性哭闹，伴呕吐，呕吐物为胃内容物，无咖啡样物,
32,2,OemComma,1, ,1558126083,2019/5/17 20:48:03,搜狗输入法医生版,患儿1天前无明显诱因出现阵发性哭闹，伴呕吐，呕吐物为胃内容物，无咖啡样物 ,
33,2,"O'N'G'Back'Back'Back'G'O'N'G'D2",11,，共,1558126088,2019/5/17 20:48:07,搜狗输入法医生版,患儿1天前无明显诱因出现阵发性哭闹，伴呕吐，呕吐物为胃内容物，无咖啡样物，共,
34,2,D5,1,5,1558126089,2019/5/17 20:48:08,搜狗输入法医生版,患儿1天前无明显诱因出现阵发性哭闹，伴呕吐，呕吐物为胃内容物，无咖啡样物，共5,
35,2,"C'I'D1",3,次,1558126090,2019/5/17 20:48:10,搜狗输入法医生版,患儿1天前无明显诱因出现阵发性哭闹，伴呕吐，呕吐物为胃内容物，无咖啡样物，共5次,
36,2,OemPeriod,1, ,1558126091,2019/5/17 20:48:11,搜狗输入法医生版,患儿1天前无明显诱因出现阵发性哭闹，伴呕吐，呕吐物为胃内容物，无咖啡样物，共5次 ,
37,6,"S'H'U'D1",4,术,1558126097,2019/5/17 20:48:16,搜狗输入法医生版,术,
38,6,"S'H'O'U'Back'Back'Back'H'O'U'Back'Back'Back'Back'H'O'U'D1",18,后,1558126103,2019/5/17 20:48:23,搜狗输入法医生版,术后,
39,6,"Z'D'U'A'N'D1",6,诊断,1558126105,2019/5/17 20:48:25,搜狗输入法医生版,术后诊断,
40,6,"RightShift'Oem1",2, ,1558126106,2019/5/17 20:48:26,搜狗输入法医生版,术后诊断 ,
41,6,"S'H'D2",3,：双,1558126108,2019/5/17 20:48:28,搜狗输入法医生版,术后诊断：双,
42,6,"L'C'D6",3,卵巢腺癌,1558126112,2019/5/17 20:48:31,搜狗输入法医生版,术后诊断：双卵巢腺癌,
43,6,"RightShift'I'I'B'Return",5,IIB,1558126116,2019/5/17 20:48:35,搜狗输入法医生版,术后诊断：双卵巢腺癌IIB,
44,6,"Q'I'D1",3,期,1558126117,2019/5/17 20:48:37,搜狗输入法医生版,术后诊断：双卵巢腺癌IIB期,
45,6,OemPeriod,1, ,1558126118,2019/5/17 20:48:38,搜狗输入法医生版,术后诊断：双卵巢腺癌IIB期 ,
46,4,"H'U'A'N'Z'D1",6,患者,1558126124,2019/5/17 20:48:43,搜狗输入法医生版,患者,
47,4,"Y'I'N'D1",4,因,1558126126,2019/5/17 20:48:45,搜狗输入法医生版,患者因,
48,4,"RightShift'OemQuotes",2, ,1558126127,2019/5/17 20:48:46,搜狗输入法医生版,患者因 ,
49,4,"B'U'Z'Z'Back'Back'G'Z'D6",9,“不规则,1558126134,2019/5/17 20:48:53,搜狗输入法医生版,患者因“不规则,
50,4,"Y'I'N'D'A'O'D5",7,阴道,1558126138,2019/5/17 20:48:57,搜狗输入法医生版,患者因“不规则阴道,
51,4,"L'I'U'X'D6",5,流血,1558126143,2019/5/17 20:49:02,搜狗输入法医生版,患者因“不规则阴道流血,
52,4,"B'A'N'D1",4,伴,1558126145,2019/5/17 20:49:04,搜狗输入法医生版,患者因“不规则阴道流血伴,
53,4,"Y'I'N'D'A'O'D1",7,阴道,1558126148,2019/5/17 20:49:07,搜狗输入法医生版,患者因“不规则阴道流血伴阴道,
54,4,"P'A'I'Y'E'D1",6,排液,1558126151,2019/5/17 20:49:10,搜狗输入法医生版,患者因“不规则阴道流血伴阴道排液,
55,4,D1,1,1,1558126152,2019/5/17 20:49:11,搜狗输入法医生版,患者因“不规则阴道流血伴阴道排液1,
56,4,"RightShift'OemPlus",2, ,1558126153,2019/5/17 20:49:12,搜狗输入法医生版,患者因“不规则阴道流血伴阴道排液1 ,
57,4,"N'I'A'N'D1",5,+年,1558126154,2019/5/17 20:49:13,搜狗输入法医生版,患者因“不规则阴道流血伴阴道排液1+年,
58,4,"RightShift'OemQuotes",2, ,1558126155,2019/5/17 20:49:15,搜狗输入法医生版,患者因“不规则阴道流血伴阴道排液1+年 ,
59,4,OemComma,1,”,1558126156,2019/5/17 20:49:15,搜狗输入法医生版,患者因“不规则阴道流血伴阴道排液1+年” ,
60,4,"Z'H'E'N'D'U'A'N'X'D2",10,，诊断性,1558126159,2019/5/17 20:49:19,搜狗输入法医生版,患者因“不规则阴道流血伴阴道排液1+年”，诊断性,
61,4,"G'U'A'G'O'N'G'D1",8,刮宫,1558126163,2019/5/17 20:49:23,搜狗输入法医生版,患者因“不规则阴道流血伴阴道排液1+年”，诊断性刮宫,
62,4,"B'I'N'G'L'I'D3",7,病理,1558126167,2019/5/17 20:49:27,搜狗输入法医生版,患者因“不规则阴道流血伴阴道排液1+年”，诊断性刮宫病理,
63,4,"T'I'S'D2",4,提示,1558126170,2019/5/17 20:49:30,搜狗输入法医生版,患者因“不规则阴道流血伴阴道排液1+年”，诊断性刮宫病理提示,
64,4,"RightShift'Oem1",2, ,1558126172,2019/5/17 20:49:31,搜狗输入法医生版,患者因“不规则阴道流血伴阴道排液1+年”，诊断性刮宫病理提示 ,
65,4,"RightShift'D9",2,：,1558126172,2019/5/17 20:49:32,搜狗输入法医生版,患者因“不规则阴道流血伴阴道排液1+年”，诊断性刮宫病理提示： ,
66,4,"G'O'N'G'Q'I'A'N'G'D1",10,（宫腔,1558126176,2019/5/17 20:49:35,搜狗输入法医生版,患者因“不规则阴道流血伴阴道排液1+年”，诊断性刮宫病理提示：（宫腔,
67,4,"RightShift'D0",2, ,1558126177,2019/5/17 20:49:37,搜狗输入法医生版,患者因“不规则阴道流血伴阴道排液1+年”，诊断性刮宫病理提示：（宫腔 ,
68,4,"Z'I'G'N'M'Y'A'N'G'D1",10,）子宫内膜样,1558126183,2019/5/17 20:49:43,搜狗输入法医生版,患者因“不规则阴道流血伴阴道排液1+年”，诊断性刮宫病理提示：（宫腔）子宫内膜样,
69,4,"X'I'A'N'A'I'Back'Back'A'I'D3",11,腺癌,1558126191,2019/5/17 20:49:51,搜狗输入法医生版,患者因“不规则阴道流血伴阴道排液1+年”，诊断性刮宫病理提示：（宫腔）子宫内膜样腺癌,
70,4,"RightShift'RightShift'RightShift'RightShift'RightShift'RightShift'RightShift'RightShift'RightShift'G'Return",11,G,1558126195,2019/5/17 20:49:54,搜狗输入法医生版,患者因“不规则阴道流血伴阴道排液1+年”，诊断性刮宫病理提示：（宫腔）子宫内膜样腺癌G,
71,4,D2,1,2,1558126195,2019/5/17 20:49:54,搜狗输入法医生版,患者因“不规则阴道流血伴阴道排液1+年”，诊断性刮宫病理提示：（宫腔）子宫内膜样腺癌G2,
72,4,Oem1,1, ,1558126196,2019/5/17 20:49:56,搜狗输入法医生版,患者因“不规则阴道流血伴阴道排液1+年”，诊断性刮宫病理提示：（宫腔）子宫内膜样腺癌G2 ,
73,4,"W'O'Y'U'A'N'D1",7,；我院,1558126198,2019/5/17 20:49:58,搜狗输入法医生版,患者因“不规则阴道流血伴阴道排液1+年”，诊断性刮宫病理提示：（宫腔）子宫内膜样腺癌G2；我院,
74,4,"L'I'H'U'I'D2",6,理会,1558126201,2019/5/17 20:50:00,搜狗输入法医生版,患者因“不规则阴道流血伴阴道排液1+年”，诊断性刮宫病理提示：（宫腔）子宫内膜样腺癌G2；我院理会,
75,4,Back,1,-会,1558126204,2019/5/17 20:50:04,搜狗输入法医生版,患者因“不规则阴道流血伴阴道排液1+年”，诊断性刮宫病理提示：（宫腔）子宫内膜样腺癌G2；我院理,
76,4,Back,1,-理,1558126204,2019/5/17 20:50:04,搜狗输入法医生版,患者因“不规则阴道流血伴阴道排液1+年”，诊断性刮宫病理提示：（宫腔）子宫内膜样腺癌G2；我院,
77,4,"B'I'N'G'L'I'D1",7,病理,1558126207,2019/5/17 20:50:06,搜狗输入法医生版,患者因“不规则阴道流血伴阴道排液1+年”，诊断性刮宫病理提示：（宫腔）子宫内膜样腺癌G2；我院病理,
78,4,"H'U'I'Z'H'E'N'D1",8,会诊,1558126210,2019/5/17 20:50:09,搜狗输入法医生版,患者因“不规则阴道流血伴阴道排液1+年”，诊断性刮宫病理提示：（宫腔）子宫内膜样腺癌G2；我院病理会诊,
79,4,"T'I'S'D1",4,提示,1558126212,2019/5/17 20:50:11,搜狗输入法医生版,患者因“不规则阴道流血伴阴道排液1+年”，诊断性刮宫病理提示：（宫腔）子宫内膜样腺癌G2；我院病理会诊提示,
80,4,"RightShift'Oem1",2, ,1558126213,2019/5/17 20:50:12,搜狗输入法医生版,患者因“不规则阴道流血伴阴道排液1+年”，诊断性刮宫病理提示：（宫腔）子宫内膜样腺癌G2；我院病理会诊提示 ,
81,4,"Z'I'G'D3",4,：子宫,1558126216,2019/5/17 20:50:16,搜狗输入法医生版,患者因“不规则阴道流血伴阴道排液1+年”，诊断性刮宫病理提示：（宫腔）子宫内膜样腺癌G2；我院病理会诊提示：子宫,
82,4,"N'E'I'M'Y'Back'D1",7,内膜,1558126220,2019/5/17 20:50:20,搜狗输入法医生版,患者因“不规则阴道流血伴阴道排液1+年”，诊断性刮宫病理提示：（宫腔）子宫内膜样腺癌G2；我院病理会诊提示：子宫内膜,
83,4,"Y'A'N'G'D1",5,样,1558126222,2019/5/17 20:50:22,搜狗输入法医生版,患者因“不规则阴道流血伴阴道排液1+年”，诊断性刮宫病理提示：（宫腔）子宫内膜样腺癌G2；我院病理会诊提示：子宫内膜样,
84,4,"X'I'A'N'A'I'D1",7,腺癌,1558126224,2019/5/17 20:50:24,搜狗输入法医生版,患者因“不规则阴道流血伴阴道排液1+年”，诊断性刮宫病理提示：（宫腔）子宫内膜样腺癌G2；我院病理会诊提示：子宫内膜样腺癌,
85,4,"RightShift'RightShift'RightShift'RightShift'RightShift'RightShift'RightShift'RightShift'RightShift'RightShift'RightShift'RightShift'G'D2'OemMinus'D3'Return",17,G2-3,1558126229,2019/5/17 20:50:29,搜狗输入法医生版,患者因“不规则阴道流血伴阴道排液1+年”，诊断性刮宫病理提示：（宫腔）子宫内膜样腺癌G2；我院病理会诊提示：子宫内膜样腺癌G2-3,
86,4,OemComma,1, ,1558126230,2019/5/17 20:50:30,搜狗输入法医生版,患者因“不规则阴道流血伴阴道排液1+年”，诊断性刮宫病理提示：（宫腔）子宫内膜样腺癌G2；我院病理会诊提示：子宫内膜样腺癌G2-3 ,
87,4,"G'J'I'N'G'U'A'N'Back'Back'Back'Back'D6",13,，宫颈,1558126241,2019/5/17 20:50:40,搜狗输入法医生版,患者因“不规则阴道流血伴阴道排液1+年”，诊断性刮宫病理提示：（宫腔）子宫内膜样腺癌G2；我院病理会诊提示：子宫内膜样腺癌G2-3，宫颈,
88,4,"G'U'A'N'D1",5,管,1558126242,2019/5/17 20:50:41,搜狗输入法医生版,患者因“不规则阴道流血伴阴道排液1+年”，诊断性刮宫病理提示：（宫腔）子宫内膜样腺癌G2；我院病理会诊提示：子宫内膜样腺癌G2-3，宫颈管,
89,4,"S'A'O'G'U'A'D1",7,搔刮,1558126247,2019/5/17 20:50:47,搜狗输入法医生版,患者因“不规则阴道流血伴阴道排液1+年”，诊断性刮宫病理提示：（宫腔）子宫内膜样腺癌G2；我院病理会诊提示：子宫内膜样腺癌G2-3，宫颈管搔刮,
90,4,"Z'H'U'Z'H'I'Back'Back'Back'Back'Back'U'Z'H'I'D1",16,组织,1558126254,2019/5/17 20:50:54,搜狗输入法医生版,患者因“不规则阴道流血伴阴道排液1+年”，诊断性刮宫病理提示：（宫腔）子宫内膜样腺癌G2；我院病理会诊提示：子宫内膜样腺癌G2-3，宫颈管搔刮组织,
91,4,"J'I'A'N'D2",5,见,1558126256,2019/5/17 20:50:56,搜狗输入法医生版,患者因“不规则阴道流血伴阴道排液1+年”，诊断性刮宫病理提示：（宫腔）子宫内膜样腺癌G2；我院病理会诊提示：子宫内膜样腺癌G2-3，宫颈管搔刮组织见,
92,4,"S'H'A'O'N'I'A'N'Back'Back'Back'Back'L'I'A'N'G'D1",18,少量,1558126261,2019/5/17 20:51:01,搜狗输入法医生版,患者因“不规则阴道流血伴阴道排液1+年”，诊断性刮宫病理提示：（宫腔）子宫内膜样腺癌G2；我院病理会诊提示：子宫内膜样腺癌G2-3，宫颈管搔刮组织见少量,
93,4,"L'I'A'N'M'O'Back'Back'Back'Back'Back'Back'N'I'A'N'M'D6",18,黏膜,1558126269,2019/5/17 20:51:09,搜狗输入法医生版,患者因“不规则阴道流血伴阴道排液1+年”，诊断性刮宫病理提示：（宫腔）子宫内膜样腺癌G2；我院病理会诊提示：子宫内膜样腺癌G2-3，宫颈管搔刮组织见少量黏膜,
94,4,"Left'Back",2,-黏,1558126274,2019/5/17 20:51:13,搜狗输入法医生版,患者因“不规则阴道流血伴阴道排液1+年”，诊断性刮宫病理提示：（宫腔）子宫内膜样腺癌G2；我院病理会诊提示：子宫内膜样腺癌G2-3，宫颈管搔刮组织见少量膜,
95,4,"N'I'A'N'D4",5,黏,1558126277,2019/5/17 20:51:16,搜狗输入法医生版,患者因“不规则阴道流血伴阴道排液1+年”，诊断性刮宫病理提示：（宫腔）子宫内膜样腺癌G2；我院病理会诊提示：子宫内膜样腺癌G2-3，宫颈管搔刮组织见少量黏膜,
96,4,"Insert'Back",2,-黏,1558126277,2019/5/17 20:51:17,搜狗输入法医生版,患者因“不规则阴道流血伴阴道排液1+年”，诊断性刮宫病理提示：（宫腔）子宫内膜样腺癌G2；我院病理会诊提示：子宫内膜样腺癌G2-3，宫颈管搔刮组织见少量膜,
97,4,"N'I'A'N'D4",5,粘,1558126280,2019/5/17 20:51:19,搜狗输入法医生版,患者因“不规则阴道流血伴阴道排液1+年”，诊断性刮宫病理提示：（宫腔）子宫内膜样腺癌G2；我院病理会诊提示：子宫内膜样腺癌G2-3，宫颈管搔刮组织见少量粘,
98,4,"M'O'D1",3,膜,1558126282,2019/5/17 20:51:22,搜狗输入法医生版,患者因“不规则阴道流血伴阴道排液1+年”，诊断性刮宫病理提示：（宫腔）子宫内膜样腺癌G2；我院病理会诊提示：子宫内膜样腺癌G2-3，宫颈管搔刮组织见少量粘膜,
99,4,"Z'U'Z'D1",4,组织,1558126284,2019/5/17 20:51:24,搜狗输入法医生版,患者因“不规则阴道流血伴阴道排液1+年”，诊断性刮宫病理提示：（宫腔）子宫内膜样腺癌G2；我院病理会诊提示：子宫内膜样腺癌G2-3，宫颈管搔刮组织见少量粘膜组织,
100,4,"J'I'D1",3,及,1558126286,2019/5/17 20:51:26,搜狗输入法医生版,患者因“不规则阴道流血伴阴道排液1+年”，诊断性刮宫病理提示：（宫腔）子宫内膜样腺癌G2；我院病理会诊提示：子宫内膜样腺癌G2-3，宫颈管搔刮组织见少量粘膜组织及,
101,4,"S'H'A'O'L'D1",6,少量,1558126288,2019/5/17 20:51:28,搜狗输入法医生版,患者因“不规则阴道流血伴阴道排液1+年”，诊断性刮宫病理提示：（宫腔）子宫内膜样腺癌G2；我院病理会诊提示：子宫内膜样腺癌G2-3，宫颈管搔刮组织见少量粘膜组织及少量,
102,4,"Y'I'X'D8",4,异型,1558126292,2019/5/17 20:51:32,搜狗输入法医生版,患者因“不规则阴道流血伴阴道排液1+年”，诊断性刮宫病理提示：（宫腔）子宫内膜样腺癌G2；我院病理会诊提示：子宫内膜样腺癌G2-3，宫颈管搔刮组织见少量粘膜组织及少量异型,
103,4,"D'D1",2,的,1558126294,2019/5/17 20:51:34,搜狗输入法医生版,患者因“不规则阴道流血伴阴道排液1+年”，诊断性刮宫病理提示：（宫腔）子宫内膜样腺癌G2；我院病理会诊提示：子宫内膜样腺癌G2-3，宫颈管搔刮组织见少量粘膜组织及少量异型的,
104,4,"N'E'I'M'D1",5,内膜,1558126296,2019/5/17 20:51:36,搜狗输入法医生版,患者因“不规则阴道流血伴阴道排液1+年”，诊断性刮宫病理提示：（宫腔）子宫内膜样腺癌G2；我院病理会诊提示：子宫内膜样腺癌G2-3，宫颈管搔刮组织见少量粘膜组织及少量异型的内膜,
105,4,"X'I'A'N'T'I'D2",7,腺体,1558126299,2019/5/17 20:51:38,搜狗输入法医生版,患者因“不规则阴道流血伴阴道排液1+年”，诊断性刮宫病理提示：（宫腔）子宫内膜样腺癌G2；我院病理会诊提示：子宫内膜样腺癌G2-3，宫颈管搔刮组织见少量粘膜组织及少量异型的内膜腺体,
106,4,OemPeriod,1,。,1558126300,2019/5/17 20:51:40,搜狗输入法医生版,患者因“不规则阴道流血伴阴道排液1+年”，诊断性刮宫病理提示：（宫腔）子宫内膜样腺癌G2；我院病理会诊提示：子宫内膜样腺癌G2-3，宫颈管搔刮组织见少量粘膜组织及少量异型的内膜腺体。,
