﻿ID,TID,Keyboard,KeyLength,MapText,TimeStamp,Time,IME,CurText
1,7,"W'U'D1",3,无,1558127178,2019/5/17 21:06:18,搜狗输入法医生版,无,
2,7,"X'K'Z'D1",4,许可证,1558127181,2019/5/17 21:06:21,搜狗输入法医生版,无许可证,
3,7,"P'A'I'D4",4,排,1558127185,2019/5/17 21:06:25,搜狗输入法医生版,无许可证排,
4,7,"W'S'D2",3,污水,1558127187,2019/5/17 21:06:26,搜狗输入法医生版,无许可证排污水,
5,7,"Z'U'I'G'D1",5,最高,1558127190,2019/5/17 21:06:29,搜狗输入法医生版,无许可证排污水最高,
6,7,"K'E'D1",3,可,1558127191,2019/5/17 21:06:30,搜狗输入法医生版,无许可证排污水最高可,
7,7,"F'A'D3",3,罚,1558127194,2019/5/17 21:06:33,搜狗输入法医生版,无许可证排污水最高可罚,
8,7,D5,1,5,1558127195,2019/5/17 21:06:34,搜狗输入法医生版,无许可证排污水最高可罚5,
9,7,D0,1,0,1558127195,2019/5/17 21:06:35,搜狗输入法医生版,无许可证排污水最高可罚50,
10,7,"W'A'N'D1",4,万,1558127197,2019/5/17 21:06:37,搜狗输入法医生版,无许可证排污水最高可罚50万,
11,7,"Y'U'A'N'D1",5,元,1558127199,2019/5/17 21:06:38,搜狗输入法医生版,无许可证排污水最高可罚50万元,
12,1,"R'A'N'G'D1",5,让,1558127204,2019/5/17 21:06:43,搜狗输入法医生版,让,
13,1,"W'M'D1",3,我妈,1558127205,2019/5/17 21:06:45,搜狗输入法医生版,让我妈,
14,1,Back,1,-妈,1558127206,2019/5/17 21:06:45,搜狗输入法医生版,让我,
15,1,"M'E'N'D1",4,们,1558127207,2019/5/17 21:06:47,搜狗输入法医生版,让我们,
16,1,"G'T'D1",3,共同,1558127209,2019/5/17 21:06:49,搜狗输入法医生版,让我们共同,
17,1,"W'E'I'D1",4,为,1558127211,2019/5/17 21:06:50,搜狗输入法医生版,让我们共同为,
18,1,"J'I'A'N'S'D1",6,建设,1558127212,2019/5/17 21:06:52,搜狗输入法医生版,让我们共同为建设,
19,1,"Y'I'G'D1",4,一个,1558127214,2019/5/17 21:06:54,搜狗输入法医生版,让我们共同为建设一个,
20,1,"G'J'I'A'D2",5,更加,1558127217,2019/5/17 21:06:57,搜狗输入法医生版,让我们共同为建设一个更加,
21,1,"F'U'Y'D2",4,富裕,1558127220,2019/5/17 21:07:00,搜狗输入法医生版,让我们共同为建设一个更加富裕,
22,1,OemQuestion,1, ,1558127222,2019/5/17 21:07:01,搜狗输入法医生版,让我们共同为建设一个更加富裕 ,
23,1,"H'E'X'D2",4,、和谐,1558127224,2019/5/17 21:07:04,搜狗输入法医生版,让我们共同为建设一个更加富裕、和谐,
24,1,OemQuestion,1, ,1558127225,2019/5/17 21:07:05,搜狗输入法医生版,让我们共同为建设一个更加富裕、和谐 ,
25,1,"X'I'N'G'F'U'D1",7,、幸福,1558127228,2019/5/17 21:07:07,搜狗输入法医生版,让我们共同为建设一个更加富裕、和谐、幸福,
26,1,OemQuestion,1, ,1558127228,2019/5/17 21:07:08,搜狗输入法医生版,让我们共同为建设一个更加富裕、和谐、幸福 ,
27,1,"F'A'Z'H'I'D3",6,、法治,1558127233,2019/5/17 21:07:12,搜狗输入法医生版,让我们共同为建设一个更加富裕、和谐、幸福、法治,
28,1,OemQuestion,1, ,1558127234,2019/5/17 21:07:14,搜狗输入法医生版,让我们共同为建设一个更加富裕、和谐、幸福、法治 ,
29,1,"W'E'N'M'D1",5,、文明,1558127235,2019/5/17 21:07:15,搜狗输入法医生版,让我们共同为建设一个更加富裕、和谐、幸福、法治、文明,
30,1,OemQuestion,1, ,1558127236,2019/5/17 21:07:16,搜狗输入法医生版,让我们共同为建设一个更加富裕、和谐、幸福、法治、文明 ,
31,1,"M'E'I'L'D2",5,、美丽,1558127238,2019/5/17 21:07:18,搜狗输入法医生版,让我们共同为建设一个更加富裕、和谐、幸福、法治、文明、美丽,
32,1,"D'D1",2,的,1558127239,2019/5/17 21:07:18,搜狗输入法医生版,让我们共同为建设一个更加富裕、和谐、幸福、法治、文明、美丽的,
33,1,"S'H'E'H'U'I'Z'Y'D1",9,社会主义,1558127243,2019/5/17 21:07:23,搜狗输入法医生版,让我们共同为建设一个更加富裕、和谐、幸福、法治、文明、美丽的社会主义,
34,1,"X'I'N'D1",4,新,1558127245,2019/5/17 21:07:24,搜狗输入法医生版,让我们共同为建设一个更加富裕、和谐、幸福、法治、文明、美丽的社会主义新,
35,1,"X'I'Z'D2",4,西藏,1558127247,2019/5/17 21:07:26,搜狗输入法医生版,让我们共同为建设一个更加富裕、和谐、幸福、法治、文明、美丽的社会主义新西藏,
36,1,"E'R'D3",3,而,1558127250,2019/5/17 21:07:29,搜狗输入法医生版,让我们共同为建设一个更加富裕、和谐、幸福、法治、文明、美丽的社会主义新西藏而,
37,1,"N'U'L'D1",4,努力,1558127252,2019/5/17 21:07:31,搜狗输入法医生版,让我们共同为建设一个更加富裕、和谐、幸福、法治、文明、美丽的社会主义新西藏而努力,
38,1,"F'E'N'D'D1",5,奋斗,1558127254,2019/5/17 21:07:34,搜狗输入法医生版,让我们共同为建设一个更加富裕、和谐、幸福、法治、文明、美丽的社会主义新西藏而努力奋斗,
39,1,"RightShift'D1",2, ,1558127255,2019/5/17 21:07:34,搜狗输入法医生版,让我们共同为建设一个更加富裕、和谐、幸福、法治、文明、美丽的社会主义新西藏而努力奋斗 ,
40,5,"W'U'D1",3,无,1558127259,2019/5/17 21:07:39,搜狗输入法医生版,无,
41,5,"X'K'Z'D1",4,许可证,1558127261,2019/5/17 21:07:41,搜狗输入法医生版,无许可证,
42,5,"P'A'I'D1",4,排,1558127263,2019/5/17 21:07:42,搜狗输入法医生版,无许可证排,
43,5,"W'U'S'D1",4,污水,1558127264,2019/5/17 21:07:44,搜狗输入法医生版,无许可证排污水,
44,5,"Z'U'I'G'D1",5,最高,1558127266,2019/5/17 21:07:46,搜狗输入法医生版,无许可证排污水最高,
45,5,"K'E'D1",3,可,1558127268,2019/5/17 21:07:47,搜狗输入法医生版,无许可证排污水最高可,
46,5,"F'A'D1",3,罚,1558127269,2019/5/17 21:07:49,搜狗输入法医生版,无许可证排污水最高可罚,
47,5,D5,1,5,1558127270,2019/5/17 21:07:49,搜狗输入法医生版,无许可证排污水最高可罚5,
48,5,D0,1,0,1558127270,2019/5/17 21:07:50,搜狗输入法医生版,无许可证排污水最高可罚50,
49,5,"W'A'N'Y'U'A'N'D1",8,万元,1558127273,2019/5/17 21:07:53,搜狗输入法医生版,无许可证排污水最高可罚50万元,
50,3,"B'E'N'C'D1",5,本次,1558127284,2019/5/17 21:08:03,搜狗输入法医生版,本次,
51,3,"K'U'A'N'I'A'N'P'A'I'D'D1",12,跨年派对,1558127290,2019/5/17 21:08:10,搜狗输入法医生版,本次跨年派对,
52,3,"S'H'I'D1",4,是,1558127292,2019/5/17 21:08:12,搜狗输入法医生版,本次跨年派对是,
53,3,"Q'U'A'N'D'Back'G'U'O'D1",10,全国,1558127299,2019/5/17 21:08:18,搜狗输入法医生版,本次跨年派对是全国,
54,3,"S'H'O'U'C'D2",6,首次,1558127301,2019/5/17 21:08:20,搜狗输入法医生版,本次跨年派对是全国首次,
55,3,"Y'O'U'D2",4,由,1558127302,2019/5/17 21:08:22,搜狗输入法医生版,本次跨年派对是全国首次由,
56,3,"Z'H'E'N'G'W'U'D1",8,政务,1558127305,2019/5/17 21:08:24,搜狗输入法医生版,本次跨年派对是全国首次由政务,
57,3,"W'E'I'B'O'D1",6,微博,1558127317,2019/5/17 21:08:36,搜狗输入法医生版,本次跨年派对是全国首次由政务微博,
58,3,"Y'U'D1",3,与,1558127318,2019/5/17 21:08:38,搜狗输入法医生版,本次跨年派对是全国首次由政务微博与,
59,3,"C'A'O'G'D1",5,草根,1558127320,2019/5/17 21:08:39,搜狗输入法医生版,本次跨年派对是全国首次由政务微博与草根,
60,3,"W'E'I'B'D1",5,微博,1558127322,2019/5/17 21:08:42,搜狗输入法医生版,本次跨年派对是全国首次由政务微博与草根微博,
61,3,OemPeriod,1, ,1558127323,2019/5/17 21:08:43,搜狗输入法医生版,本次跨年派对是全国首次由政务微博与草根微博 ,
62,3,Back,1,- ,1558127324,2019/5/17 21:08:43,搜狗输入法医生版,本次跨年派对是全国首次由政务微博与草根微博,
63,3,OemQuestion,1, ,1558127324,2019/5/17 21:08:44,搜狗输入法医生版,本次跨年派对是全国首次由政务微博与草根微博 ,
64,3,"M'I'N'G'J'I'A'N'Back'Back'Back'Back'Back'J'I'A'N'D1",18,、民间,1558127330,2019/5/17 21:08:49,搜狗输入法医生版,本次跨年派对是全国首次由政务微博与草根微博、民间,
65,3,"L'L'D1",3,力量,1558127332,2019/5/17 21:08:51,搜狗输入法医生版,本次跨年派对是全国首次由政务微博与草根微博、民间力量,
66,3,"L'I'A'N'S'H'O'U'D2",9,联手,1558127335,2019/5/17 21:08:54,搜狗输入法医生版,本次跨年派对是全国首次由政务微博与草根微博、民间力量联手,
67,3,"J'U'B'D1",4,举办,1558127337,2019/5/17 21:08:56,搜狗输入法医生版,本次跨年派对是全国首次由政务微博与草根微博、民间力量联手举办,
68,3,"D'D1",2,的,1558127338,2019/5/17 21:08:57,搜狗输入法医生版,本次跨年派对是全国首次由政务微博与草根微博、民间力量联手举办的,
69,3,"W'A'N'G'L'U'O'D1",8,网络,1558127340,2019/5/17 21:09:00,搜狗输入法医生版,本次跨年派对是全国首次由政务微博与草根微博、民间力量联手举办的网络,
70,3,"H'U'O'D'D1",5,活动,1558127342,2019/5/17 21:09:01,搜狗输入法医生版,本次跨年派对是全国首次由政务微博与草根微博、民间力量联手举办的网络活动,
71,3,OemComma,1, ,1558127343,2019/5/17 21:09:02,搜狗输入法医生版,本次跨年派对是全国首次由政务微博与草根微博、民间力量联手举办的网络活动 ,
72,3,"Y'E'S'H'I'D1",6,，也是,1558127344,2019/5/17 21:09:04,搜狗输入法医生版,本次跨年派对是全国首次由政务微博与草根微博、民间力量联手举办的网络活动，也是,
73,3,D2,1,2,1558127345,2019/5/17 21:09:05,搜狗输入法医生版,本次跨年派对是全国首次由政务微博与草根微博、民间力量联手举办的网络活动，也是2,
74,3,D0,1,0,1558127346,2019/5/17 21:09:05,搜狗输入法医生版,本次跨年派对是全国首次由政务微博与草根微博、民间力量联手举办的网络活动，也是20,
75,3,D1,1,1,1558127346,2019/5/17 21:09:05,搜狗输入法医生版,本次跨年派对是全国首次由政务微博与草根微博、民间力量联手举办的网络活动，也是201,
76,3,D3,1,3,1558127347,2019/5/17 21:09:06,搜狗输入法医生版,本次跨年派对是全国首次由政务微博与草根微博、民间力量联手举办的网络活动，也是2013,
77,3,"N'I'A'N'D1",5,年,1558127348,2019/5/17 21:09:07,搜狗输入法医生版,本次跨年派对是全国首次由政务微博与草根微博、民间力量联手举办的网络活动，也是2013年,
78,3,"D'U'D1",3,度,1558127349,2019/5/17 21:09:09,搜狗输入法医生版,本次跨年派对是全国首次由政务微博与草根微博、民间力量联手举办的网络活动，也是2013年度,
79,3,"X'I'N'J'D1",5,新建,1558127351,2019/5/17 21:09:11,搜狗输入法医生版,本次跨年派对是全国首次由政务微博与草根微博、民间力量联手举办的网络活动，也是2013年度新建,
80,3,Back,1,-建,1558127352,2019/5/17 21:09:11,搜狗输入法医生版,本次跨年派对是全国首次由政务微博与草根微博、民间力量联手举办的网络活动，也是2013年度新,
81,3,"J'I'A'N'G'D2",6,疆,1558127354,2019/5/17 21:09:13,搜狗输入法医生版,本次跨年派对是全国首次由政务微博与草根微博、民间力量联手举办的网络活动，也是2013年度新疆,
82,3,"W'L'D1",3,网络,1558127356,2019/5/17 21:09:16,搜狗输入法医生版,本次跨年派对是全国首次由政务微博与草根微博、民间力量联手举办的网络活动，也是2013年度新疆网络,
83,3,"W'E'N'H'U'A'D1",7,文化,1558127358,2019/5/17 21:09:17,搜狗输入法医生版,本次跨年派对是全国首次由政务微博与草根微博、民间力量联手举办的网络活动，也是2013年度新疆网络文化,
84,3,"X'L'D3",3,系列,1558127361,2019/5/17 21:09:21,搜狗输入法医生版,本次跨年派对是全国首次由政务微博与草根微博、民间力量联手举办的网络活动，也是2013年度新疆网络文化系列,
85,3,"H'U'O'D'D1",5,活动,1558127363,2019/5/17 21:09:22,搜狗输入法医生版,本次跨年派对是全国首次由政务微博与草根微博、民间力量联手举办的网络活动，也是2013年度新疆网络文化系列活动,
86,3,"Z'H'I'J'Back'Y'I'D1",8,之一,1558127365,2019/5/17 21:09:25,搜狗输入法医生版,本次跨年派对是全国首次由政务微博与草根微博、民间力量联手举办的网络活动，也是2013年度新疆网络文化系列活动之一,
87,3,OemPeriod,1, ,1558127367,2019/5/17 21:09:26,搜狗输入法医生版,本次跨年派对是全国首次由政务微博与草根微博、民间力量联手举办的网络活动，也是2013年度新疆网络文化系列活动之一 ,
88,3,"J'I'E'Z'H'U'D1",7,。借助,1558127369,2019/5/17 21:09:28,搜狗输入法医生版,本次跨年派对是全国首次由政务微博与草根微博、民间力量联手举办的网络活动，也是2013年度新疆网络文化系列活动之一。借助,
89,3,"W'L'D1",3,网络,1558127371,2019/5/17 21:09:30,搜狗输入法医生版,本次跨年派对是全国首次由政务微博与草根微博、民间力量联手举办的网络活动，也是2013年度新疆网络文化系列活动之一。借助网络,
90,3,"P'T'D1",3,平台,1558127373,2019/5/17 21:09:32,搜狗输入法医生版,本次跨年派对是全国首次由政务微博与草根微博、民间力量联手举办的网络活动，也是2013年度新疆网络文化系列活动之一。借助网络平台,
91,3,"H'E'D1",3,和,1558127374,2019/5/17 21:09:34,搜狗输入法医生版,本次跨年派对是全国首次由政务微博与草根微博、民间力量联手举办的网络活动，也是2013年度新疆网络文化系列活动之一。借助网络平台和,
92,3,"P'A'I'D'D3",5,派对,1558127377,2019/5/17 21:09:37,搜狗输入法医生版,本次跨年派对是全国首次由政务微博与草根微博、民间力量联手举办的网络活动，也是2013年度新疆网络文化系列活动之一。借助网络平台和派对,
93,3,"M'O'S'D1",4,模式,1558127380,2019/5/17 21:09:39,搜狗输入法医生版,本次跨年派对是全国首次由政务微博与草根微博、民间力量联手举办的网络活动，也是2013年度新疆网络文化系列活动之一。借助网络平台和派对模式,
94,3,OemComma,1, ,1558127381,2019/5/17 21:09:40,搜狗输入法医生版,本次跨年派对是全国首次由政务微博与草根微博、民间力量联手举办的网络活动，也是2013年度新疆网络文化系列活动之一。借助网络平台和派对模式 ,
95,3,"Z'H'U'D'A'D1",6,，主打,1558127384,2019/5/17 21:09:44,搜狗输入法医生版,本次跨年派对是全国首次由政务微博与草根微博、民间力量联手举办的网络活动，也是2013年度新疆网络文化系列活动之一。借助网络平台和派对模式，主打,
96,3,"S'H'I'S'D1",5,时尚,1558127386,2019/5/17 21:09:45,搜狗输入法医生版,本次跨年派对是全国首次由政务微博与草根微博、民间力量联手举办的网络活动，也是2013年度新疆网络文化系列活动之一。借助网络平台和派对模式，主打时尚,
97,3,"X'I'N'J'D1",5,新疆,1558127387,2019/5/17 21:09:47,搜狗输入法医生版,本次跨年派对是全国首次由政务微博与草根微博、民间力量联手举办的网络活动，也是2013年度新疆网络文化系列活动之一。借助网络平台和派对模式，主打时尚新疆,
98,3,OemComma,1, ,1558127388,2019/5/17 21:09:48,搜狗输入法医生版,本次跨年派对是全国首次由政务微博与草根微博、民间力量联手举办的网络活动，也是2013年度新疆网络文化系列活动之一。借助网络平台和派对模式，主打时尚新疆 ,
99,3,"C'B'O'D1",4,，传播,1558127391,2019/5/17 21:09:50,搜狗输入法医生版,本次跨年派对是全国首次由政务微博与草根微博、民间力量联手举办的网络活动，也是2013年度新疆网络文化系列活动之一。借助网络平台和派对模式，主打时尚新疆，传播,
100,3,"Z'N'L'D1",4,在哪里,1558127394,2019/5/17 21:09:54,搜狗输入法医生版,本次跨年派对是全国首次由政务微博与草根微博、民间力量联手举办的网络活动，也是2013年度新疆网络文化系列活动之一。借助网络平台和派对模式，主打时尚新疆，传播在哪里,
101,3,Back,1,-里,1558127395,2019/5/17 21:09:54,搜狗输入法医生版,本次跨年派对是全国首次由政务微博与草根微博、民间力量联手举办的网络活动，也是2013年度新疆网络文化系列活动之一。借助网络平台和派对模式，主打时尚新疆，传播在哪,
102,3,Back,1,-哪,1558127395,2019/5/17 21:09:54,搜狗输入法医生版,本次跨年派对是全国首次由政务微博与草根微博、民间力量联手举办的网络活动，也是2013年度新疆网络文化系列活动之一。借助网络平台和派对模式，主打时尚新疆，传播在,
103,3,Back,1,-在,1558127395,2019/5/17 21:09:55,搜狗输入法医生版,本次跨年派对是全国首次由政务微博与草根微博、民间力量联手举办的网络活动，也是2013年度新疆网络文化系列活动之一。借助网络平台和派对模式，主打时尚新疆，传播,
104,3,"Z'N'L'D2",4,正能量,1558127397,2019/5/17 21:09:57,搜狗输入法医生版,本次跨年派对是全国首次由政务微博与草根微博、民间力量联手举办的网络活动，也是2013年度新疆网络文化系列活动之一。借助网络平台和派对模式，主打时尚新疆，传播正能量,
105,3,OemComma,1, ,1558127398,2019/5/17 21:09:58,搜狗输入法医生版,本次跨年派对是全国首次由政务微博与草根微博、民间力量联手举办的网络活动，也是2013年度新疆网络文化系列活动之一。借助网络平台和派对模式，主打时尚新疆，传播正能量 ,
106,3,"R'A'N'G'D1",5,，让,1558127400,2019/5/17 21:09:59,搜狗输入法医生版,本次跨年派对是全国首次由政务微博与草根微博、民间力量联手举办的网络活动，也是2013年度新疆网络文化系列活动之一。借助网络平台和派对模式，主打时尚新疆，传播正能量，让,
107,3,"G'D'U'O'R'D1",6,更多人,1558127402,2019/5/17 21:10:01,搜狗输入法医生版,本次跨年派对是全国首次由政务微博与草根微博、民间力量联手举办的网络活动，也是2013年度新疆网络文化系列活动之一。借助网络平台和派对模式，主打时尚新疆，传播正能量，让更多人,
108,3,"K'A'N'D'A'O'D1",7,看到,1558127404,2019/5/17 21:10:04,搜狗输入法医生版,本次跨年派对是全国首次由政务微博与草根微博、民间力量联手举办的网络活动，也是2013年度新疆网络文化系列活动之一。借助网络平台和派对模式，主打时尚新疆，传播正能量，让更多人看到,
109,3,"X'I'N'J'D1",5,新疆,1558127406,2019/5/17 21:10:05,搜狗输入法医生版,本次跨年派对是全国首次由政务微博与草根微博、民间力量联手举办的网络活动，也是2013年度新疆网络文化系列活动之一。借助网络平台和派对模式，主打时尚新疆，传播正能量，让更多人看到新疆,
110,3,"D'D1",2,的,1558127406,2019/5/17 21:10:06,搜狗输入法医生版,本次跨年派对是全国首次由政务微博与草根微博、民间力量联手举办的网络活动，也是2013年度新疆网络文化系列活动之一。借助网络平台和派对模式，主打时尚新疆，传播正能量，让更多人看到新疆的,
111,3,"F'Z'D1",3,发展,1558127408,2019/5/17 21:10:07,搜狗输入法医生版,本次跨年派对是全国首次由政务微博与草根微博、民间力量联手举办的网络活动，也是2013年度新疆网络文化系列活动之一。借助网络平台和派对模式，主打时尚新疆，传播正能量，让更多人看到新疆的发展,
112,3,"B'I'A'N'H'D1",6,变化,1558127409,2019/5/17 21:10:09,搜狗输入法医生版,本次跨年派对是全国首次由政务微博与草根微博、民间力量联手举办的网络活动，也是2013年度新疆网络文化系列活动之一。借助网络平台和派对模式，主打时尚新疆，传播正能量，让更多人看到新疆的发展变化,
113,3,OemPeriod,1, ,1558127410,2019/5/17 21:10:09,搜狗输入法医生版,本次跨年派对是全国首次由政务微博与草根微博、民间力量联手举办的网络活动，也是2013年度新疆网络文化系列活动之一。借助网络平台和派对模式，主打时尚新疆，传播正能量，让更多人看到新疆的发展变化 ,
