﻿ID,TID,Keyboard,KeyLength,MapText,TimeStamp,Time,IME,CurText
1,8,"S'H'U'S'H'O'U'Back'Back'Back'Back'D7",12,术,1558126001,2019/5/17 20:46:40,搜狗输入法医生版,术,
2,8,"H'O'U'D1",4,后,1558126002,2019/5/17 20:46:42,搜狗输入法医生版,术后,
3,8,"Z'H'E'N'D'U'A'N'D1",9,诊断,1558126004,2019/5/17 20:46:44,搜狗输入法医生版,术后诊断,
4,8,"RightShift'Oem1",2, ,1558126005,2019/5/17 20:46:45,搜狗输入法医生版,术后诊断 ,
5,8,"S'H'U'A'N'G'D2",7,：双,1558126008,2019/5/17 20:46:47,搜狗输入法医生版,术后诊断：双,
6,8,"L'U'A'N'C'X'I'A'N'A'I'D2",12,卵巢腺癌,1558126015,2019/5/17 20:46:55,搜狗输入法医生版,术后诊断：双卵巢腺癌,
7,8,"RightShift'I'I'RightShift'B'Return",6,IIB,1558126019,2019/5/17 20:46:59,搜狗输入法医生版,术后诊断：双卵巢腺癌IIB,
8,8,"Q'I'D'A'I'D1",6,期待,1558126025,2019/5/17 20:47:04,搜狗输入法医生版,术后诊断：双卵巢腺癌IIB期待,
9,8,Back,1,-待,1558126025,2019/5/17 20:47:05,搜狗输入法医生版,术后诊断：双卵巢腺癌IIB期,
10,8,OemPeriod,1, ,1558126027,2019/5/17 20:47:06,搜狗输入法医生版,术后诊断：双卵巢腺癌IIB期 ,
11,2,"H'U'A'N'E'R'D1",7,患儿,1558126033,2019/5/17 20:47:12,搜狗输入法医生版,患儿,
12,2,D1,1,1,1558126033,2019/5/17 20:47:13,搜狗输入法医生版,患儿1,
13,2,"T'I'A'N'D1",5,天,1558126035,2019/5/17 20:47:14,搜狗输入法医生版,患儿1天,
14,2,"Q'I'A'N'D1",5,前,1558126036,2019/5/17 20:47:16,搜狗输入法医生版,患儿1天前,
15,2,"W'U'M'X'D1",5,无明显,1558126039,2019/5/17 20:47:18,搜狗输入法医生版,患儿1天前无明显,
16,2,"Y'O'U'X'Back'Y'I'N'D1",9,诱因,1558126043,2019/5/17 20:47:23,搜狗输入法医生版,患儿1天前无明显诱因,
17,2,"C'H'U'X'D1",5,出现,1558126045,2019/5/17 20:47:24,搜狗输入法医生版,患儿1天前无明显诱因出现,
18,2,"Z'F'X'D7",4,阵发性,1558126049,2019/5/17 20:47:28,搜狗输入法医生版,患儿1天前无明显诱因出现阵发性,
19,2,"K'U'N'A'O'D2",6,哭闹,1558126054,2019/5/17 20:47:33,搜狗输入法医生版,患儿1天前无明显诱因出现阵发性哭闹,
20,2,OemComma,1, ,1558126055,2019/5/17 20:47:34,搜狗输入法医生版,患儿1天前无明显诱因出现阵发性哭闹 ,
21,2,"B'A'N'S'U'I'D1",7,，伴随,1558126059,2019/5/17 20:47:38,搜狗输入法医生版,患儿1天前无明显诱因出现阵发性哭闹，伴随,
22,2,Back,1,-随,1558126059,2019/5/17 20:47:39,搜狗输入法医生版,患儿1天前无明显诱因出现阵发性哭闹，伴,
23,2,"O'U'T'D1",4,呕吐,1558126062,2019/5/17 20:47:41,搜狗输入法医生版,患儿1天前无明显诱因出现阵发性哭闹，伴呕吐,
24,2,OemComma,1, ,1558126063,2019/5/17 20:47:42,搜狗输入法医生版,患儿1天前无明显诱因出现阵发性哭闹，伴呕吐 ,
25,2,"O'U'T'W'D1",5,，呕吐物,1558126066,2019/5/17 20:47:45,搜狗输入法医生版,患儿1天前无明显诱因出现阵发性哭闹，伴呕吐，呕吐物,
26,2,"W'E'I'D1",4,为,1558126067,2019/5/17 20:47:47,搜狗输入法医生版,患儿1天前无明显诱因出现阵发性哭闹，伴呕吐，呕吐物为,
27,2,"W'E'I'N'E'I'R'W'D1",9,胃内容物,1558126072,2019/5/17 20:47:51,搜狗输入法医生版,患儿1天前无明显诱因出现阵发性哭闹，伴呕吐，呕吐物为胃内容物,
28,2,OemComma,1, ,1558126073,2019/5/17 20:47:53,搜狗输入法医生版,患儿1天前无明显诱因出现阵发性哭闹，伴呕吐，呕吐物为胃内容物 ,
29,2,"W'U'D1",3,，无,1558126075,2019/5/17 20:47:54,搜狗输入法医生版,患儿1天前无明显诱因出现阵发性哭闹，伴呕吐，呕吐物为胃内容物，无,
30,2,"K'A'C'Back'F'Y'A'N'G'D1",10,咖啡样,1558126080,2019/5/17 20:48:00,搜狗输入法医生版,患儿1天前无明显诱因出现阵发性哭闹，伴呕吐，呕吐物为胃内容物，无咖啡样,
31,2,"W'U'D2",3,物,1558126082,2019/5/17 20:48:02,搜狗输入法医生版,患儿1天前无明显诱因出现阵发性哭闹，伴呕吐，呕吐物为胃内容物，无咖啡样物,
32,2,OemComma,1, ,1558126083,2019/5/17 20:48:03,搜狗输入法医生版,患儿1天前无明显诱因出现阵发性哭闹，伴呕吐，呕吐物为胃内容物，无咖啡样物 ,
33,2,"O'N'G'Back'Back'Back'G'O'N'G'D2",11,，共,1558126088,2019/5/17 20:48:07,搜狗输入法医生版,患儿1天前无明显诱因出现阵发性哭闹，伴呕吐，呕吐物为胃内容物，无咖啡样物，共,
34,2,D5,1,5,1558126089,2019/5/17 20:48:08,搜狗输入法医生版,患儿1天前无明显诱因出现阵发性哭闹，伴呕吐，呕吐物为胃内容物，无咖啡样物，共5,
35,2,"C'I'D1",3,次,1558126090,2019/5/17 20:48:10,搜狗输入法医生版,患儿1天前无明显诱因出现阵发性哭闹，伴呕吐，呕吐物为胃内容物，无咖啡样物，共5次,
36,2,OemPeriod,1, ,1558126091,2019/5/17 20:48:11,搜狗输入法医生版,患儿1天前无明显诱因出现阵发性哭闹，伴呕吐，呕吐物为胃内容物，无咖啡样物，共5次 ,
37,6,"S'H'U'D1",4,术,1558126097,2019/5/17 20:48:16,搜狗输入法医生版,术,
38,6,"S'H'O'U'Back'Back'Back'H'O'U'Back'Back'Back'Back'H'O'U'D1",18,后,1558126103,2019/5/17 20:48:23,搜狗输入法医生版,术后,
39,6,"Z'D'U'A'N'D1",6,诊断,1558126105,2019/5/17 20:48:25,搜狗输入法医生版,术后诊断,
40,6,"RightShift'Oem1",2, ,1558126106,2019/5/17 20:48:26,搜狗输入法医生版,术后诊断 ,
41,6,"S'H'D2",3,：双,1558126108,2019/5/17 20:48:28,搜狗输入法医生版,术后诊断：双,
42,6,"L'C'D6",3,卵巢腺癌,1558126112,2019/5/17 20:48:31,搜狗输入法医生版,术后诊断：双卵巢腺癌,
43,6,"RightShift'I'I'B'Return",5,IIB,1558126116,2019/5/17 20:48:35,搜狗输入法医生版,术后诊断：双卵巢腺癌IIB,
44,6,"Q'I'D1",3,期,1558126117,2019/5/17 20:48:37,搜狗输入法医生版,术后诊断：双卵巢腺癌IIB期,
45,6,OemPeriod,1, ,1558126118,2019/5/17 20:48:38,搜狗输入法医生版,术后诊断：双卵巢腺癌IIB期 ,
