﻿ID,TID,Keyboard,KeyLength,MapText,TimeStamp,Time,IME,CurText
1,8,"S'H'U'H'O'U'D1",7,术后,1558126754,2019/5/17 20:59:14,中文(简体) - 百度输入法,术后,
2,8,"Z'D'U'A'N'D4",6,诊断,1558126759,2019/5/17 20:59:19,中文(简体) - 百度输入法,术后诊断,
3,8,"RightShift'Oem1",2,：,1558126761,2019/5/17 20:59:20,中文(简体) - 百度输入法,术后诊断：,
4,8,"S'H'U'A'N'G'D1",7,双,1558126764,2019/5/17 20:59:23,中文(简体) - 百度输入法,术后诊断：双,
5,8,"L'C'A'O'Back'D1",6,卵巢癌,1558126770,2019/5/17 20:59:30,中文(简体) - 百度输入法,术后诊断：双卵巢癌,
6,8,Back,1,-癌,1558126771,2019/5/17 20:59:30,中文(简体) - 百度输入法,术后诊断：双卵巢,
7,8,"X'I'A'N'A'N'Back'I'D3",9,腺癌,1558126776,2019/5/17 20:59:35,中文(简体) - 百度输入法,术后诊断：双卵巢腺癌,
8,8,"RightShift'I'I'B'Return",5,IIB,1558126779,2019/5/17 20:59:39,中文(简体) - 百度输入法,术后诊断：双卵巢腺癌IIB,
9,8,"Q'I'D3",3,期,1558126782,2019/5/17 20:59:41,中文(简体) - 百度输入法,术后诊断：双卵巢腺癌IIB期,
10,8,OemPeriod,1,。,1558126783,2019/5/17 20:59:42,中文(简体) - 百度输入法,术后诊断：双卵巢腺癌IIB期。,
11,2,"H'U'A'N'E'R'D1",7,患儿,1558126789,2019/5/17 20:59:48,中文(简体) - 百度输入法,患儿,
12,2,D1,1,1,1558126790,2019/5/17 20:59:49,中文(简体) - 百度输入法,患儿1,
13,2,"T'I'A'N'D1",5,天,1558126792,2019/5/17 20:59:51,中文(简体) - 百度输入法,患儿1天,
14,2,"Q'I'A'N'D1",5,前,1558126793,2019/5/17 20:59:53,中文(简体) - 百度输入法,患儿1天前,
15,2,"W'U'D1",3,无,1558126795,2019/5/17 20:59:54,中文(简体) - 百度输入法,患儿1天前无,
16,2,"M'I'N'G'X'I'A'N'D1",9,明显,1558126797,2019/5/17 20:59:57,中文(简体) - 百度输入法,患儿1天前无明显,
17,2,"Y'O'U'Y'I'N'D1",7,诱因,1558126800,2019/5/17 20:59:59,中文(简体) - 百度输入法,患儿1天前无明显诱因,
18,2,"C'H'U'X'D1",5,出现,1558126801,2019/5/17 21:00:01,中文(简体) - 百度输入法,患儿1天前无明显诱因出现,
19,2,"Z'F'X'I'N'G'Back'Back'Back'Back'Back'H'E'N'G'F'A'X'I'N'G'D3",22,阵发性,1558126812,2019/5/17 21:00:11,中文(简体) - 百度输入法,患儿1天前无明显诱因出现阵发性,
20,2,"K'U'N'A'O'D2",6,哭闹,1558126815,2019/5/17 21:00:15,中文(简体) - 百度输入法,患儿1天前无明显诱因出现阵发性哭闹,
21,2,OemComma,1,，,1558126817,2019/5/17 21:00:16,中文(简体) - 百度输入法,患儿1天前无明显诱因出现阵发性哭闹，,
22,2,"B'A'N'S'D3",5,伴随,1558126821,2019/5/17 21:00:20,中文(简体) - 百度输入法,患儿1天前无明显诱因出现阵发性哭闹，伴随,
23,2,Back,1,-随,1558126821,2019/5/17 21:00:21,中文(简体) - 百度输入法,患儿1天前无明显诱因出现阵发性哭闹，伴,
24,2,"O'U'T'D2",4,呕吐,1558126824,2019/5/17 21:00:24,中文(简体) - 百度输入法,患儿1天前无明显诱因出现阵发性哭闹，伴呕吐,
25,2,Back,1,-吐,1558126825,2019/5/17 21:00:24,中文(简体) - 百度输入法,患儿1天前无明显诱因出现阵发性哭闹，伴呕,
26,2,"T'U'D3",3,吐,1558126829,2019/5/17 21:00:29,中文(简体) - 百度输入法,患儿1天前无明显诱因出现阵发性哭闹，伴呕吐,
27,2,OemComma,1,，,1558126830,2019/5/17 21:00:30,中文(简体) - 百度输入法,患儿1天前无明显诱因出现阵发性哭闹，伴呕吐，,
28,2,"O'U'T'W'D2",5,呕吐物,1558126833,2019/5/17 21:00:32,中文(简体) - 百度输入法,患儿1天前无明显诱因出现阵发性哭闹，伴呕吐，呕吐物,
29,2,"W'E'I'D1",4,为,1558126834,2019/5/17 21:00:34,中文(简体) - 百度输入法,患儿1天前无明显诱因出现阵发性哭闹，伴呕吐，呕吐物为,
30,2,"W'E'I'N'E'I'R'W'D2",9,胃内容物,1558126839,2019/5/17 21:00:38,中文(简体) - 百度输入法,患儿1天前无明显诱因出现阵发性哭闹，伴呕吐，呕吐物为胃内容物,
31,2,OemComma,1,，,1558126840,2019/5/17 21:00:39,中文(简体) - 百度输入法,患儿1天前无明显诱因出现阵发性哭闹，伴呕吐，呕吐物为胃内容物，,
32,2,"W'U'D1",3,无,1558126841,2019/5/17 21:00:40,中文(简体) - 百度输入法,患儿1天前无明显诱因出现阵发性哭闹，伴呕吐，呕吐物为胃内容物，无,
33,2,"K'F'Y'A'N'G'Back'Back'Back'Back'Back'A'F'E'I'Y'D1",17,咖啡因,1558126850,2019/5/17 21:00:49,中文(简体) - 百度输入法,患儿1天前无明显诱因出现阵发性哭闹，伴呕吐，呕吐物为胃内容物，无咖啡因,
34,2,Back,1,-因,1558126850,2019/5/17 21:00:50,中文(简体) - 百度输入法,患儿1天前无明显诱因出现阵发性哭闹，伴呕吐，呕吐物为胃内容物，无咖啡,
35,2,"Y'A'N'G'D1",5,样,1558126852,2019/5/17 21:00:51,中文(简体) - 百度输入法,患儿1天前无明显诱因出现阵发性哭闹，伴呕吐，呕吐物为胃内容物，无咖啡样,
36,2,"W'U'Z'D1",4,物质,1558126854,2019/5/17 21:00:54,中文(简体) - 百度输入法,患儿1天前无明显诱因出现阵发性哭闹，伴呕吐，呕吐物为胃内容物，无咖啡样物质,
37,2,Back,1,-质,1558126855,2019/5/17 21:00:54,中文(简体) - 百度输入法,患儿1天前无明显诱因出现阵发性哭闹，伴呕吐，呕吐物为胃内容物，无咖啡样物,
38,2,OemComma,1,，,1558126855,2019/5/17 21:00:55,中文(简体) - 百度输入法,患儿1天前无明显诱因出现阵发性哭闹，伴呕吐，呕吐物为胃内容物，无咖啡样物，,
39,2,"G'O'N'G'D2",5,共,1558126857,2019/5/17 21:00:57,中文(简体) - 百度输入法,患儿1天前无明显诱因出现阵发性哭闹，伴呕吐，呕吐物为胃内容物，无咖啡样物，共,
40,2,D5,1,5,1558126859,2019/5/17 21:00:58,中文(简体) - 百度输入法,患儿1天前无明显诱因出现阵发性哭闹，伴呕吐，呕吐物为胃内容物，无咖啡样物，共5,
41,2,"C'I'D1",3,次,1558126860,2019/5/17 21:00:59,中文(简体) - 百度输入法,患儿1天前无明显诱因出现阵发性哭闹，伴呕吐，呕吐物为胃内容物，无咖啡样物，共5次,
42,2,OemPeriod,1,。,1558126861,2019/5/17 21:01:00,中文(简体) - 百度输入法,患儿1天前无明显诱因出现阵发性哭闹，伴呕吐，呕吐物为胃内容物，无咖啡样物，共5次。,
43,6,"S'H'U'H'O'U'D1",7,术后,1558126866,2019/5/17 21:01:05,中文(简体) - 百度输入法,术后,
44,6,"Z'D'D1",3,诊断,1558126867,2019/5/17 21:01:07,中文(简体) - 百度输入法,术后诊断,
45,6,"RightShift'Oem1",2,：,1558126868,2019/5/17 21:01:08,中文(简体) - 百度输入法,术后诊断：,
46,6,"S'D2",2,双,1558126870,2019/5/17 21:01:10,中文(简体) - 百度输入法,术后诊断：双,
47,6,"L'C'A'O'Back'D1",6,卵巢癌,1558126876,2019/5/17 21:01:15,中文(简体) - 百度输入法,术后诊断：双卵巢癌,
48,6,Back,1,-癌,1558126876,2019/5/17 21:01:16,中文(简体) - 百度输入法,术后诊断：双卵巢,
49,6,"X'I'A'N'A'I'D1",7,腺癌,1558126879,2019/5/17 21:01:18,中文(简体) - 百度输入法,术后诊断：双卵巢腺癌,
50,6,"RightShift'I'I'B'Return",5,IIB,1558126882,2019/5/17 21:01:22,中文(简体) - 百度输入法,术后诊断：双卵巢腺癌IIB,
51,6,"Q'I'D1",3,期,1558126884,2019/5/17 21:01:23,中文(简体) - 百度输入法,术后诊断：双卵巢腺癌IIB期,
52,6,OemPeriod,1,。,1558126884,2019/5/17 21:01:24,中文(简体) - 百度输入法,术后诊断：双卵巢腺癌IIB期。,
53,4,"H'U'A'N'Z'D1",6,患者,1558126889,2019/5/17 21:01:29,中文(简体) - 百度输入法,患者,
54,4,"Y'I'N'D1",4,因,1558126891,2019/5/17 21:01:31,中文(简体) - 百度输入法,患者因,
55,4,"RightShift'OemQuotes",2,“,1558126892,2019/5/17 21:01:32,中文(简体) - 百度输入法,患者因“,
56,4,"B'U'G'Z'D3",5,不规则,1558126896,2019/5/17 21:01:36,中文(简体) - 百度输入法,患者因“不规则,
57,4,"Y'I'N'D'D3",5,阴道,1558126900,2019/5/17 21:01:39,中文(简体) - 百度输入法,患者因“不规则阴道,
58,4,"L'I'U'X'D1",5,流血,1558126903,2019/5/17 21:01:42,中文(简体) - 百度输入法,患者因“不规则阴道流血,
59,4,"B'A'N'S'D3",5,伴随,1558126907,2019/5/17 21:01:46,中文(简体) - 百度输入法,患者因“不规则阴道流血伴随,
60,4,Back,1,-随,1558126907,2019/5/17 21:01:46,中文(简体) - 百度输入法,患者因“不规则阴道流血伴,
61,4,"Y'I'N'D'D1",5,阴道,1558126909,2019/5/17 21:01:49,中文(简体) - 百度输入法,患者因“不规则阴道流血伴阴道,
62,4,"P'A'I'Y'E'D1",6,排液,1558126913,2019/5/17 21:01:52,中文(简体) - 百度输入法,患者因“不规则阴道流血伴阴道排液,
63,4,D1,1,1,1558126913,2019/5/17 21:01:53,中文(简体) - 百度输入法,患者因“不规则阴道流血伴阴道排液1,
64,4,"RightShift'OemPlus",2,+,1558126914,2019/5/17 21:01:54,中文(简体) - 百度输入法,患者因“不规则阴道流血伴阴道排液1+,
65,4,"N'I'A'N'D1",5,年,1558126915,2019/5/17 21:01:55,中文(简体) - 百度输入法,患者因“不规则阴道流血伴阴道排液1+年,
66,4,"RightShift'OemQuotes",2,”,1558126917,2019/5/17 21:01:56,中文(简体) - 百度输入法,患者因“不规则阴道流血伴阴道排液1+年”,
67,4,OemComma,1,，,1558126917,2019/5/17 21:01:56,中文(简体) - 百度输入法,患者因“不规则阴道流血伴阴道排液1+年”，,
68,4,"Z'D'X'I'N'G'Back'Back'Back'Back'U'A'N'X'D1",15,诊断学,1558126925,2019/5/17 21:02:04,中文(简体) - 百度输入法,患者因“不规则阴道流血伴阴道排液1+年”，诊断学,
69,4,Back,1,-学,1558126925,2019/5/17 21:02:05,中文(简体) - 百度输入法,患者因“不规则阴道流血伴阴道排液1+年”，诊断,
70,4,"X'I'N'G'D2",5,性,1558126927,2019/5/17 21:02:06,中文(简体) - 百度输入法,患者因“不规则阴道流血伴阴道排液1+年”，诊断性,
71,4,"G'U'A'D3",4,刮,1558126932,2019/5/17 21:02:11,中文(简体) - 百度输入法,患者因“不规则阴道流血伴阴道排液1+年”，诊断性刮,
72,4,"G'O'N'G'J'I'N'Back'Back'Back'D'I'A'N'D2",15,宫殿,1558126940,2019/5/17 21:02:19,中文(简体) - 百度输入法,患者因“不规则阴道流血伴阴道排液1+年”，诊断性刮宫殿,
73,4,Back,1,-殿,1558126940,2019/5/17 21:02:19,中文(简体) - 百度输入法,患者因“不规则阴道流血伴阴道排液1+年”，诊断性刮宫,
74,4,"B'L'I'Back'Back'I'N'G'Oem1",9,并；,1558126946,2019/5/17 21:02:26,中文(简体) - 百度输入法,患者因“不规则阴道流血伴阴道排液1+年”，诊断性刮宫并；,
75,4,Back,1,-；,1558126947,2019/5/17 21:02:27,中文(简体) - 百度输入法,患者因“不规则阴道流血伴阴道排液1+年”，诊断性刮宫并,
76,4,Back,1,-并,1558126947,2019/5/17 21:02:27,中文(简体) - 百度输入法,患者因“不规则阴道流血伴阴道排液1+年”，诊断性刮宫,
77,4,"B'I'N'G'L'I'D2",7,病理,1558126950,2019/5/17 21:02:30,中文(简体) - 百度输入法,患者因“不规则阴道流血伴阴道排液1+年”，诊断性刮宫病理,
78,4,"T'I'S'D1",4,提示,1558126952,2019/5/17 21:02:32,中文(简体) - 百度输入法,患者因“不规则阴道流血伴阴道排液1+年”，诊断性刮宫病理提示,
79,4,"RightShift'Oem1",2,：,1558126954,2019/5/17 21:02:33,中文(简体) - 百度输入法,患者因“不规则阴道流血伴阴道排液1+年”，诊断性刮宫病理提示：,
80,4,"RightShift'D9",2,（,1558126954,2019/5/17 21:02:34,中文(简体) - 百度输入法,患者因“不规则阴道流血伴阴道排液1+年”，诊断性刮宫病理提示：（,
81,4,"G'O'N'G'Q'I'A'N'G'D1",10,宫腔,1558126958,2019/5/17 21:02:37,中文(简体) - 百度输入法,患者因“不规则阴道流血伴阴道排液1+年”，诊断性刮宫病理提示：（宫腔,
82,4,"RightShift'D0",2,）,1558126959,2019/5/17 21:02:39,中文(简体) - 百度输入法,患者因“不规则阴道流血伴阴道排液1+年”，诊断性刮宫病理提示：（宫腔）,
83,4,"Z'I'G'N'M'Y'D1",7,子宫内膜炎,1558126966,2019/5/17 21:02:46,中文(简体) - 百度输入法,患者因“不规则阴道流血伴阴道排液1+年”，诊断性刮宫病理提示：（宫腔）子宫内膜炎,
84,4,Back,1,-炎,1558126967,2019/5/17 21:02:46,中文(简体) - 百度输入法,患者因“不规则阴道流血伴阴道排液1+年”，诊断性刮宫病理提示：（宫腔）子宫内膜,
85,4,"Y'A'N'G'D1",5,样,1558126968,2019/5/17 21:02:48,中文(简体) - 百度输入法,患者因“不规则阴道流血伴阴道排液1+年”，诊断性刮宫病理提示：（宫腔）子宫内膜样,
86,4,"X'I'A'N'A'I'D1",7,腺癌,1558126971,2019/5/17 21:02:51,中文(简体) - 百度输入法,患者因“不规则阴道流血伴阴道排液1+年”，诊断性刮宫病理提示：（宫腔）子宫内膜样腺癌,
87,4,"RightShift'RightShift'RightShift'RightShift'RightShift'RightShift'RightShift'RightShift'RightShift'RightShift'RightShift'RightShift'RightShift'RightShift'RightShift'RightShift'RightShift'RightShift'RightShift'RightShift'RightShift'RightShift'RightShift'RightShift'RightShift'RightShift'RightShift'RightShift'RightShift'RightShift'RightShift'RightShift'RightShift'RightShift'RightShift'RightShift'RightShift'RightShift'RightShift'RightShift'RightShift'RightShift'RightShift'RightShift'RightShift'RightShift'RightShift'RightShift'RightShift'RightShift'RightShift'RightShift'RightShift'RightShift'RightShift'RightShift'RightShift'G'Return",59,G,1558126975,2019/5/17 21:02:55,中文(简体) - 百度输入法,患者因“不规则阴道流血伴阴道排液1+年”，诊断性刮宫病理提示：（宫腔）子宫内膜样腺癌G,
88,4,D2,1,2,1558126976,2019/5/17 21:02:55,中文(简体) - 百度输入法,患者因“不规则阴道流血伴阴道排液1+年”，诊断性刮宫病理提示：（宫腔）子宫内膜样腺癌G2,
89,4,Oem1,1,；,1558126976,2019/5/17 21:02:56,中文(简体) - 百度输入法,患者因“不规则阴道流血伴阴道排液1+年”，诊断性刮宫病理提示：（宫腔）子宫内膜样腺癌G2；,
90,4,"W'O'Y'U'A'N'D1",7,我院,1558126979,2019/5/17 21:02:58,中文(简体) - 百度输入法,患者因“不规则阴道流血伴阴道排液1+年”，诊断性刮宫病理提示：（宫腔）子宫内膜样腺癌G2；我院,
91,4,"B'I'N'G'L'D1",6,病理,1558126982,2019/5/17 21:03:01,中文(简体) - 百度输入法,患者因“不规则阴道流血伴阴道排液1+年”，诊断性刮宫病理提示：（宫腔）子宫内膜样腺癌G2；我院病理,
92,4,"H'U'I'Z'H'E'N'D1",8,会诊,1558126985,2019/5/17 21:03:04,中文(简体) - 百度输入法,患者因“不规则阴道流血伴阴道排液1+年”，诊断性刮宫病理提示：（宫腔）子宫内膜样腺癌G2；我院病理会诊,
93,4,"T'I'S'D1",4,提示,1558126987,2019/5/17 21:03:06,中文(简体) - 百度输入法,患者因“不规则阴道流血伴阴道排液1+年”，诊断性刮宫病理提示：（宫腔）子宫内膜样腺癌G2；我院病理会诊提示,
94,4,"RightShift'Oem1",2,：,1558126988,2019/5/17 21:03:07,中文(简体) - 百度输入法,患者因“不规则阴道流血伴阴道排液1+年”，诊断性刮宫病理提示：（宫腔）子宫内膜样腺癌G2；我院病理会诊提示：,
95,4,"Z'G'O'N'G'Back'Back'Back'Back'O'Back'I'G'D3",14,子宫,1558126995,2019/5/17 21:03:15,中文(简体) - 百度输入法,患者因“不规则阴道流血伴阴道排液1+年”，诊断性刮宫病理提示：（宫腔）子宫内膜样腺癌G2；我院病理会诊提示：子宫,
96,4,"N'E'I'M'D1",5,内膜,1558126999,2019/5/17 21:03:18,中文(简体) - 百度输入法,患者因“不规则阴道流血伴阴道排液1+年”，诊断性刮宫病理提示：（宫腔）子宫内膜样腺癌G2；我院病理会诊提示：子宫内膜,
97,4,"Y'A'N'G'D1",5,样,1558127000,2019/5/17 21:03:20,中文(简体) - 百度输入法,患者因“不规则阴道流血伴阴道排液1+年”，诊断性刮宫病理提示：（宫腔）子宫内膜样腺癌G2；我院病理会诊提示：子宫内膜样,
98,4,"X'I'A'N'A'I'D1",7,腺癌,1558127003,2019/5/17 21:03:23,中文(简体) - 百度输入法,患者因“不规则阴道流血伴阴道排液1+年”，诊断性刮宫病理提示：（宫腔）子宫内膜样腺癌G2；我院病理会诊提示：子宫内膜样腺癌,
99,4,"RightShift'RightShift'RightShift'RightShift'RightShift'RightShift'RightShift'RightShift'RightShift'RightShift'RightShift'RightShift'RightShift'RightShift'RightShift'RightShift'RightShift'RightShift'RightShift'RightShift'RightShift'RightShift'RightShift'RightShift'RightShift'RightShift'G'D2'OemMinus'D3'Return",31,G2-3,1558127008,2019/5/17 21:03:28,中文(简体) - 百度输入法,患者因“不规则阴道流血伴阴道排液1+年”，诊断性刮宫病理提示：（宫腔）子宫内膜样腺癌G2；我院病理会诊提示：子宫内膜样腺癌G2-3,
100,4,OemComma,1,，,1558127009,2019/5/17 21:03:28,中文(简体) - 百度输入法,患者因“不规则阴道流血伴阴道排液1+年”，诊断性刮宫病理提示：（宫腔）子宫内膜样腺癌G2；我院病理会诊提示：子宫内膜样腺癌G2-3，,
101,4,"J'I'N'G'Back'Back'Back'Back'G'O'N'G'J'I'N'G'U'A'N'D3",20,宫颈管,1558127026,2019/5/17 21:03:46,中文(简体) - 百度输入法,患者因“不规则阴道流血伴阴道排液1+年”，诊断性刮宫病理提示：（宫腔）子宫内膜样腺癌G2；我院病理会诊提示：子宫内膜样腺癌G2-3，宫颈管,
102,4,"S'A'O'G'U'A'Back'Back'Back'Down'Right'Right'Right'D1",14,搔,1558127039,2019/5/17 21:03:59,中文(简体) - 百度输入法,患者因“不规则阴道流血伴阴道排液1+年”，诊断性刮宫病理提示：（宫腔）子宫内膜样腺癌G2；我院病理会诊提示：子宫内膜样腺癌G2-3，宫颈管搔,
103,4,"G'U'A'D1",4,刮,1558127041,2019/5/17 21:04:01,中文(简体) - 百度输入法,患者因“不规则阴道流血伴阴道排液1+年”，诊断性刮宫病理提示：（宫腔）子宫内膜样腺癌G2；我院病理会诊提示：子宫内膜样腺癌G2-3，宫颈管搔刮,
104,4,"Z'U'Z'D1",4,组织,1558127044,2019/5/17 21:04:03,中文(简体) - 百度输入法,患者因“不规则阴道流血伴阴道排液1+年”，诊断性刮宫病理提示：（宫腔）子宫内膜样腺癌G2；我院病理会诊提示：子宫内膜样腺癌G2-3，宫颈管搔刮组织,
105,4,"J'I'A'N'D1",5,见,1558127045,2019/5/17 21:04:05,中文(简体) - 百度输入法,患者因“不规则阴道流血伴阴道排液1+年”，诊断性刮宫病理提示：（宫腔）子宫内膜样腺癌G2；我院病理会诊提示：子宫内膜样腺癌G2-3，宫颈管搔刮组织见,
106,4,"S'H'A'O'L'D1",6,少量,1558127047,2019/5/17 21:04:07,中文(简体) - 百度输入法,患者因“不规则阴道流血伴阴道排液1+年”，诊断性刮宫病理提示：（宫腔）子宫内膜样腺癌G2；我院病理会诊提示：子宫内膜样腺癌G2-3，宫颈管搔刮组织见少量,
107,4,"N'I'A'N'M'D2",6,粘膜,1558127051,2019/5/17 21:04:11,中文(简体) - 百度输入法,患者因“不规则阴道流血伴阴道排液1+年”，诊断性刮宫病理提示：（宫腔）子宫内膜样腺癌G2；我院病理会诊提示：子宫内膜样腺癌G2-3，宫颈管搔刮组织见少量粘膜,
108,4,"Z'U'Z'D1",4,组织,1558127053,2019/5/17 21:04:13,中文(简体) - 百度输入法,患者因“不规则阴道流血伴阴道排液1+年”，诊断性刮宫病理提示：（宫腔）子宫内膜样腺癌G2；我院病理会诊提示：子宫内膜样腺癌G2-3，宫颈管搔刮组织见少量粘膜组织,
109,4,"J'I'D1",3,及,1558127055,2019/5/17 21:04:14,中文(简体) - 百度输入法,患者因“不规则阴道流血伴阴道排液1+年”，诊断性刮宫病理提示：（宫腔）子宫内膜样腺癌G2；我院病理会诊提示：子宫内膜样腺癌G2-3，宫颈管搔刮组织见少量粘膜组织及,
110,4,"S'H'A'O'L'D1",6,少量,1558127058,2019/5/17 21:04:17,中文(简体) - 百度输入法,患者因“不规则阴道流血伴阴道排液1+年”，诊断性刮宫病理提示：（宫腔）子宫内膜样腺癌G2；我院病理会诊提示：子宫内膜样腺癌G2-3，宫颈管搔刮组织见少量粘膜组织及少量,
111,4,"Y'I'X'I'N'G'D2",7,异性,1558127065,2019/5/17 21:04:24,中文(简体) - 百度输入法,患者因“不规则阴道流血伴阴道排液1+年”，诊断性刮宫病理提示：（宫腔）子宫内膜样腺癌G2；我院病理会诊提示：子宫内膜样腺癌G2-3，宫颈管搔刮组织见少量粘膜组织及少量异性,
112,4,Back,1,-性,1558127065,2019/5/17 21:04:24,中文(简体) - 百度输入法,患者因“不规则阴道流血伴阴道排液1+年”，诊断性刮宫病理提示：（宫腔）子宫内膜样腺癌G2；我院病理会诊提示：子宫内膜样腺癌G2-3，宫颈管搔刮组织见少量粘膜组织及少量异,
113,4,"X'I'N'G'T'A'I'D5",8,型态,1558127071,2019/5/17 21:04:30,中文(简体) - 百度输入法,患者因“不规则阴道流血伴阴道排液1+年”，诊断性刮宫病理提示：（宫腔）子宫内膜样腺癌G2；我院病理会诊提示：子宫内膜样腺癌G2-3，宫颈管搔刮组织见少量粘膜组织及少量异型态,
114,4,Back,1,-态,1558127071,2019/5/17 21:04:31,中文(简体) - 百度输入法,患者因“不规则阴道流血伴阴道排液1+年”，诊断性刮宫病理提示：（宫腔）子宫内膜样腺癌G2；我院病理会诊提示：子宫内膜样腺癌G2-3，宫颈管搔刮组织见少量粘膜组织及少量异型,
115,4,"D'D1",2,的,1558127073,2019/5/17 21:04:32,中文(简体) - 百度输入法,患者因“不规则阴道流血伴阴道排液1+年”，诊断性刮宫病理提示：（宫腔）子宫内膜样腺癌G2；我院病理会诊提示：子宫内膜样腺癌G2-3，宫颈管搔刮组织见少量粘膜组织及少量异型的,
116,4,"N'E'I'M'D1",5,内膜,1558127075,2019/5/17 21:04:34,中文(简体) - 百度输入法,患者因“不规则阴道流血伴阴道排液1+年”，诊断性刮宫病理提示：（宫腔）子宫内膜样腺癌G2；我院病理会诊提示：子宫内膜样腺癌G2-3，宫颈管搔刮组织见少量粘膜组织及少量异型的内膜,
117,4,"X'I'A'N'T'I'D3",7,腺体,1558127078,2019/5/17 21:04:38,中文(简体) - 百度输入法,患者因“不规则阴道流血伴阴道排液1+年”，诊断性刮宫病理提示：（宫腔）子宫内膜样腺癌G2；我院病理会诊提示：子宫内膜样腺癌G2-3，宫颈管搔刮组织见少量粘膜组织及少量异型的内膜腺体,
118,4,OemPeriod,1,。,1558127079,2019/5/17 21:04:39,中文(简体) - 百度输入法,患者因“不规则阴道流血伴阴道排液1+年”，诊断性刮宫病理提示：（宫腔）子宫内膜样腺癌G2；我院病理会诊提示：子宫内膜样腺癌G2-3，宫颈管搔刮组织见少量粘膜组织及少量异型的内膜腺体。,
