﻿ID,TID,Keyboard,KeyLength,MapText,TimeStamp,Time,IME,CurText
1,7,"W'U'D1",3,无,1558126417,2019/5/17 20:53:36,搜狗拼音输入法,无,
2,7,"X'U'E'K'Z'Back'Back'Back'K'Z'D1",11,许可证,1558126424,2019/5/17 20:53:43,搜狗拼音输入法,无许可证,
3,7,"P'A'I'D4",4,排,1558126429,2019/5/17 20:53:49,搜狗拼音输入法,无许可证排,
4,7,"W'U'S'D1",4,污水,1558126431,2019/5/17 20:53:50,搜狗拼音输入法,无许可证排污水,
5,7,"Z'U'I'G'D1",5,最高,1558126433,2019/5/17 20:53:53,搜狗拼音输入法,无许可证排污水最高,
6,7,"K'E'D1",3,可,1558126435,2019/5/17 20:53:55,搜狗拼音输入法,无许可证排污水最高可,
7,7,"F'A'D3",3,罚,1558126437,2019/5/17 20:53:57,搜狗拼音输入法,无许可证排污水最高可罚,
8,7,D5,1,5,1558126439,2019/5/17 20:53:58,搜狗拼音输入法,无许可证排污水最高可罚5,
9,7,D0,1,0,1558126439,2019/5/17 20:53:59,搜狗拼音输入法,无许可证排污水最高可罚50,
10,7,"W'A'N'D1",4,万,1558126441,2019/5/17 20:54:00,搜狗拼音输入法,无许可证排污水最高可罚50万,
11,7,"Y'U'A'N'D1",5,元,1558126442,2019/5/17 20:54:02,搜狗拼音输入法,无许可证排污水最高可罚50万元,
