﻿ID,TID,Keyboard,KeyLength,MapText,TimeStamp,Time,IME,CurText
1,7,"W'U'D1",3,无,1558127178,2019/5/17 21:06:18,搜狗输入法医生版,无,
2,7,"X'K'Z'D1",4,许可证,1558127181,2019/5/17 21:06:21,搜狗输入法医生版,无许可证,
3,7,"P'A'I'D4",4,排,1558127185,2019/5/17 21:06:25,搜狗输入法医生版,无许可证排,
4,7,"W'S'D2",3,污水,1558127187,2019/5/17 21:06:26,搜狗输入法医生版,无许可证排污水,
5,7,"Z'U'I'G'D1",5,最高,1558127190,2019/5/17 21:06:29,搜狗输入法医生版,无许可证排污水最高,
6,7,"K'E'D1",3,可,1558127191,2019/5/17 21:06:30,搜狗输入法医生版,无许可证排污水最高可,
7,7,"F'A'D3",3,罚,1558127194,2019/5/17 21:06:33,搜狗输入法医生版,无许可证排污水最高可罚,
8,7,D5,1,5,1558127195,2019/5/17 21:06:34,搜狗输入法医生版,无许可证排污水最高可罚5,
9,7,D0,1,0,1558127195,2019/5/17 21:06:35,搜狗输入法医生版,无许可证排污水最高可罚50,
10,7,"W'A'N'D1",4,万,1558127197,2019/5/17 21:06:37,搜狗输入法医生版,无许可证排污水最高可罚50万,
11,7,"Y'U'A'N'D1",5,元,1558127199,2019/5/17 21:06:38,搜狗输入法医生版,无许可证排污水最高可罚50万元,
