﻿ID,TID,Keyboard,KeyLength,MapText,TimeStamp,Time,IME,CurText
1,7,"W'U'D1",3,无,1558126417,2019/5/17 20:53:36,搜狗拼音输入法,无,
2,7,"X'U'E'K'Z'Back'Back'Back'K'Z'D1",11,许可证,1558126424,2019/5/17 20:53:43,搜狗拼音输入法,无许可证,
3,7,"P'A'I'D4",4,排,1558126429,2019/5/17 20:53:49,搜狗拼音输入法,无许可证排,
4,7,"W'U'S'D1",4,污水,1558126431,2019/5/17 20:53:50,搜狗拼音输入法,无许可证排污水,
5,7,"Z'U'I'G'D1",5,最高,1558126433,2019/5/17 20:53:53,搜狗拼音输入法,无许可证排污水最高,
6,7,"K'E'D1",3,可,1558126435,2019/5/17 20:53:55,搜狗拼音输入法,无许可证排污水最高可,
7,7,"F'A'D3",3,罚,1558126437,2019/5/17 20:53:57,搜狗拼音输入法,无许可证排污水最高可罚,
8,7,D5,1,5,1558126439,2019/5/17 20:53:58,搜狗拼音输入法,无许可证排污水最高可罚5,
9,7,D0,1,0,1558126439,2019/5/17 20:53:59,搜狗拼音输入法,无许可证排污水最高可罚50,
10,7,"W'A'N'D1",4,万,1558126441,2019/5/17 20:54:00,搜狗拼音输入法,无许可证排污水最高可罚50万,
11,7,"Y'U'A'N'D1",5,元,1558126442,2019/5/17 20:54:02,搜狗拼音输入法,无许可证排污水最高可罚50万元,
12,1,"R'A'N'G'D1",5,让,1558126448,2019/5/17 20:54:08,搜狗拼音输入法,让,
13,1,"W'M'D1",3,我们,1558126449,2019/5/17 20:54:09,搜狗拼音输入法,让我们,
14,1,"G'T'D1",3,共同,1558126451,2019/5/17 20:54:11,搜狗拼音输入法,让我们共同,
15,1,"W'E'I'D1",4,为,1558126452,2019/5/17 20:54:12,搜狗拼音输入法,让我们共同为,
16,1,"J'I'A'N'S'D1",6,建设,1558126454,2019/5/17 20:54:14,搜狗拼音输入法,让我们共同为建设,
17,1,"Y'G'D1",3,一个,1558126456,2019/5/17 20:54:15,搜狗拼音输入法,让我们共同为建设一个,
18,1,"G'J'D3",3,更加,1558126459,2019/5/17 20:54:18,搜狗拼音输入法,让我们共同为建设一个更加,
19,1,"F'U'Y'D2",4,富裕,1558126461,2019/5/17 20:54:21,搜狗拼音输入法,让我们共同为建设一个更加富裕,
20,1,OemQuestion,1, ,1558126462,2019/5/17 20:54:22,搜狗拼音输入法,让我们共同为建设一个更加富裕 ,
21,1,"H'E'X'D2",4,、和谐,1558126465,2019/5/17 20:54:24,搜狗拼音输入法,让我们共同为建设一个更加富裕、和谐,
22,1,OemQuestion,1, ,1558126465,2019/5/17 20:54:25,搜狗拼音输入法,让我们共同为建设一个更加富裕、和谐 ,
23,1,"X'I'N'G'H'U'Back'Back'Back'H'U'Back'Back'F'U'Back'Back'G'F'U'D1",21,、幸福,1558126476,2019/5/17 20:54:35,搜狗拼音输入法,让我们共同为建设一个更加富裕、和谐、幸福,
24,1,OemQuestion,1, ,1558126477,2019/5/17 20:54:37,搜狗拼音输入法,让我们共同为建设一个更加富裕、和谐、幸福 ,
25,1,"F'A'Z'H'I'D3",6,、法治,1558126481,2019/5/17 20:54:41,搜狗拼音输入法,让我们共同为建设一个更加富裕、和谐、幸福、法治,
26,1,OemQuestion,1, ,1558126482,2019/5/17 20:54:42,搜狗拼音输入法,让我们共同为建设一个更加富裕、和谐、幸福、法治 ,
27,1,"W'E'N'M'D1",5,、文明,1558126484,2019/5/17 20:54:43,搜狗拼音输入法,让我们共同为建设一个更加富裕、和谐、幸福、法治、文明,
28,1,OemQuestion,1, ,1558126485,2019/5/17 20:54:44,搜狗拼音输入法,让我们共同为建设一个更加富裕、和谐、幸福、法治、文明 ,
29,1,"M'E'I'L'D2",5,、美丽,1558126487,2019/5/17 20:54:46,搜狗拼音输入法,让我们共同为建设一个更加富裕、和谐、幸福、法治、文明、美丽,
30,1,"D'D1",2,的,1558126488,2019/5/17 20:54:47,搜狗拼音输入法,让我们共同为建设一个更加富裕、和谐、幸福、法治、文明、美丽的,
31,1,"S'H'E'H'U'I'Z'Y'D1",9,社会主义,1558126491,2019/5/17 20:54:50,搜狗拼音输入法,让我们共同为建设一个更加富裕、和谐、幸福、法治、文明、美丽的社会主义,
32,1,"X'I'N'D1",4,新,1558126493,2019/5/17 20:54:53,搜狗拼音输入法,让我们共同为建设一个更加富裕、和谐、幸福、法治、文明、美丽的社会主义新,
33,1,"X'I'Z'D2",4,西藏,1558126495,2019/5/17 20:54:55,搜狗拼音输入法,让我们共同为建设一个更加富裕、和谐、幸福、法治、文明、美丽的社会主义新西藏,
34,1,"E'R'D1",3,二,1558126497,2019/5/17 20:54:56,搜狗拼音输入法,让我们共同为建设一个更加富裕、和谐、幸福、法治、文明、美丽的社会主义新西藏二,
35,1,Back,1,-二,1558126497,2019/5/17 20:54:57,搜狗拼音输入法,让我们共同为建设一个更加富裕、和谐、幸福、法治、文明、美丽的社会主义新西藏,
36,1,"E'R'D3",3,而,1558126499,2019/5/17 20:54:59,搜狗拼音输入法,让我们共同为建设一个更加富裕、和谐、幸福、法治、文明、美丽的社会主义新西藏而,
37,1,"L'U'L'I'Back'Back'Back'Back'N'U'L'I'D1",13,努力,1558126504,2019/5/17 20:55:04,搜狗拼音输入法,让我们共同为建设一个更加富裕、和谐、幸福、法治、文明、美丽的社会主义新西藏而努力,
38,1,"F'E'N'D'D1",5,奋斗,1558126507,2019/5/17 20:55:06,搜狗拼音输入法,让我们共同为建设一个更加富裕、和谐、幸福、法治、文明、美丽的社会主义新西藏而努力奋斗,
39,1,"RightShift'D1",2, ,1558126508,2019/5/17 20:55:07,搜狗拼音输入法,让我们共同为建设一个更加富裕、和谐、幸福、法治、文明、美丽的社会主义新西藏而努力奋斗 ,
40,5,"W'U'D1",3,无,1558126513,2019/5/17 20:55:12,搜狗拼音输入法,无,
41,5,"X'K'Z'D1",4,许可证,1558126514,2019/5/17 20:55:14,搜狗拼音输入法,无许可证,
42,5,"P'A'I'D1",4,排,1558126516,2019/5/17 20:55:15,搜狗拼音输入法,无许可证排,
43,5,"W'S'D1",3,污水,1558126517,2019/5/17 20:55:17,搜狗拼音输入法,无许可证排污水,
44,5,"Z'U'I'G'D1",5,最高,1558126520,2019/5/17 20:55:19,搜狗拼音输入法,无许可证排污水最高,
45,5,"K'E'F'A'D2",5,可罚,1558126523,2019/5/17 20:55:23,搜狗拼音输入法,无许可证排污水最高可罚,
46,5,D5,1,5,1558126524,2019/5/17 20:55:24,搜狗拼音输入法,无许可证排污水最高可罚5,
47,5,D9,1,9,1558126525,2019/5/17 20:55:24,搜狗拼音输入法,无许可证排污水最高可罚59,
48,5,Back,1,-9,1558126526,2019/5/17 20:55:26,搜狗拼音输入法,无许可证排污水最高可罚5,
49,5,D0,1,0,1558126527,2019/5/17 20:55:26,搜狗拼音输入法,无许可证排污水最高可罚50,
50,5,"W'A'N'D1",4,万,1558126528,2019/5/17 20:55:27,搜狗拼音输入法,无许可证排污水最高可罚50万,
51,5,"Y'U'A'N'D1",5,元,1558126529,2019/5/17 20:55:29,搜狗拼音输入法,无许可证排污水最高可罚50万元,
52,3,"B'E'N'C'D1",5,本次,1558126534,2019/5/17 20:55:34,搜狗拼音输入法,本次,
53,3,"K'U'A'N'I'A'N'D1",8,跨年,1558126538,2019/5/17 20:55:37,搜狗拼音输入法,本次跨年,
54,3,"P'A'I'T'Back'D'D1",7,派对,1558126541,2019/5/17 20:55:41,搜狗拼音输入法,本次跨年派对,
55,3,"S'H'I'D1",4,是,1558126543,2019/5/17 20:55:43,搜狗拼音输入法,本次跨年派对是,
56,3,"Q'U'A'N'G'U'O'D1",8,全国,1558126545,2019/5/17 20:55:45,搜狗拼音输入法,本次跨年派对是全国,
57,3,"S'H'O'U'C'D1",6,首创,1558126547,2019/5/17 20:55:47,搜狗拼音输入法,本次跨年派对是全国首创,
58,3,Back,1,-创,1558126548,2019/5/17 20:55:47,搜狗拼音输入法,本次跨年派对是全国首,
59,3,"C'I'D1",3,次,1558126549,2019/5/17 20:55:48,搜狗拼音输入法,本次跨年派对是全国首次,
60,3,"Y'O'U'D3",4,由,1558126552,2019/5/17 20:55:52,搜狗拼音输入法,本次跨年派对是全国首次由,
61,3,"Z'H'E'N'G'W'U'D1",8,政务,1558126555,2019/5/17 20:55:54,搜狗拼音输入法,本次跨年派对是全国首次由政务,
62,3,"W'B'D1",3,微博,1558126556,2019/5/17 20:55:56,搜狗拼音输入法,本次跨年派对是全国首次由政务微博,
63,3,"Y'U'D1",3,与,1558126558,2019/5/17 20:55:58,搜狗拼音输入法,本次跨年派对是全国首次由政务微博与,
64,3,"C'A'O'D'Back'G'D1",7,草根,1558126561,2019/5/17 20:56:01,搜狗拼音输入法,本次跨年派对是全国首次由政务微博与草根,
65,3,"W'B'D1",3,微博,1558126563,2019/5/17 20:56:03,搜狗拼音输入法,本次跨年派对是全国首次由政务微博与草根微博,
66,3,OemQuestion,1, ,1558126564,2019/5/17 20:56:04,搜狗拼音输入法,本次跨年派对是全国首次由政务微博与草根微博 ,
67,3,"M'J'I'A'N'D3",6,、民间,1558126567,2019/5/17 20:56:07,搜狗拼音输入法,本次跨年派对是全国首次由政务微博与草根微博、民间,
68,3,"L'I'L'D2",4,力量,1558126569,2019/5/17 20:56:08,搜狗拼音输入法,本次跨年派对是全国首次由政务微博与草根微博、民间力量,
69,3,"L'I'A'N'S'H'O'U'D2",9,联手,1558126572,2019/5/17 20:56:11,搜狗拼音输入法,本次跨年派对是全国首次由政务微博与草根微博、民间力量联手,
70,3,"J'U'B'A'N'D1",6,举办,1558126574,2019/5/17 20:56:14,搜狗拼音输入法,本次跨年派对是全国首次由政务微博与草根微博、民间力量联手举办,
71,3,"D'D1",2,的,1558126575,2019/5/17 20:56:14,搜狗拼音输入法,本次跨年派对是全国首次由政务微博与草根微博、民间力量联手举办的,
72,3,"W'A'N'G'L'U'O'D1",8,网络,1558126577,2019/5/17 20:56:17,搜狗拼音输入法,本次跨年派对是全国首次由政务微博与草根微博、民间力量联手举办的网络,
73,3,"H'U'O'D'D1",5,活动,1558126579,2019/5/17 20:56:19,搜狗拼音输入法,本次跨年派对是全国首次由政务微博与草根微博、民间力量联手举办的网络活动,
74,3,OemComma,1, ,1558126580,2019/5/17 20:56:20,搜狗拼音输入法,本次跨年派对是全国首次由政务微博与草根微博、民间力量联手举办的网络活动 ,
75,3,"Y'E'S'H'I'D1",6,，也是,1558126582,2019/5/17 20:56:21,搜狗拼音输入法,本次跨年派对是全国首次由政务微博与草根微博、民间力量联手举办的网络活动，也是,
76,3,D2,1,2,1558126583,2019/5/17 20:56:22,搜狗拼音输入法,本次跨年派对是全国首次由政务微博与草根微博、民间力量联手举办的网络活动，也是2,
77,3,D0,1,0,1558126583,2019/5/17 20:56:22,搜狗拼音输入法,本次跨年派对是全国首次由政务微博与草根微博、民间力量联手举办的网络活动，也是20,
78,3,D1,1,1,1558126583,2019/5/17 20:56:22,搜狗拼音输入法,本次跨年派对是全国首次由政务微博与草根微博、民间力量联手举办的网络活动，也是201,
79,3,D3,1,3,1558126584,2019/5/17 20:56:23,搜狗拼音输入法,本次跨年派对是全国首次由政务微博与草根微博、民间力量联手举办的网络活动，也是2013,
80,3,"N'I'A'N'D'D1",6,年度,1558126586,2019/5/17 20:56:26,搜狗拼音输入法,本次跨年派对是全国首次由政务微博与草根微博、民间力量联手举办的网络活动，也是2013年度,
81,3,"X'I'N'J'D1",5,新疆,1558126588,2019/5/17 20:56:28,搜狗拼音输入法,本次跨年派对是全国首次由政务微博与草根微博、民间力量联手举办的网络活动，也是2013年度新疆,
82,3,"W'L'W'H'U'A'D1",7,网络文化,1558126592,2019/5/17 20:56:31,搜狗拼音输入法,本次跨年派对是全国首次由政务微博与草根微博、民间力量联手举办的网络活动，也是2013年度新疆网络文化,
83,3,"X'L'D3",3,系列,1558126596,2019/5/17 20:56:35,搜狗拼音输入法,本次跨年派对是全国首次由政务微博与草根微博、民间力量联手举办的网络活动，也是2013年度新疆网络文化系列,
84,3,"H'U'O'D'D1",5,活动,1558126597,2019/5/17 20:56:37,搜狗拼音输入法,本次跨年派对是全国首次由政务微博与草根微博、民间力量联手举办的网络活动，也是2013年度新疆网络文化系列活动,
85,3,"Z'H'I'Y'D1",5,之一,1558126599,2019/5/17 20:56:38,搜狗拼音输入法,本次跨年派对是全国首次由政务微博与草根微博、民间力量联手举办的网络活动，也是2013年度新疆网络文化系列活动之一,
86,3,OemPeriod,1, ,1558126600,2019/5/17 20:56:40,搜狗拼音输入法,本次跨年派对是全国首次由政务微博与草根微博、民间力量联手举办的网络活动，也是2013年度新疆网络文化系列活动之一 ,
87,3,"J'I'E'Z'H'U'D1",7,。借助,1558126608,2019/5/17 20:56:48,搜狗拼音输入法,本次跨年派对是全国首次由政务微博与草根微博、民间力量联手举办的网络活动，也是2013年度新疆网络文化系列活动之一。借助,
88,3,"W'L'P'T'D1",5,网络平台,1558126612,2019/5/17 20:56:51,搜狗拼音输入法,本次跨年派对是全国首次由政务微博与草根微博、民间力量联手举办的网络活动，也是2013年度新疆网络文化系列活动之一。借助网络平台,
89,3,"H'E'D1",3,和,1558126613,2019/5/17 20:56:53,搜狗拼音输入法,本次跨年派对是全国首次由政务微博与草根微博、民间力量联手举办的网络活动，也是2013年度新疆网络文化系列活动之一。借助网络平台和,
90,3,"P'A'I'D'U'I'D1",7,派对,1558126616,2019/5/17 20:56:56,搜狗拼音输入法,本次跨年派对是全国首次由政务微博与草根微博、民间力量联手举办的网络活动，也是2013年度新疆网络文化系列活动之一。借助网络平台和派对,
91,3,"M'O'S'D1",4,模式,1558126618,2019/5/17 20:56:57,搜狗拼音输入法,本次跨年派对是全国首次由政务微博与草根微博、民间力量联手举办的网络活动，也是2013年度新疆网络文化系列活动之一。借助网络平台和派对模式,
92,3,OemComma,1, ,1558126619,2019/5/17 20:56:58,搜狗拼音输入法,本次跨年派对是全国首次由政务微博与草根微博、民间力量联手举办的网络活动，也是2013年度新疆网络文化系列活动之一。借助网络平台和派对模式 ,
93,3,"Z'H'U'D'A'D1",6,，主打,1558126622,2019/5/17 20:57:01,搜狗拼音输入法,本次跨年派对是全国首次由政务微博与草根微博、民间力量联手举办的网络活动，也是2013年度新疆网络文化系列活动之一。借助网络平台和派对模式，主打,
94,3,"S'H'I'S'X'X'J'Back'Back'Back'Back'Back'Back'I'S'H'A'N'G'Back'Back'Back'Back'Back'Back'H'I'S'H'N'A'G'D1",33,时尚,1558126633,2019/5/17 20:57:13,搜狗拼音输入法,本次跨年派对是全国首次由政务微博与草根微博、民间力量联手举办的网络活动，也是2013年度新疆网络文化系列活动之一。借助网络平台和派对模式，主打时尚,
95,3,"X'I'N'J'D1",5,新疆,1558126635,2019/5/17 20:57:14,搜狗拼音输入法,本次跨年派对是全国首次由政务微博与草根微博、民间力量联手举办的网络活动，也是2013年度新疆网络文化系列活动之一。借助网络平台和派对模式，主打时尚新疆,
96,3,OemComma,1, ,1558126636,2019/5/17 20:57:16,搜狗拼音输入法,本次跨年派对是全国首次由政务微博与草根微博、民间力量联手举办的网络活动，也是2013年度新疆网络文化系列活动之一。借助网络平台和派对模式，主打时尚新疆 ,
97,3,"C'B'D4",3,，传播,1558126640,2019/5/17 20:57:20,搜狗拼音输入法,本次跨年派对是全国首次由政务微博与草根微博、民间力量联手举办的网络活动，也是2013年度新疆网络文化系列活动之一。借助网络平台和派对模式，主打时尚新疆，传播,
98,3,"Z'N'L'D2",4,正能量,1558126643,2019/5/17 20:57:22,搜狗拼音输入法,本次跨年派对是全国首次由政务微博与草根微博、民间力量联手举办的网络活动，也是2013年度新疆网络文化系列活动之一。借助网络平台和派对模式，主打时尚新疆，传播正能量,
99,3,OemComma,1, ,1558126644,2019/5/17 20:57:24,搜狗拼音输入法,本次跨年派对是全国首次由政务微博与草根微博、民间力量联手举办的网络活动，也是2013年度新疆网络文化系列活动之一。借助网络平台和派对模式，主打时尚新疆，传播正能量 ,
100,3,"R'D2",2,，让,1558126646,2019/5/17 20:57:25,搜狗拼音输入法,本次跨年派对是全国首次由政务微博与草根微博、民间力量联手举办的网络活动，也是2013年度新疆网络文化系列活动之一。借助网络平台和派对模式，主打时尚新疆，传播正能量，让,
101,3,"G'D'U'O'D1",5,更多,1558126648,2019/5/17 20:57:28,搜狗拼音输入法,本次跨年派对是全国首次由政务微博与草根微博、民间力量联手举办的网络活动，也是2013年度新疆网络文化系列活动之一。借助网络平台和派对模式，主打时尚新疆，传播正能量，让更多,
102,3,"D'D1",2,的,1558126649,2019/5/17 20:57:28,搜狗拼音输入法,本次跨年派对是全国首次由政务微博与草根微博、民间力量联手举办的网络活动，也是2013年度新疆网络文化系列活动之一。借助网络平台和派对模式，主打时尚新疆，传播正能量，让更多的,
103,3,"R'E'N'D1",4,人,1558126650,2019/5/17 20:57:30,搜狗拼音输入法,本次跨年派对是全国首次由政务微博与草根微博、民间力量联手举办的网络活动，也是2013年度新疆网络文化系列活动之一。借助网络平台和派对模式，主打时尚新疆，传播正能量，让更多的人,
104,3,"K'A'N'D'D1",5,看到,1558126653,2019/5/17 20:57:32,搜狗拼音输入法,本次跨年派对是全国首次由政务微博与草根微博、民间力量联手举办的网络活动，也是2013年度新疆网络文化系列活动之一。借助网络平台和派对模式，主打时尚新疆，传播正能量，让更多的人看到,
105,3,"X'I'N'J'D1",5,新疆,1558126654,2019/5/17 20:57:34,搜狗拼音输入法,本次跨年派对是全国首次由政务微博与草根微博、民间力量联手举办的网络活动，也是2013年度新疆网络文化系列活动之一。借助网络平台和派对模式，主打时尚新疆，传播正能量，让更多的人看到新疆,
106,3,"D'D1",2,的,1558126655,2019/5/17 20:57:35,搜狗拼音输入法,本次跨年派对是全国首次由政务微博与草根微博、民间力量联手举办的网络活动，也是2013年度新疆网络文化系列活动之一。借助网络平台和派对模式，主打时尚新疆，传播正能量，让更多的人看到新疆的,
107,3,"F'A'Z'D1",4,发展,1558126657,2019/5/17 20:57:36,搜狗拼音输入法,本次跨年派对是全国首次由政务微博与草根微博、民间力量联手举办的网络活动，也是2013年度新疆网络文化系列活动之一。借助网络平台和派对模式，主打时尚新疆，传播正能量，让更多的人看到新疆的发展,
108,3,"B'I'A'N'H'D1",6,变化,1558126659,2019/5/17 20:57:38,搜狗拼音输入法,本次跨年派对是全国首次由政务微博与草根微博、民间力量联手举办的网络活动，也是2013年度新疆网络文化系列活动之一。借助网络平台和派对模式，主打时尚新疆，传播正能量，让更多的人看到新疆的发展变化,
109,3,OemPeriod,1, ,1558126659,2019/5/17 20:57:39,搜狗拼音输入法,本次跨年派对是全国首次由政务微博与草根微博、民间力量联手举办的网络活动，也是2013年度新疆网络文化系列活动之一。借助网络平台和派对模式，主打时尚新疆，传播正能量，让更多的人看到新疆的发展变化 ,
