﻿ID,TID,Keyboard,KeyLength,MapText,TimeStamp,Time,IME,CurText
1,8,"S'H'U'H'O'U'Space",7,术后,1558185978,2019/5/18 13:26:18,搜狗输入法医生版,术后,
2,8,"Z'H'E'N'D'U'A'N'Space",9,诊断,1558185980,2019/5/18 13:26:19,搜狗输入法医生版,术后诊断,
3,8,"LeftShift'Oem1",2, ,1558185981,2019/5/18 13:26:21,搜狗输入法医生版,术后诊断 ,
4,8,"S'H'U'A'N'G'K'Back'L'U'A'N'C'H'A'O'A'Back'Space",19,：双卵巢,1558185992,2019/5/18 13:26:32,搜狗输入法医生版,术后诊断：双卵巢,
5,8,"X'I'A'N'A'I'Back'Back'A'I'Right'D3",12,腺癌,1558186003,2019/5/18 13:26:42,搜狗输入法医生版,术后诊断：双卵巢腺癌,
6,8,"Capital'I",2,I,1558186005,2019/5/18 13:26:45,搜狗输入法医生版,术后诊断：双卵巢腺癌I,
7,8,I,1,I,1558186005,2019/5/18 13:26:45,搜狗输入法医生版,术后诊断：双卵巢腺癌II,
8,8,B,1,B,1558186007,2019/5/18 13:26:47,搜狗输入法医生版,术后诊断：双卵巢腺癌IIB,
9,8,"Capital'Q'I'OemPlus'Space",5,期,1558186011,2019/5/18 13:26:51,搜狗输入法医生版,术后诊断：双卵巢腺癌IIB期,
10,8,OemPeriod,1, ,1558186015,2019/5/18 13:26:54,搜狗输入法医生版,术后诊断：双卵巢腺癌IIB期 ,
11,2,"H'U'A'N'E'R'Space",7,患儿,1558186020,2019/5/18 13:27:00,搜狗输入法医生版,患儿,
12,2,D1,1,1,1558186021,2019/5/18 13:27:00,搜狗输入法医生版,患儿1,
13,2,"T'I'A'N'Q'I'A'N'D2",9,天前,1558186026,2019/5/18 13:27:06,搜狗输入法医生版,患儿1天前,
14,2,"W'U'F'A'Space",5,无法,1558186030,2019/5/18 13:27:09,搜狗输入法医生版,患儿1天前无法,
15,2,"M'I'N'G'Y'Back'X'I'A'N'Space",11,明显,1558186033,2019/5/18 13:27:13,搜狗输入法医生版,患儿1天前无法明显,
16,2,"Y'O'U'X'Back'Y'I'N'Space",9,诱因,1558186040,2019/5/18 13:27:20,搜狗输入法医生版,患儿1天前无法明显诱因,
17,2,"C'H'U'X'I'A'N'Space",8,出现,1558186042,2019/5/18 13:27:22,搜狗输入法医生版,患儿1天前无法明显诱因出现,
18,2,"Z'H'E'N'G'F'A'X'I'N'G'Back'Back'Back'Back'Back'Back'Back'F'A'X'I'N'G'Space",25,阵发性,1558186052,2019/5/18 13:27:31,搜狗输入法医生版,患儿1天前无法明显诱因出现阵发性,
19,2,"K'U'N'A'O'D2",6,哭闹,1558186055,2019/5/18 13:27:35,搜狗输入法医生版,患儿1天前无法明显诱因出现阵发性哭闹,
20,2,OemComma,1, ,1558186058,2019/5/18 13:27:37,搜狗输入法医生版,患儿1天前无法明显诱因出现阵发性哭闹 ,
21,2,"B'A'N'O'U'T'U'Space",8,，伴呕吐,1558186061,2019/5/18 13:27:40,搜狗输入法医生版,患儿1天前无法明显诱因出现阵发性哭闹，伴呕吐,
22,2,OemComma,1, ,1558186062,2019/5/18 13:27:41,搜狗输入法医生版,患儿1天前无法明显诱因出现阵发性哭闹，伴呕吐 ,
23,2,"O'U'T'U'W'U'Space",7,，呕吐物,1558186065,2019/5/18 13:27:44,搜狗输入法医生版,患儿1天前无法明显诱因出现阵发性哭闹，伴呕吐，呕吐物,
24,2,"W'E'I'Space",4,为,1558186066,2019/5/18 13:27:46,搜狗输入法医生版,患儿1天前无法明显诱因出现阵发性哭闹，伴呕吐，呕吐物为,
25,2,"W'E'I'N'E'I'R'O'N'G'W'U'Space",13,胃内容物,1558186070,2019/5/18 13:27:50,搜狗输入法医生版,患儿1天前无法明显诱因出现阵发性哭闹，伴呕吐，呕吐物为胃内容物,
26,2,"M'W'U'K'A'F'E'I'Y'A'N'G'Back'Back'Back'Back'Back'Back'Back'Back'Back'Back'Back'Back'W'U'K'A'F'E'I'Y'A'N'G'Space",36,无咖啡样,1558186084,2019/5/18 13:28:04,搜狗输入法医生版,患儿1天前无法明显诱因出现阵发性哭闹，伴呕吐，呕吐物为胃内容物无咖啡样,
27,2,"W'U'Space",3,物,1558186085,2019/5/18 13:28:05,搜狗输入法医生版,患儿1天前无法明显诱因出现阵发性哭闹，伴呕吐，呕吐物为胃内容物无咖啡样物,
28,2,OemComma,1, ,1558186086,2019/5/18 13:28:06,搜狗输入法医生版,患儿1天前无法明显诱因出现阵发性哭闹，伴呕吐，呕吐物为胃内容物无咖啡样物 ,
29,2,"G'O'N'G'Space",5,，工,1558186087,2019/5/18 13:28:07,搜狗输入法医生版,患儿1天前无法明显诱因出现阵发性哭闹，伴呕吐，呕吐物为胃内容物无咖啡样物，工,
30,2,D5,1,5,1558186088,2019/5/18 13:28:07,搜狗输入法医生版,患儿1天前无法明显诱因出现阵发性哭闹，伴呕吐，呕吐物为胃内容物无咖啡样物，工5,
31,2,"C'I'Space",3,次,1558186089,2019/5/18 13:28:08,搜狗输入法医生版,患儿1天前无法明显诱因出现阵发性哭闹，伴呕吐，呕吐物为胃内容物无咖啡样物，工5次,
32,2,"Left'Left'Back",3,-工,1558186092,2019/5/18 13:28:11,搜狗输入法医生版,患儿1天前无法明显诱因出现阵发性哭闹，伴呕吐，呕吐物为胃内容物无咖啡样物，5次,
33,2,"G'O'N'G'D2",5,共,1558186094,2019/5/18 13:28:13,搜狗输入法医生版,患儿1天前无法明显诱因出现阵发性哭闹，伴呕吐，呕吐物为胃内容物无咖啡样物，共5次,
34,2,OemPeriod,1, ,1558186097,2019/5/18 13:28:16,搜狗输入法医生版,患儿1天前无法明显诱因出现阵发性哭闹，伴呕吐，呕吐物为胃内容物无咖啡样物，共5次 ,
