﻿ID,TID,Keyboard,KeyLength,MapText,TimeStamp,Time,IME,CurText
1,8,"S'H'U'H'O'U'Space",7,术后,1558187049,2019/5/18 13:44:09,中文(简体) - 百度输入法,术后,
2,8,"Z'H'E'N'D'U'A'N'Space",9,诊断,1558187051,2019/5/18 13:44:10,中文(简体) - 百度输入法,术后诊断,
3,8,"LeftShift'Oem1",2,：,1558187052,2019/5/18 13:44:11,中文(简体) - 百度输入法,术后诊断：,
4,8,"S'H'U'A'N'G'L'U'A'N'C'Space",12,双卵巢,1558187058,2019/5/18 13:44:18,中文(简体) - 百度输入法,术后诊断：双卵巢,
5,8,"X'I'N'A'Back'Back'A'N'A'D4",10,腺癌,1558187063,2019/5/18 13:44:23,中文(简体) - 百度输入法,术后诊断：双卵巢腺癌,
6,8,"Capital'I",2,I,1558187064,2019/5/18 13:44:24,中文(简体) - 百度输入法,术后诊断：双卵巢腺癌I,
7,8,I,1,I,1558187064,2019/5/18 13:44:24,中文(简体) - 百度输入法,术后诊断：双卵巢腺癌II,
8,8,B,1,B,1558187065,2019/5/18 13:44:24,中文(简体) - 百度输入法,术后诊断：双卵巢腺癌IIB,
9,8,"Capital'Q'I'D3",4,期,1558187067,2019/5/18 13:44:27,中文(简体) - 百度输入法,术后诊断：双卵巢腺癌IIB期,
10,8,OemPeriod,1,。,1558187070,2019/5/18 13:44:29,中文(简体) - 百度输入法,术后诊断：双卵巢腺癌IIB期。,
11,2,"H'U'A'N'E'R'Space",7,患儿,1558187075,2019/5/18 13:44:35,中文(简体) - 百度输入法,患儿,
12,2,D1,1,1,1558187076,2019/5/18 13:44:36,中文(简体) - 百度输入法,患儿1,
13,2,"T'I'S'N'Space",5,天,1558187083,2019/5/18 13:44:43,中文(简体) - 百度输入法,患儿1天,
14,2,"Q'I'A'N'Space",5,前,1558187087,2019/5/18 13:44:46,中文(简体) - 百度输入法,患儿1天前,
15,2,"W'U'M'I'N'G'Y'Back'X'Space",10,无明显,1558187090,2019/5/18 13:44:50,中文(简体) - 百度输入法,患儿1天前无明显,
16,2,"Y'O'U'X'Back'Y'I'N'Space",9,诱因,1558187097,2019/5/18 13:44:56,中文(简体) - 百度输入法,患儿1天前无明显诱因,
17,2,"C'H'U'X'I'A'N'Space",8,出现,1558187099,2019/5/18 13:44:59,中文(简体) - 百度输入法,患儿1天前无明显诱因出现,
18,2,"Z'H'E'N'F'A'I'Back'X'Space",10,阵发性,1558187106,2019/5/18 13:45:06,中文(简体) - 百度输入法,患儿1天前无明显诱因出现阵发性,
19,2,"K'U'N'A'O'D2",6,哭闹,1558187111,2019/5/18 13:45:10,中文(简体) - 百度输入法,患儿1天前无明显诱因出现阵发性哭闹,
20,2,OemComma,1,，,1558187112,2019/5/18 13:45:12,中文(简体) - 百度输入法,患儿1天前无明显诱因出现阵发性哭闹，,
21,2,"B'A'N'O'U'T'U'Space",8,伴呕吐,1558187117,2019/5/18 13:45:16,中文(简体) - 百度输入法,患儿1天前无明显诱因出现阵发性哭闹，伴呕吐,
22,2,OemComma,1,，,1558187118,2019/5/18 13:45:17,中文(简体) - 百度输入法,患儿1天前无明显诱因出现阵发性哭闹，伴呕吐，,
23,2,"O'U'T'U'W'Space",6,呕吐物,1558187119,2019/5/18 13:45:19,中文(简体) - 百度输入法,患儿1天前无明显诱因出现阵发性哭闹，伴呕吐，呕吐物,
24,2,"W'E'I'Space",4,为,1558187121,2019/5/18 13:45:20,中文(简体) - 百度输入法,患儿1天前无明显诱因出现阵发性哭闹，伴呕吐，呕吐物为,
25,2,"W'E'I'N'E'I'R'O'N'G'W'U'D2",13,胃内容物,1558187125,2019/5/18 13:45:24,中文(简体) - 百度输入法,患儿1天前无明显诱因出现阵发性哭闹，伴呕吐，呕吐物为胃内容物,
26,2,OemComma,1,，,1558187125,2019/5/18 13:45:25,中文(简体) - 百度输入法,患儿1天前无明显诱因出现阵发性哭闹，伴呕吐，呕吐物为胃内容物，,
27,2,"W'U'Space",3,无,1558187126,2019/5/18 13:45:26,中文(简体) - 百度输入法,患儿1天前无明显诱因出现阵发性哭闹，伴呕吐，呕吐物为胃内容物，无,
28,2,"K'A'F'E'I'Y'A'N'G'W'U'Space",12,咖啡样物,1558187131,2019/5/18 13:45:31,中文(简体) - 百度输入法,患儿1天前无明显诱因出现阵发性哭闹，伴呕吐，呕吐物为胃内容物，无咖啡样物,
29,2,OemComma,1,，,1558187132,2019/5/18 13:45:32,中文(简体) - 百度输入法,患儿1天前无明显诱因出现阵发性哭闹，伴呕吐，呕吐物为胃内容物，无咖啡样物，,
30,2,"G'O'N'G'Space",5,工,1558187133,2019/5/18 13:45:33,中文(简体) - 百度输入法,患儿1天前无明显诱因出现阵发性哭闹，伴呕吐，呕吐物为胃内容物，无咖啡样物，工,
31,2,D5,1,5,1558187134,2019/5/18 13:45:33,中文(简体) - 百度输入法,患儿1天前无明显诱因出现阵发性哭闹，伴呕吐，呕吐物为胃内容物，无咖啡样物，工5,
32,2,"C'I'Space",3,次,1558187135,2019/5/18 13:45:34,中文(简体) - 百度输入法,患儿1天前无明显诱因出现阵发性哭闹，伴呕吐，呕吐物为胃内容物，无咖啡样物，工5次,
33,2,Back,1,-次,1558187135,2019/5/18 13:45:35,中文(简体) - 百度输入法,患儿1天前无明显诱因出现阵发性哭闹，伴呕吐，呕吐物为胃内容物，无咖啡样物，工5,
34,2,Back,1,-5,1558187135,2019/5/18 13:45:35,中文(简体) - 百度输入法,患儿1天前无明显诱因出现阵发性哭闹，伴呕吐，呕吐物为胃内容物，无咖啡样物，工,
35,2,Back,1,-工,1558187136,2019/5/18 13:45:35,中文(简体) - 百度输入法,患儿1天前无明显诱因出现阵发性哭闹，伴呕吐，呕吐物为胃内容物，无咖啡样物，,
36,2,"G'O'N'G'D2",5,共,1558187138,2019/5/18 13:45:38,中文(简体) - 百度输入法,患儿1天前无明显诱因出现阵发性哭闹，伴呕吐，呕吐物为胃内容物，无咖啡样物，共,
37,2,D5,1,5,1558187139,2019/5/18 13:45:38,中文(简体) - 百度输入法,患儿1天前无明显诱因出现阵发性哭闹，伴呕吐，呕吐物为胃内容物，无咖啡样物，共5,
38,2,"C'I'Space",3,次,1558187140,2019/5/18 13:45:39,中文(简体) - 百度输入法,患儿1天前无明显诱因出现阵发性哭闹，伴呕吐，呕吐物为胃内容物，无咖啡样物，共5次,
39,2,OemPeriod,1,。,1558187141,2019/5/18 13:45:40,中文(简体) - 百度输入法,患儿1天前无明显诱因出现阵发性哭闹，伴呕吐，呕吐物为胃内容物，无咖啡样物，共5次。,
40,6,"S'H'U'H'O'U'Space",7,术后,1558187146,2019/5/18 13:45:45,中文(简体) - 百度输入法,术后,
41,6,"Z'H'E'N'D'U'A'N'Space",9,诊断,1558187147,2019/5/18 13:45:47,中文(简体) - 百度输入法,术后诊断,
42,6,"LeftShift'Oem1",2,：,1558187148,2019/5/18 13:45:48,中文(简体) - 百度输入法,术后诊断：,
43,6,"S'H'U'A'N'G'L'U'N'C'Back'Back'A'N'C'H'A'O'A'I'Back'Back'Back'O'Space",25,双卵巢,1558187162,2019/5/18 13:46:01,中文(简体) - 百度输入法,术后诊断：双卵巢,
44,6,"X'I'N'Back'A'N'A'I'Space",9,腺癌,1558187165,2019/5/18 13:46:04,中文(简体) - 百度输入法,术后诊断：双卵巢腺癌,
45,6,"Capital'I",2,I,1558187165,2019/5/18 13:46:05,中文(简体) - 百度输入法,术后诊断：双卵巢腺癌I,
46,6,I,1,I,1558187165,2019/5/18 13:46:05,中文(简体) - 百度输入法,术后诊断：双卵巢腺癌II,
47,6,B,1,B,1558187166,2019/5/18 13:46:05,中文(简体) - 百度输入法,术后诊断：双卵巢腺癌IIB,
48,6,"Capital'Q'I'Space",4,期,1558187167,2019/5/18 13:46:06,中文(简体) - 百度输入法,术后诊断：双卵巢腺癌IIB期,
49,6,OemPeriod,1,。,1558187168,2019/5/18 13:46:07,中文(简体) - 百度输入法,术后诊断：双卵巢腺癌IIB期。,
