﻿ID,TID,Keyboard,KeyLength,MapText,TimeStamp,Time,IME,CurText
1,7,"W'U'X'U'K'E'Z'H'E'N'G'Space",12,无许可证,1558186557,2019/5/18 13:35:56,搜狗拼音输入法,无许可证,
2,7,"P'A'I'S'H'U'I'W'U'Back'Back'Back'Back'Back'Back'W'U'S'H'U'I'Space",22,排污水,1558186565,2019/5/18 13:36:05,搜狗拼音输入法,无许可证排污水,
3,7,"Z'U'I'G'A'O'Space",7,最高,1558186567,2019/5/18 13:36:07,搜狗拼音输入法,无许可证排污水最高,
4,7,"K'E'F'A'D3'D3",6,可罚,1558186572,2019/5/18 13:36:11,搜狗拼音输入法,无许可证排污水最高可罚,
5,7,D5,1,5,1558186573,2019/5/18 13:36:13,搜狗拼音输入法,无许可证排污水最高可罚5,
6,7,D0,1,0,1558186574,2019/5/18 13:36:13,搜狗拼音输入法,无许可证排污水最高可罚50,
7,7,"W'A'N'Y'U'A'N'Space",8,万元,1558186576,2019/5/18 13:36:15,搜狗拼音输入法,无许可证排污水最高可罚50万元,
