﻿ID,TID,Keyboard,KeyLength,MapText,TimeStamp,Time,IME,CurText
1,7,"W'U'X'U'K'E'Z'H'E'N'G'Space",12,无许可证,1558186557,2019/5/18 13:35:56,搜狗拼音输入法,无许可证,
2,7,"P'A'I'S'H'U'I'W'U'Back'Back'Back'Back'Back'Back'W'U'S'H'U'I'Space",22,排污水,1558186565,2019/5/18 13:36:05,搜狗拼音输入法,无许可证排污水,
3,7,"Z'U'I'G'A'O'Space",7,最高,1558186567,2019/5/18 13:36:07,搜狗拼音输入法,无许可证排污水最高,
4,7,"K'E'F'A'D3'D3",6,可罚,1558186572,2019/5/18 13:36:11,搜狗拼音输入法,无许可证排污水最高可罚,
5,7,D5,1,5,1558186573,2019/5/18 13:36:13,搜狗拼音输入法,无许可证排污水最高可罚5,
6,7,D0,1,0,1558186574,2019/5/18 13:36:13,搜狗拼音输入法,无许可证排污水最高可罚50,
7,7,"W'A'N'Y'U'A'N'Space",8,万元,1558186576,2019/5/18 13:36:15,搜狗拼音输入法,无许可证排污水最高可罚50万元,
8,1,"W'E'I'W'O'M'Space",7,为我们,1558186583,2019/5/18 13:36:22,搜狗拼音输入法,为我们,
9,1,"G'O'N'G'T'Space",6,共同,1558186585,2019/5/18 13:36:25,搜狗拼音输入法,为我们共同,
10,1,"W'E'I'Space",4,为,1558186586,2019/5/18 13:36:26,搜狗拼音输入法,为我们共同为,
11,1,"J'I'A'N'S'H'E'Space",8,建设,1558186589,2019/5/18 13:36:28,搜狗拼音输入法,为我们共同为建设,
12,1,"Y'I'G'E'Space",5,一个,1558186590,2019/5/18 13:36:30,搜狗拼音输入法,为我们共同为建设一个,
13,1,"G'E'N'G'J'I'A'F'U'Y'U'Space",12,更加富裕,1558186594,2019/5/18 13:36:34,搜狗拼音输入法,为我们共同为建设一个更加富裕,
14,1,OemQuestion,1, ,1558186595,2019/5/18 13:36:34,搜狗拼音输入法,为我们共同为建设一个更加富裕 ,
15,1,"H'E'X'I'E'Space",6,、和谐,1558186597,2019/5/18 13:36:36,搜狗拼音输入法,为我们共同为建设一个更加富裕、和谐,
16,1,OemQuestion,1, ,1558186598,2019/5/18 13:36:37,搜狗拼音输入法,为我们共同为建设一个更加富裕、和谐 ,
17,1,"X'I'N'G'F'Space",6,、幸福,1558186600,2019/5/18 13:36:39,搜狗拼音输入法,为我们共同为建设一个更加富裕、和谐、幸福,
18,1,OemQuestion,1, ,1558186601,2019/5/18 13:36:41,搜狗拼音输入法,为我们共同为建设一个更加富裕、和谐、幸福 ,
19,1,"F'A'Z'H'I'D3",6,、法治,1558186605,2019/5/18 13:36:45,搜狗拼音输入法,为我们共同为建设一个更加富裕、和谐、幸福、法治,
20,1,OemQuestion,1, ,1558186607,2019/5/18 13:36:46,搜狗拼音输入法,为我们共同为建设一个更加富裕、和谐、幸福、法治 ,
21,1,"W'N'OemPlus'Back'E'N'M'Space",8,、文明,1558186612,2019/5/18 13:36:51,搜狗拼音输入法,为我们共同为建设一个更加富裕、和谐、幸福、法治、文明,
22,1,OemQuestion,1, ,1558186612,2019/5/18 13:36:52,搜狗拼音输入法,为我们共同为建设一个更加富裕、和谐、幸福、法治、文明 ,
23,1,"M'E'I'L'D2",5,、美丽,1558186615,2019/5/18 13:36:54,搜狗拼音输入法,为我们共同为建设一个更加富裕、和谐、幸福、法治、文明、美丽,
24,1,"D'E'Space",3,的,1558186616,2019/5/18 13:36:55,搜狗拼音输入法,为我们共同为建设一个更加富裕、和谐、幸福、法治、文明、美丽的,
25,1,"S'H'E'H'U'I'Space",7,社会,1558186618,2019/5/18 13:36:57,搜狗拼音输入法,为我们共同为建设一个更加富裕、和谐、幸福、法治、文明、美丽的社会,
26,1,"Z'H'U'Y'I'Space",6,主义,1558186620,2019/5/18 13:36:59,搜狗拼音输入法,为我们共同为建设一个更加富裕、和谐、幸福、法治、文明、美丽的社会主义,
27,1,"X'I'N'X'I'Z'A'N'G'Space",10,新西藏,1558186625,2019/5/18 13:37:05,搜狗拼音输入法,为我们共同为建设一个更加富裕、和谐、幸福、法治、文明、美丽的社会主义新西藏,
28,1,"E'R'Space",3,二,1558186626,2019/5/18 13:37:06,搜狗拼音输入法,为我们共同为建设一个更加富裕、和谐、幸福、法治、文明、美丽的社会主义新西藏二,
29,1,"N'V'L'I'F'E'N'G'D'O'U'Back'Back'Back'Back'Back'Back'Back'Back'Back'Back'Back'Back",23,-二,1558186634,2019/5/18 13:37:14,搜狗拼音输入法,为我们共同为建设一个更加富裕、和谐、幸福、法治、文明、美丽的社会主义新西藏,
30,1,"E'R'D3",3,而,1558186637,2019/5/18 13:37:16,搜狗拼音输入法,为我们共同为建设一个更加富裕、和谐、幸福、法治、文明、美丽的社会主义新西藏而,
31,1,"N'V'L'I'Back'Back'Back'U'L'I'Space",11,努力,1558186642,2019/5/18 13:37:21,搜狗拼音输入法,为我们共同为建设一个更加富裕、和谐、幸福、法治、文明、美丽的社会主义新西藏而努力,
32,1,"F'E'N'G'D'O'U'Space",8,风斗,1558186643,2019/5/18 13:37:23,搜狗拼音输入法,为我们共同为建设一个更加富裕、和谐、幸福、法治、文明、美丽的社会主义新西藏而努力风斗,
33,1,Back,1,-斗,1558186644,2019/5/18 13:37:24,搜狗拼音输入法,为我们共同为建设一个更加富裕、和谐、幸福、法治、文明、美丽的社会主义新西藏而努力风,
34,1,Back,1,-风,1558186645,2019/5/18 13:37:24,搜狗拼音输入法,为我们共同为建设一个更加富裕、和谐、幸福、法治、文明、美丽的社会主义新西藏而努力,
35,1,"F'E'N'D'Space",5,奋斗,1558186646,2019/5/18 13:37:25,搜狗拼音输入法,为我们共同为建设一个更加富裕、和谐、幸福、法治、文明、美丽的社会主义新西藏而努力奋斗,
36,1,OemPeriod,1, ,1558186647,2019/5/18 13:37:27,搜狗拼音输入法,为我们共同为建设一个更加富裕、和谐、幸福、法治、文明、美丽的社会主义新西藏而努力奋斗 ,
37,1,Back,1,- ,1558186648,2019/5/18 13:37:27,搜狗拼音输入法,为我们共同为建设一个更加富裕、和谐、幸福、法治、文明、美丽的社会主义新西藏而努力奋斗,
38,1,"LeftShift'D1",2, ,1558186649,2019/5/18 13:37:28,搜狗拼音输入法,为我们共同为建设一个更加富裕、和谐、幸福、法治、文明、美丽的社会主义新西藏而努力奋斗 ,
39,5,"W'U'X'U'K'E'Z'H'E'N'G'Space",12,无许可证,1558186658,2019/5/18 13:37:37,搜狗拼音输入法,无许可证,
40,5,"P'A'I'W'U'S'H'U'I'Space",10,排污水,1558186660,2019/5/18 13:37:40,搜狗拼音输入法,无许可证排污水,
41,5,"Z'U'I'G'Space",5,最高,1558186662,2019/5/18 13:37:42,搜狗拼音输入法,无许可证排污水最高,
42,5,"K'E'F'A'Space",5,可罚,1558186664,2019/5/18 13:37:43,搜狗拼音输入法,无许可证排污水最高可罚,
43,5,D5,1,5,1558186665,2019/5/18 13:37:44,搜狗拼音输入法,无许可证排污水最高可罚5,
44,5,D0,1,0,1558186665,2019/5/18 13:37:45,搜狗拼音输入法,无许可证排污水最高可罚50,
45,5,"W'A'N'Y'U'A'N'Space",8,万元,1558186667,2019/5/18 13:37:46,搜狗拼音输入法,无许可证排污水最高可罚50万元,
