﻿ID,TID,Keyboard,KeyLength,MapText,TimeStamp,Time,IME,CurText
1,8,"S'H'U'H'O'U'Space",7,术后,1558187049,2019/5/18 13:44:09,中文(简体) - 百度输入法,术后,
2,8,"Z'H'E'N'D'U'A'N'Space",9,诊断,1558187051,2019/5/18 13:44:10,中文(简体) - 百度输入法,术后诊断,
3,8,"LeftShift'Oem1",2,：,1558187052,2019/5/18 13:44:11,中文(简体) - 百度输入法,术后诊断：,
4,8,"S'H'U'A'N'G'L'U'A'N'C'Space",12,双卵巢,1558187058,2019/5/18 13:44:18,中文(简体) - 百度输入法,术后诊断：双卵巢,
5,8,"X'I'N'A'Back'Back'A'N'A'D4",10,腺癌,1558187063,2019/5/18 13:44:23,中文(简体) - 百度输入法,术后诊断：双卵巢腺癌,
6,8,"Capital'I",2,I,1558187064,2019/5/18 13:44:24,中文(简体) - 百度输入法,术后诊断：双卵巢腺癌I,
7,8,I,1,I,1558187064,2019/5/18 13:44:24,中文(简体) - 百度输入法,术后诊断：双卵巢腺癌II,
8,8,B,1,B,1558187065,2019/5/18 13:44:24,中文(简体) - 百度输入法,术后诊断：双卵巢腺癌IIB,
9,8,"Capital'Q'I'D3",4,期,1558187067,2019/5/18 13:44:27,中文(简体) - 百度输入法,术后诊断：双卵巢腺癌IIB期,
10,8,OemPeriod,1,。,1558187070,2019/5/18 13:44:29,中文(简体) - 百度输入法,术后诊断：双卵巢腺癌IIB期。,
11,2,"H'U'A'N'E'R'Space",7,患儿,1558187075,2019/5/18 13:44:35,中文(简体) - 百度输入法,患儿,
12,2,D1,1,1,1558187076,2019/5/18 13:44:36,中文(简体) - 百度输入法,患儿1,
13,2,"T'I'S'N'Space",5,天,1558187083,2019/5/18 13:44:43,中文(简体) - 百度输入法,患儿1天,
14,2,"Q'I'A'N'Space",5,前,1558187087,2019/5/18 13:44:46,中文(简体) - 百度输入法,患儿1天前,
15,2,"W'U'M'I'N'G'Y'Back'X'Space",10,无明显,1558187090,2019/5/18 13:44:50,中文(简体) - 百度输入法,患儿1天前无明显,
16,2,"Y'O'U'X'Back'Y'I'N'Space",9,诱因,1558187097,2019/5/18 13:44:56,中文(简体) - 百度输入法,患儿1天前无明显诱因,
17,2,"C'H'U'X'I'A'N'Space",8,出现,1558187099,2019/5/18 13:44:59,中文(简体) - 百度输入法,患儿1天前无明显诱因出现,
18,2,"Z'H'E'N'F'A'I'Back'X'Space",10,阵发性,1558187106,2019/5/18 13:45:06,中文(简体) - 百度输入法,患儿1天前无明显诱因出现阵发性,
19,2,"K'U'N'A'O'D2",6,哭闹,1558187111,2019/5/18 13:45:10,中文(简体) - 百度输入法,患儿1天前无明显诱因出现阵发性哭闹,
20,2,OemComma,1,，,1558187112,2019/5/18 13:45:12,中文(简体) - 百度输入法,患儿1天前无明显诱因出现阵发性哭闹，,
21,2,"B'A'N'O'U'T'U'Space",8,伴呕吐,1558187117,2019/5/18 13:45:16,中文(简体) - 百度输入法,患儿1天前无明显诱因出现阵发性哭闹，伴呕吐,
22,2,OemComma,1,，,1558187118,2019/5/18 13:45:17,中文(简体) - 百度输入法,患儿1天前无明显诱因出现阵发性哭闹，伴呕吐，,
23,2,"O'U'T'U'W'Space",6,呕吐物,1558187119,2019/5/18 13:45:19,中文(简体) - 百度输入法,患儿1天前无明显诱因出现阵发性哭闹，伴呕吐，呕吐物,
24,2,"W'E'I'Space",4,为,1558187121,2019/5/18 13:45:20,中文(简体) - 百度输入法,患儿1天前无明显诱因出现阵发性哭闹，伴呕吐，呕吐物为,
25,2,"W'E'I'N'E'I'R'O'N'G'W'U'D2",13,胃内容物,1558187125,2019/5/18 13:45:24,中文(简体) - 百度输入法,患儿1天前无明显诱因出现阵发性哭闹，伴呕吐，呕吐物为胃内容物,
26,2,OemComma,1,，,1558187125,2019/5/18 13:45:25,中文(简体) - 百度输入法,患儿1天前无明显诱因出现阵发性哭闹，伴呕吐，呕吐物为胃内容物，,
27,2,"W'U'Space",3,无,1558187126,2019/5/18 13:45:26,中文(简体) - 百度输入法,患儿1天前无明显诱因出现阵发性哭闹，伴呕吐，呕吐物为胃内容物，无,
28,2,"K'A'F'E'I'Y'A'N'G'W'U'Space",12,咖啡样物,1558187131,2019/5/18 13:45:31,中文(简体) - 百度输入法,患儿1天前无明显诱因出现阵发性哭闹，伴呕吐，呕吐物为胃内容物，无咖啡样物,
29,2,OemComma,1,，,1558187132,2019/5/18 13:45:32,中文(简体) - 百度输入法,患儿1天前无明显诱因出现阵发性哭闹，伴呕吐，呕吐物为胃内容物，无咖啡样物，,
30,2,"G'O'N'G'Space",5,工,1558187133,2019/5/18 13:45:33,中文(简体) - 百度输入法,患儿1天前无明显诱因出现阵发性哭闹，伴呕吐，呕吐物为胃内容物，无咖啡样物，工,
31,2,D5,1,5,1558187134,2019/5/18 13:45:33,中文(简体) - 百度输入法,患儿1天前无明显诱因出现阵发性哭闹，伴呕吐，呕吐物为胃内容物，无咖啡样物，工5,
32,2,"C'I'Space",3,次,1558187135,2019/5/18 13:45:34,中文(简体) - 百度输入法,患儿1天前无明显诱因出现阵发性哭闹，伴呕吐，呕吐物为胃内容物，无咖啡样物，工5次,
33,2,Back,1,-次,1558187135,2019/5/18 13:45:35,中文(简体) - 百度输入法,患儿1天前无明显诱因出现阵发性哭闹，伴呕吐，呕吐物为胃内容物，无咖啡样物，工5,
34,2,Back,1,-5,1558187135,2019/5/18 13:45:35,中文(简体) - 百度输入法,患儿1天前无明显诱因出现阵发性哭闹，伴呕吐，呕吐物为胃内容物，无咖啡样物，工,
35,2,Back,1,-工,1558187136,2019/5/18 13:45:35,中文(简体) - 百度输入法,患儿1天前无明显诱因出现阵发性哭闹，伴呕吐，呕吐物为胃内容物，无咖啡样物，,
36,2,"G'O'N'G'D2",5,共,1558187138,2019/5/18 13:45:38,中文(简体) - 百度输入法,患儿1天前无明显诱因出现阵发性哭闹，伴呕吐，呕吐物为胃内容物，无咖啡样物，共,
37,2,D5,1,5,1558187139,2019/5/18 13:45:38,中文(简体) - 百度输入法,患儿1天前无明显诱因出现阵发性哭闹，伴呕吐，呕吐物为胃内容物，无咖啡样物，共5,
38,2,"C'I'Space",3,次,1558187140,2019/5/18 13:45:39,中文(简体) - 百度输入法,患儿1天前无明显诱因出现阵发性哭闹，伴呕吐，呕吐物为胃内容物，无咖啡样物，共5次,
39,2,OemPeriod,1,。,1558187141,2019/5/18 13:45:40,中文(简体) - 百度输入法,患儿1天前无明显诱因出现阵发性哭闹，伴呕吐，呕吐物为胃内容物，无咖啡样物，共5次。,
40,6,"S'H'U'H'O'U'Space",7,术后,1558187146,2019/5/18 13:45:45,中文(简体) - 百度输入法,术后,
41,6,"Z'H'E'N'D'U'A'N'Space",9,诊断,1558187147,2019/5/18 13:45:47,中文(简体) - 百度输入法,术后诊断,
42,6,"LeftShift'Oem1",2,：,1558187148,2019/5/18 13:45:48,中文(简体) - 百度输入法,术后诊断：,
43,6,"S'H'U'A'N'G'L'U'N'C'Back'Back'A'N'C'H'A'O'A'I'Back'Back'Back'O'Space",25,双卵巢,1558187162,2019/5/18 13:46:01,中文(简体) - 百度输入法,术后诊断：双卵巢,
44,6,"X'I'N'Back'A'N'A'I'Space",9,腺癌,1558187165,2019/5/18 13:46:04,中文(简体) - 百度输入法,术后诊断：双卵巢腺癌,
45,6,"Capital'I",2,I,1558187165,2019/5/18 13:46:05,中文(简体) - 百度输入法,术后诊断：双卵巢腺癌I,
46,6,I,1,I,1558187165,2019/5/18 13:46:05,中文(简体) - 百度输入法,术后诊断：双卵巢腺癌II,
47,6,B,1,B,1558187166,2019/5/18 13:46:05,中文(简体) - 百度输入法,术后诊断：双卵巢腺癌IIB,
48,6,"Capital'Q'I'Space",4,期,1558187167,2019/5/18 13:46:06,中文(简体) - 百度输入法,术后诊断：双卵巢腺癌IIB期,
49,6,OemPeriod,1,。,1558187168,2019/5/18 13:46:07,中文(简体) - 百度输入法,术后诊断：双卵巢腺癌IIB期。,
50,4,"H'U'A'N'Z'H'E'Space",8,患者,1558187173,2019/5/18 13:46:12,中文(简体) - 百度输入法,患者,
51,4,"Y'I'N'Space",4,因,1558187174,2019/5/18 13:46:13,中文(简体) - 百度输入法,患者因,
52,4,"LeftShift'OemQuotes",2,“,1558187174,2019/5/18 13:46:14,中文(简体) - 百度输入法,患者因“,
53,4,"B'U'G'Z'D3",5,不规则,1558187180,2019/5/18 13:46:19,中文(简体) - 百度输入法,患者因“不规则,
54,4,"Y'N'Back'I'N'D'D3",7,阴道,1558187185,2019/5/18 13:46:24,中文(简体) - 百度输入法,患者因“不规则阴道,
55,4,"L'I'U'X'U'E'Space",7,流血,1558187188,2019/5/18 13:46:28,中文(简体) - 百度输入法,患者因“不规则阴道流血,
56,4,"B'A'N'OemPlus'D4",5,伴,1558187192,2019/5/18 13:46:32,中文(简体) - 百度输入法,患者因“不规则阴道流血伴,
57,4,"Y'I'N'D'A'O'Space",7,阴道,1558187195,2019/5/18 13:46:34,中文(简体) - 百度输入法,患者因“不规则阴道流血伴阴道,
58,4,"P'A'I'U'E'Back'Back'Y'E'Space",10,排液,1558187199,2019/5/18 13:46:38,中文(简体) - 百度输入法,患者因“不规则阴道流血伴阴道排液,
59,4,D1,1,1,1558187200,2019/5/18 13:46:40,中文(简体) - 百度输入法,患者因“不规则阴道流血伴阴道排液1,
60,4,"LeftShift'OemPlus",2,+,1558187201,2019/5/18 13:46:41,中文(简体) - 百度输入法,患者因“不规则阴道流血伴阴道排液1+,
61,4,"N'I'A'N'Space",5,年,1558187204,2019/5/18 13:46:43,中文(简体) - 百度输入法,患者因“不规则阴道流血伴阴道排液1+年,
62,4,OemComma,1,，,1558187205,2019/5/18 13:46:44,中文(简体) - 百度输入法,患者因“不规则阴道流血伴阴道排液1+年，,
63,4,"Z'H'E'N'D'U'A'N'X'I'N'G'Space",13,诊断性,1558187212,2019/5/18 13:46:51,中文(简体) - 百度输入法,患者因“不规则阴道流血伴阴道排液1+年，诊断性,
64,4,"G'U'A'G'O'N'G'Space",8,刮宫,1558187214,2019/5/18 13:46:54,中文(简体) - 百度输入法,患者因“不规则阴道流血伴阴道排液1+年，诊断性刮宫,
65,4,"B'I'N'G'L'I'D2",7,病理,1558187218,2019/5/18 13:46:57,中文(简体) - 百度输入法,患者因“不规则阴道流血伴阴道排液1+年，诊断性刮宫病理,
66,4,"T'I'S'H'I'Space",6,提示,1558187219,2019/5/18 13:46:59,中文(简体) - 百度输入法,患者因“不规则阴道流血伴阴道排液1+年，诊断性刮宫病理提示,
67,4,"LeftShift'LeftShift'LeftShift'LeftShift'LeftShift'LeftShift'LeftShift'LeftShift'LeftShift'LeftShift'Oem1",11,：,1558187221,2019/5/18 13:47:00,中文(简体) - 百度输入法,患者因“不规则阴道流血伴阴道排液1+年，诊断性刮宫病理提示：,
68,4,D9,1,（,1558187221,2019/5/18 13:47:01,中文(简体) - 百度输入法,患者因“不规则阴道流血伴阴道排液1+年，诊断性刮宫病理提示：（,
69,4,"G'O'N'G'Q'I'A'N'G'Space",10,宫腔,1558187225,2019/5/18 13:47:05,中文(简体) - 百度输入法,患者因“不规则阴道流血伴阴道排液1+年，诊断性刮宫病理提示：（宫腔,
70,4,"LeftShift'D0",2,）,1558187226,2019/5/18 13:47:05,中文(简体) - 百度输入法,患者因“不规则阴道流血伴阴道排液1+年，诊断性刮宫病理提示：（宫腔）,
71,4,"Z'I'G'O'N'G'N'E'I'Space",10,子宫内,1558187230,2019/5/18 13:47:09,中文(简体) - 百度输入法,患者因“不规则阴道流血伴阴道排液1+年，诊断性刮宫病理提示：（宫腔）子宫内,
72,4,"M'O'Y'A'N'G'Space",7,模样,1558187235,2019/5/18 13:47:14,中文(简体) - 百度输入法,患者因“不规则阴道流血伴阴道排液1+年，诊断性刮宫病理提示：（宫腔）子宫内模样,
73,4,"X'I'A'N'A'I'Space",7,腺癌,1558187238,2019/5/18 13:47:18,中文(简体) - 百度输入法,患者因“不规则阴道流血伴阴道排液1+年，诊断性刮宫病理提示：（宫腔）子宫内模样腺癌,
74,4,"Capital'G",2,G,1558187239,2019/5/18 13:47:18,中文(简体) - 百度输入法,患者因“不规则阴道流血伴阴道排液1+年，诊断性刮宫病理提示：（宫腔）子宫内模样腺癌G,
75,4,"Capital'D2",2,2,1558187239,2019/5/18 13:47:19,中文(简体) - 百度输入法,患者因“不规则阴道流血伴阴道排液1+年，诊断性刮宫病理提示：（宫腔）子宫内模样腺癌G2,
76,4,Oem1,1,；,1558187241,2019/5/18 13:47:20,中文(简体) - 百度输入法,患者因“不规则阴道流血伴阴道排液1+年，诊断性刮宫病理提示：（宫腔）子宫内模样腺癌G2；,
77,4,"W'O'Y'U'A'N'Space",7,我院,1558187244,2019/5/18 13:47:23,中文(简体) - 百度输入法,患者因“不规则阴道流血伴阴道排液1+年，诊断性刮宫病理提示：（宫腔）子宫内模样腺癌G2；我院,
78,4,"B'I'N'G'L'I'H'U'I'Z'H'Space",12,病例会诊,1558187249,2019/5/18 13:47:29,中文(简体) - 百度输入法,患者因“不规则阴道流血伴阴道排液1+年，诊断性刮宫病理提示：（宫腔）子宫内模样腺癌G2；我院病例会诊,
79,4,"T'I'S'H'I'Space",6,提示,1558187251,2019/5/18 13:47:31,中文(简体) - 百度输入法,患者因“不规则阴道流血伴阴道排液1+年，诊断性刮宫病理提示：（宫腔）子宫内模样腺癌G2；我院病例会诊提示,
80,4,"LeftShift'Oem1",2,：,1558187252,2019/5/18 13:47:32,中文(简体) - 百度输入法,患者因“不规则阴道流血伴阴道排液1+年，诊断性刮宫病理提示：（宫腔）子宫内模样腺癌G2；我院病例会诊提示：,
81,4,"Z'I'G'O'N'G'Space",7,子宫,1558187256,2019/5/18 13:47:35,中文(简体) - 百度输入法,患者因“不规则阴道流血伴阴道排液1+年，诊断性刮宫病理提示：（宫腔）子宫内模样腺癌G2；我院病例会诊提示：子宫,
82,4,"N'E'I'M'O'Y'A'N'G'Space",10,内模样,1558187262,2019/5/18 13:47:41,中文(简体) - 百度输入法,患者因“不规则阴道流血伴阴道排液1+年，诊断性刮宫病理提示：（宫腔）子宫内模样腺癌G2；我院病例会诊提示：子宫内模样,
83,4,"X'I'A'N'A'I'Space",7,腺癌,1558187264,2019/5/18 13:47:43,中文(简体) - 百度输入法,患者因“不规则阴道流血伴阴道排液1+年，诊断性刮宫病理提示：（宫腔）子宫内模样腺癌G2；我院病例会诊提示：子宫内模样腺癌,
84,4,"Capital'G",2,G,1558187265,2019/5/18 13:47:44,中文(简体) - 百度输入法,患者因“不规则阴道流血伴阴道排液1+年，诊断性刮宫病理提示：（宫腔）子宫内模样腺癌G2；我院病例会诊提示：子宫内模样腺癌G,
85,4,D2,1,2,1558187265,2019/5/18 13:47:45,中文(简体) - 百度输入法,患者因“不规则阴道流血伴阴道排液1+年，诊断性刮宫病理提示：（宫腔）子宫内模样腺癌G2；我院病例会诊提示：子宫内模样腺癌G2,
86,4,OemMinus,1,-,1558187266,2019/5/18 13:47:45,中文(简体) - 百度输入法,患者因“不规则阴道流血伴阴道排液1+年，诊断性刮宫病理提示：（宫腔）子宫内模样腺癌G2；我院病例会诊提示：子宫内模样腺癌G2-,
87,4,D3,1,3,1558187266,2019/5/18 13:47:46,中文(简体) - 百度输入法,患者因“不规则阴道流血伴阴道排液1+年，诊断性刮宫病理提示：（宫腔）子宫内模样腺癌G2；我院病例会诊提示：子宫内模样腺癌G2-3,
88,4,"Capital'OemComma",2,，,1558187268,2019/5/18 13:47:47,中文(简体) - 百度输入法,患者因“不规则阴道流血伴阴道排液1+年，诊断性刮宫病理提示：（宫腔）子宫内模样腺癌G2；我院病例会诊提示：子宫内模样腺癌G2-3，,
89,4,"G'O'N'G'J'I'N'G'G'U'A'N'S'A'O'G'U'A'Z'I'Z'H'U'Back'Back",25,-，,1558187280,2019/5/18 13:47:59,中文(简体) - 百度输入法,患者因“不规则阴道流血伴阴道排液1+年，诊断性刮宫病理提示：（宫腔）子宫内模样腺癌G2；我院病例会诊提示：子宫内模样腺癌G2-3,
90,4,"Back'Back'Back'Back'Back'Space",6,宫颈管搔刮,1558187282,2019/5/18 13:48:01,中文(简体) - 百度输入法,患者因“不规则阴道流血伴阴道排液1+年，诊断性刮宫病理提示：（宫腔）子宫内模样腺癌G2；我院病例会诊提示：子宫内模样腺癌G2-3宫颈管搔刮,
91,4,"Z'I'Z'H'U'Back'Back'Back'Back'U'Z'H'I'Space",14,组织,1558187287,2019/5/18 13:48:06,中文(简体) - 百度输入法,患者因“不规则阴道流血伴阴道排液1+年，诊断性刮宫病理提示：（宫腔）子宫内模样腺癌G2；我院病例会诊提示：子宫内模样腺癌G2-3宫颈管搔刮组织,
92,4,"J'I'A'N'Space",5,见,1558187288,2019/5/18 13:48:08,中文(简体) - 百度输入法,患者因“不规则阴道流血伴阴道排液1+年，诊断性刮宫病理提示：（宫腔）子宫内模样腺癌G2；我院病例会诊提示：子宫内模样腺癌G2-3宫颈管搔刮组织见,
93,4,"S'H'A'O'L'I'A'N'G'Space",10,少量,1558187292,2019/5/18 13:48:11,中文(简体) - 百度输入法,患者因“不规则阴道流血伴阴道排液1+年，诊断性刮宫病理提示：（宫腔）子宫内模样腺癌G2；我院病例会诊提示：子宫内模样腺癌G2-3宫颈管搔刮组织见少量,
94,4,"N'I'A'N'M'O'D2",7,粘膜,1558187298,2019/5/18 13:48:18,中文(简体) - 百度输入法,患者因“不规则阴道流血伴阴道排液1+年，诊断性刮宫病理提示：（宫腔）子宫内模样腺癌G2；我院病例会诊提示：子宫内模样腺癌G2-3宫颈管搔刮组织见少量粘膜,
95,4,"Z'U'Z'H'I'Space",6,组织,1558187300,2019/5/18 13:48:20,中文(简体) - 百度输入法,患者因“不规则阴道流血伴阴道排液1+年，诊断性刮宫病理提示：（宫腔）子宫内模样腺癌G2；我院病例会诊提示：子宫内模样腺癌G2-3宫颈管搔刮组织见少量粘膜组织,
96,4,"J'I'Space",3,及,1558187302,2019/5/18 13:48:21,中文(简体) - 百度输入法,患者因“不规则阴道流血伴阴道排液1+年，诊断性刮宫病理提示：（宫腔）子宫内模样腺癌G2；我院病例会诊提示：子宫内模样腺癌G2-3宫颈管搔刮组织见少量粘膜组织及,
97,4,"S'H'A'O'L'I'A'N'G'Space",10,少量,1558187304,2019/5/18 13:48:24,中文(简体) - 百度输入法,患者因“不规则阴道流血伴阴道排液1+年，诊断性刮宫病理提示：（宫腔）子宫内模样腺癌G2；我院病例会诊提示：子宫内模样腺癌G2-3宫颈管搔刮组织见少量粘膜组织及少量,
98,4,"Y'I'X'I'N'G'Back'G'OemPlus'OemPlus'OemMinus'D5",12,异型,1558187316,2019/5/18 13:48:35,中文(简体) - 百度输入法,患者因“不规则阴道流血伴阴道排液1+年，诊断性刮宫病理提示：（宫腔）子宫内模样腺癌G2；我院病例会诊提示：子宫内模样腺癌G2-3宫颈管搔刮组织见少量粘膜组织及少量异型,
99,4,"S'Back'D'E'Space",5,的,1558187318,2019/5/18 13:48:38,中文(简体) - 百度输入法,患者因“不规则阴道流血伴阴道排液1+年，诊断性刮宫病理提示：（宫腔）子宫内模样腺癌G2；我院病例会诊提示：子宫内模样腺癌G2-3宫颈管搔刮组织见少量粘膜组织及少量异型的,
100,4,"N'E'I'M'O'X'I'A'N'T'I'D3'D3",13,内膜腺体,1558187328,2019/5/18 13:48:47,中文(简体) - 百度输入法,患者因“不规则阴道流血伴阴道排液1+年，诊断性刮宫病理提示：（宫腔）子宫内模样腺癌G2；我院病例会诊提示：子宫内模样腺癌G2-3宫颈管搔刮组织见少量粘膜组织及少量异型的内膜腺体,
101,4,OemPeriod,1,。,1558187329,2019/5/18 13:48:48,中文(简体) - 百度输入法,患者因“不规则阴道流血伴阴道排液1+年，诊断性刮宫病理提示：（宫腔）子宫内模样腺癌G2；我院病例会诊提示：子宫内模样腺癌G2-3宫颈管搔刮组织见少量粘膜组织及少量异型的内膜腺体。,
102,4,"LeftShift'OemQuotes",2,”,1558187346,2019/5/18 13:49:05,中文(简体) - 百度输入法,患者因“不规则阴道流血伴阴道排液1+年”，诊断性刮宫病理提示：（宫腔）子宫内模样腺癌G2；我院病例会诊提示：子宫内模样腺癌G2-3宫颈管搔刮组织见少量粘膜组织及少量异型的内膜腺体。,
103,4,OemComma,1,，,1558187356,2019/5/18 13:49:15,中文(简体) - 百度输入法,患者因“不规则阴道流血伴阴道排液1+年”，诊断性刮宫病理提示：（宫腔）子宫内模样腺癌G2；我院病例会诊提示：子宫内模样腺癌G2-3，宫颈管搔刮组织见少量粘膜组织及少量异型的内膜腺体。,
