﻿ID,TID,Keyboard,KeyLength,MapText,TimeStamp,Time,IME,CurText
1,8,"S'H'U'H'O'U'Space",7,术后,1558187049,2019/5/18 13:44:09,中文(简体) - 百度输入法,术后,
2,8,"Z'H'E'N'D'U'A'N'Space",9,诊断,1558187051,2019/5/18 13:44:10,中文(简体) - 百度输入法,术后诊断,
3,8,"LeftShift'Oem1",2,：,1558187052,2019/5/18 13:44:11,中文(简体) - 百度输入法,术后诊断：,
4,8,"S'H'U'A'N'G'L'U'A'N'C'Space",12,双卵巢,1558187058,2019/5/18 13:44:18,中文(简体) - 百度输入法,术后诊断：双卵巢,
5,8,"X'I'N'A'Back'Back'A'N'A'D4",10,腺癌,1558187063,2019/5/18 13:44:23,中文(简体) - 百度输入法,术后诊断：双卵巢腺癌,
6,8,"Capital'I",2,I,1558187064,2019/5/18 13:44:24,中文(简体) - 百度输入法,术后诊断：双卵巢腺癌I,
7,8,I,1,I,1558187064,2019/5/18 13:44:24,中文(简体) - 百度输入法,术后诊断：双卵巢腺癌II,
8,8,B,1,B,1558187065,2019/5/18 13:44:24,中文(简体) - 百度输入法,术后诊断：双卵巢腺癌IIB,
9,8,"Capital'Q'I'D3",4,期,1558187067,2019/5/18 13:44:27,中文(简体) - 百度输入法,术后诊断：双卵巢腺癌IIB期,
10,8,OemPeriod,1,。,1558187070,2019/5/18 13:44:29,中文(简体) - 百度输入法,术后诊断：双卵巢腺癌IIB期。,
