﻿ID,TID,Keyboard,KeyLength,MapText,TimeStamp,Time,IME,CurText
1,7,"W'U'X'U'K'E'Z'H'E'N'G'Space",12,无许可证,1558187534,2019/5/18 13:52:13,搜狗输入法医生版,无许可证,
2,7,"P'A'I'W'U'S'H'U'D2",9,排污水,1558187538,2019/5/18 13:52:17,搜狗输入法医生版,无许可证排污水,
3,7,"Z'U'I'G'Space",5,最高,1558187540,2019/5/18 13:52:19,搜狗输入法医生版,无许可证排污水最高,
4,7,"K'E'F'A'N'OemPlus'Back'D3'D3",9,可罚,1558187549,2019/5/18 13:52:29,搜狗输入法医生版,无许可证排污水最高可罚,
5,7,D5,1,5,1558187551,2019/5/18 13:52:30,搜狗输入法医生版,无许可证排污水最高可罚5,
6,7,D0,1,0,1558187552,2019/5/18 13:52:32,搜狗输入法医生版,无许可证排污水最高可罚50,
7,7,"W'A'N'Y'U'A'N'Space",8,万元,1558187554,2019/5/18 13:52:34,搜狗输入法医生版,无许可证排污水最高可罚50万元,
8,1,"R'A'N'G'Space",5,让,1558187560,2019/5/18 13:52:40,搜狗输入法医生版,让,
9,1,"W'O'M'E'N'Space",6,我们,1558187564,2019/5/18 13:52:43,搜狗输入法医生版,让我们,
10,1,"G'O'N'G'T'Space",6,共同,1558187566,2019/5/18 13:52:46,搜狗输入法医生版,让我们共同,
11,1,"W'E'I'Space",4,为,1558187567,2019/5/18 13:52:47,搜狗输入法医生版,让我们共同为,
12,1,"J'I'A'N'S'H'E'Space",8,建设,1558187569,2019/5/18 13:52:48,搜狗输入法医生版,让我们共同为建设,
13,1,"Y'I'G'E'Space",5,一个,1558187571,2019/5/18 13:52:50,搜狗输入法医生版,让我们共同为建设一个,
14,1,"G'E'N'G'J'I'A'Space",8,更加,1558187573,2019/5/18 13:52:52,搜狗输入法医生版,让我们共同为建设一个更加,
15,1,"F'U'Y'U'Space",5,富裕,1558187576,2019/5/18 13:52:56,搜狗输入法医生版,让我们共同为建设一个更加富裕,
16,1,OemQuestion,1, ,1558187577,2019/5/18 13:52:56,搜狗输入法医生版,让我们共同为建设一个更加富裕 ,
17,1,"H'E'X'I'E'Space",6,、和谐,1558187579,2019/5/18 13:52:58,搜狗输入法医生版,让我们共同为建设一个更加富裕、和谐,
18,1,OemQuestion,1, ,1558187579,2019/5/18 13:52:59,搜狗输入法医生版,让我们共同为建设一个更加富裕、和谐 ,
19,1,"X'I'N'G'D'Back'F'U'Space",9,、幸福,1558187583,2019/5/18 13:53:03,搜狗输入法医生版,让我们共同为建设一个更加富裕、和谐、幸福,
20,1,OemQuestion,1, ,1558187584,2019/5/18 13:53:04,搜狗输入法医生版,让我们共同为建设一个更加富裕、和谐、幸福 ,
21,1,"F'A'Z'H'I'D3",6,、法治,1558187588,2019/5/18 13:53:07,搜狗输入法医生版,让我们共同为建设一个更加富裕、和谐、幸福、法治,
22,1,OemQuestion,1, ,1558187589,2019/5/18 13:53:09,搜狗输入法医生版,让我们共同为建设一个更加富裕、和谐、幸福、法治 ,
23,1,"W'E'N'M'Space",5,、文明,1558187591,2019/5/18 13:53:10,搜狗输入法医生版,让我们共同为建设一个更加富裕、和谐、幸福、法治、文明,
24,1,OemQuestion,1, ,1558187592,2019/5/18 13:53:11,搜狗输入法医生版,让我们共同为建设一个更加富裕、和谐、幸福、法治、文明 ,
25,1,"M'E'I'L'I'Space",6,、美丽,1558187593,2019/5/18 13:53:13,搜狗输入法医生版,让我们共同为建设一个更加富裕、和谐、幸福、法治、文明、美丽,
26,1,"D'E'Space",3,的,1558187594,2019/5/18 13:53:13,搜狗输入法医生版,让我们共同为建设一个更加富裕、和谐、幸福、法治、文明、美丽的,
27,1,"S'H'E'H'U'I'Z'H'U'Y'O'Space",12,社会主哟,1558187598,2019/5/18 13:53:18,搜狗输入法医生版,让我们共同为建设一个更加富裕、和谐、幸福、法治、文明、美丽的社会主哟,
28,1,Back,1,-哟,1558187599,2019/5/18 13:53:19,搜狗输入法医生版,让我们共同为建设一个更加富裕、和谐、幸福、法治、文明、美丽的社会主,
29,1,Back,1,-主,1558187600,2019/5/18 13:53:19,搜狗输入法医生版,让我们共同为建设一个更加富裕、和谐、幸福、法治、文明、美丽的社会,
30,1,"Z'H'U'Y'I'Space",6,主义,1558187602,2019/5/18 13:53:21,搜狗输入法医生版,让我们共同为建设一个更加富裕、和谐、幸福、法治、文明、美丽的社会主义,
31,1,"X'I'N'X'I'Z'A'N'G'Space",10,新西藏,1558187605,2019/5/18 13:53:25,搜狗输入法医生版,让我们共同为建设一个更加富裕、和谐、幸福、法治、文明、美丽的社会主义新西藏,
32,1,"E'R'D3",3,而,1558187608,2019/5/18 13:53:28,搜狗输入法医生版,让我们共同为建设一个更加富裕、和谐、幸福、法治、文明、美丽的社会主义新西藏而,
33,1,"N'U'L'I'Space",5,努力,1558187610,2019/5/18 13:53:30,搜狗输入法医生版,让我们共同为建设一个更加富裕、和谐、幸福、法治、文明、美丽的社会主义新西藏而努力,
34,1,"F'E'N'G'D'Space",6,封顶,1558187611,2019/5/18 13:53:31,搜狗输入法医生版,让我们共同为建设一个更加富裕、和谐、幸福、法治、文明、美丽的社会主义新西藏而努力封顶,
35,1,Back,1,-顶,1558187613,2019/5/18 13:53:32,搜狗输入法医生版,让我们共同为建设一个更加富裕、和谐、幸福、法治、文明、美丽的社会主义新西藏而努力封,
36,1,Back,1,-封,1558187613,2019/5/18 13:53:32,搜狗输入法医生版,让我们共同为建设一个更加富裕、和谐、幸福、法治、文明、美丽的社会主义新西藏而努力,
37,1,"F'E'N'D'Space",5,奋斗,1558187616,2019/5/18 13:53:35,搜狗输入法医生版,让我们共同为建设一个更加富裕、和谐、幸福、法治、文明、美丽的社会主义新西藏而努力奋斗,
38,1,"LeftShift'D1",2, ,1558187617,2019/5/18 13:53:36,搜狗输入法医生版,让我们共同为建设一个更加富裕、和谐、幸福、法治、文明、美丽的社会主义新西藏而努力奋斗 ,
39,5,"W'U'X'U'K'E'Z'Space",8,无许可证,1558187624,2019/5/18 13:53:43,搜狗输入法医生版,无许可证,
40,5,"O'A'I'W'U'S'Back'Back'Back'Back'Back'Back'P'A'I'W'U'S'Space",19,排污水,1558187632,2019/5/18 13:53:52,搜狗输入法医生版,无许可证排污水,
41,5,"Z'U'I'G'A'O'Space",7,最高,1558187634,2019/5/18 13:53:54,搜狗输入法医生版,无许可证排污水最高,
42,5,"K'E'F'A'N'OemPlus'Back'Space",8,可罚,1558187639,2019/5/18 13:53:59,搜狗输入法医生版,无许可证排污水最高可罚,
43,5,D5,1,5,1558187640,2019/5/18 13:54:00,搜狗输入法医生版,无许可证排污水最高可罚5,
44,5,D0,1,0,1558187641,2019/5/18 13:54:00,搜狗输入法医生版,无许可证排污水最高可罚50,
45,5,"W'A'N'Y'U'A'N'Space",8,万元,1558187643,2019/5/18 13:54:02,搜狗输入法医生版,无许可证排污水最高可罚50万元,
46,3,"B'E'N'C'I'Space",6,本次,1558187649,2019/5/18 13:54:08,搜狗输入法医生版,本次,
47,3,"K'U'A'N'I'A'N'P'A'I'U'Back'D'U'I'Space",16,跨年派对,1558187655,2019/5/18 13:54:15,搜狗输入法医生版,本次跨年派对,
48,3,"S'H'I'Space",4,是,1558187656,2019/5/18 13:54:15,搜狗输入法医生版,本次跨年派对是,
49,3,"Q'U'A'N'G'U'O'Space",8,全国,1558187662,2019/5/18 13:54:21,搜狗输入法医生版,本次跨年派对是全国,
50,3,"S'H'O'U'C'I'Space",7,首次,1558187664,2019/5/18 13:54:23,搜狗输入法医生版,本次跨年派对是全国首次,
51,3,"Y'O'U'D2",4,由,1558187667,2019/5/18 13:54:26,搜狗输入法医生版,本次跨年派对是全国首次由,
52,3,"Z'H'E'N'G'F'U'W'E'I'B'Space",12,政府微博,1558187670,2019/5/18 13:54:30,搜狗输入法医生版,本次跨年派对是全国首次由政府微博,
53,3,"Y'U'Space",3,与,1558187672,2019/5/18 13:54:31,搜狗输入法医生版,本次跨年派对是全国首次由政府微博与,
54,3,"C'A'O'G'E'N'W'E'I'B'O'Space",12,草根微博,1558187676,2019/5/18 13:54:35,搜狗输入法医生版,本次跨年派对是全国首次由政府微博与草根微博,
55,3,OemPeriod,1, ,1558187676,2019/5/18 13:54:36,搜狗输入法医生版,本次跨年派对是全国首次由政府微博与草根微博 ,
56,3,"M'I'N'J'I'A'N'Space",8,。民间,1558187678,2019/5/18 13:54:38,搜狗输入法医生版,本次跨年派对是全国首次由政府微博与草根微博。民间,
57,3,"L'I'L'I'A'N'G'Space",8,力量,1558187681,2019/5/18 13:54:40,搜狗输入法医生版,本次跨年派对是全国首次由政府微博与草根微博。民间力量,
58,3,"L'I'A'N'S'H'O'U'Space",9,练手,1558187683,2019/5/18 13:54:42,搜狗输入法医生版,本次跨年派对是全国首次由政府微博与草根微博。民间力量练手,
59,3,Back,1,-手,1558187684,2019/5/18 13:54:44,搜狗输入法医生版,本次跨年派对是全国首次由政府微博与草根微博。民间力量练,
60,3,Back,1,-练,1558187685,2019/5/18 13:54:44,搜狗输入法医生版,本次跨年派对是全国首次由政府微博与草根微博。民间力量,
61,3,"L'I'A'N'S'H'O'U'D2",9,联手,1558187690,2019/5/18 13:54:49,搜狗输入法医生版,本次跨年派对是全国首次由政府微博与草根微博。民间力量联手,
62,3,"J'U'B'A'N'Space",6,举办,1558187691,2019/5/18 13:54:51,搜狗输入法医生版,本次跨年派对是全国首次由政府微博与草根微博。民间力量联手举办,
63,3,"D'E'Space",3,的,1558187692,2019/5/18 13:54:51,搜狗输入法医生版,本次跨年派对是全国首次由政府微博与草根微博。民间力量联手举办的,
64,3,"W'A'N'G'L'Space",6,网络,1558187693,2019/5/18 13:54:53,搜狗输入法医生版,本次跨年派对是全国首次由政府微博与草根微博。民间力量联手举办的网络,
65,3,"H'U'O'D'O'N'G'Space",8,活动,1558187695,2019/5/18 13:54:55,搜狗输入法医生版,本次跨年派对是全国首次由政府微博与草根微博。民间力量联手举办的网络活动,
66,3,OemComma,1, ,1558187696,2019/5/18 13:54:56,搜狗输入法医生版,本次跨年派对是全国首次由政府微博与草根微博。民间力量联手举办的网络活动 ,
67,3,"Y'E'S'H'I'Space",6,，也是,1558187698,2019/5/18 13:54:57,搜狗输入法医生版,本次跨年派对是全国首次由政府微博与草根微博。民间力量联手举办的网络活动，也是,
68,3,D2,1,2,1558187699,2019/5/18 13:54:59,搜狗输入法医生版,本次跨年派对是全国首次由政府微博与草根微博。民间力量联手举办的网络活动，也是2,
69,3,D0,1,0,1558187700,2019/5/18 13:54:59,搜狗输入法医生版,本次跨年派对是全国首次由政府微博与草根微博。民间力量联手举办的网络活动，也是20,
70,3,D1,1,1,1558187700,2019/5/18 13:54:59,搜狗输入法医生版,本次跨年派对是全国首次由政府微博与草根微博。民间力量联手举办的网络活动，也是201,
71,3,D3,1,3,1558187700,2019/5/18 13:54:59,搜狗输入法医生版,本次跨年派对是全国首次由政府微博与草根微博。民间力量联手举办的网络活动，也是2013,
72,3,"N'I'A'N'D'U'Space",7,年度,1558187703,2019/5/18 13:55:03,搜狗输入法医生版,本次跨年派对是全国首次由政府微博与草根微博。民间力量联手举办的网络活动，也是2013年度,
73,3,"X'I'N'J'I'A'N'G'Space",9,新疆,1558187706,2019/5/18 13:55:05,搜狗输入法医生版,本次跨年派对是全国首次由政府微博与草根微博。民间力量联手举办的网络活动，也是2013年度新疆,
74,3,"W'A'N'G'L'U'O'Space",8,网络,1558187708,2019/5/18 13:55:08,搜狗输入法医生版,本次跨年派对是全国首次由政府微博与草根微博。民间力量联手举办的网络活动，也是2013年度新疆网络,
75,3,"W'E'N'H'U'A'Space",7,文化,1558187710,2019/5/18 13:55:09,搜狗输入法医生版,本次跨年派对是全国首次由政府微博与草根微博。民间力量联手举办的网络活动，也是2013年度新疆网络文化,
76,3,"X'I'L'I'E'Space",6,系列,1558187712,2019/5/18 13:55:11,搜狗输入法医生版,本次跨年派对是全国首次由政府微博与草根微博。民间力量联手举办的网络活动，也是2013年度新疆网络文化系列,
77,3,"H'U'O'D'O'N'G'Z'H'I'Y'I'Space",13,活动之一,1558187715,2019/5/18 13:55:14,搜狗输入法医生版,本次跨年派对是全国首次由政府微博与草根微博。民间力量联手举办的网络活动，也是2013年度新疆网络文化系列活动之一,
78,3,OemPeriod,1, ,1558187715,2019/5/18 13:55:15,搜狗输入法医生版,本次跨年派对是全国首次由政府微博与草根微博。民间力量联手举办的网络活动，也是2013年度新疆网络文化系列活动之一 ,
79,3,"J'I'E'Z'H'U'Space",7,。借助,1558187718,2019/5/18 13:55:17,搜狗输入法医生版,本次跨年派对是全国首次由政府微博与草根微博。民间力量联手举办的网络活动，也是2013年度新疆网络文化系列活动之一。借助,
80,3,"W'A'N'G'L'U'O'Space",8,网络,1558187720,2019/5/18 13:55:19,搜狗输入法医生版,本次跨年派对是全国首次由政府微博与草根微博。民间力量联手举办的网络活动，也是2013年度新疆网络文化系列活动之一。借助网络,
81,3,"P'I'G'Back'N'G'T'A'I'Space",10,平台,1558187724,2019/5/18 13:55:23,搜狗输入法医生版,本次跨年派对是全国首次由政府微博与草根微博。民间力量联手举办的网络活动，也是2013年度新疆网络文化系列活动之一。借助网络平台,
82,3,"H'E'Space",3,和,1558187725,2019/5/18 13:55:24,搜狗输入法医生版,本次跨年派对是全国首次由政府微博与草根微博。民间力量联手举办的网络活动，也是2013年度新疆网络文化系列活动之一。借助网络平台和,
83,3,"P'A'I'D'U'OemPlus'I'Space",8,排队,1558187729,2019/5/18 13:55:28,搜狗输入法医生版,本次跨年派对是全国首次由政府微博与草根微博。民间力量联手举办的网络活动，也是2013年度新疆网络文化系列活动之一。借助网络平台和排队,
84,3,Back,1,-队,1558187730,2019/5/18 13:55:29,搜狗输入法医生版,本次跨年派对是全国首次由政府微博与草根微博。民间力量联手举办的网络活动，也是2013年度新疆网络文化系列活动之一。借助网络平台和排,
85,3,Back,1,-排,1558187730,2019/5/18 13:55:29,搜狗输入法医生版,本次跨年派对是全国首次由政府微博与草根微博。民间力量联手举办的网络活动，也是2013年度新疆网络文化系列活动之一。借助网络平台和,
86,3,"P'A'I'D'U'I'D2",7,派对,1558187733,2019/5/18 13:55:33,搜狗输入法医生版,本次跨年派对是全国首次由政府微博与草根微博。民间力量联手举办的网络活动，也是2013年度新疆网络文化系列活动之一。借助网络平台和派对,
87,3,"M'O'S'H'I'Space",6,模式,1558187735,2019/5/18 13:55:34,搜狗输入法医生版,本次跨年派对是全国首次由政府微博与草根微博。民间力量联手举办的网络活动，也是2013年度新疆网络文化系列活动之一。借助网络平台和派对模式,
88,3,OemComma,1, ,1558187736,2019/5/18 13:55:35,搜狗输入法医生版,本次跨年派对是全国首次由政府微博与草根微博。民间力量联手举办的网络活动，也是2013年度新疆网络文化系列活动之一。借助网络平台和派对模式 ,
89,3,"Z'H'U'D'A'Space",6,，主打,1558187737,2019/5/18 13:55:37,搜狗输入法医生版,本次跨年派对是全国首次由政府微博与草根微博。民间力量联手举办的网络活动，也是2013年度新疆网络文化系列活动之一。借助网络平台和派对模式，主打,
90,3,"S'H'I'S'H'A'N'G'Space",9,时尚,1558187740,2019/5/18 13:55:40,搜狗输入法医生版,本次跨年派对是全国首次由政府微博与草根微博。民间力量联手举办的网络活动，也是2013年度新疆网络文化系列活动之一。借助网络平台和派对模式，主打时尚,
91,3,"X'I'N'J'I'A'N'G'Space",9,新疆,1558187742,2019/5/18 13:55:42,搜狗输入法医生版,本次跨年派对是全国首次由政府微博与草根微博。民间力量联手举办的网络活动，也是2013年度新疆网络文化系列活动之一。借助网络平台和派对模式，主打时尚新疆,
92,3,OemComma,1, ,1558187743,2019/5/18 13:55:43,搜狗输入法医生版,本次跨年派对是全国首次由政府微博与草根微博。民间力量联手举办的网络活动，也是2013年度新疆网络文化系列活动之一。借助网络平台和派对模式，主打时尚新疆 ,
93,3,"C'H'U'A'N'B'O'Space",8,，传播,1558187746,2019/5/18 13:55:46,搜狗输入法医生版,本次跨年派对是全国首次由政府微博与草根微博。民间力量联手举办的网络活动，也是2013年度新疆网络文化系列活动之一。借助网络平台和派对模式，主打时尚新疆，传播,
94,3,"Z'H'E'N'G'N'E'N'G'L'I'A'N'G'Space",15,正能量,1558187750,2019/5/18 13:55:49,搜狗输入法医生版,本次跨年派对是全国首次由政府微博与草根微博。民间力量联手举办的网络活动，也是2013年度新疆网络文化系列活动之一。借助网络平台和派对模式，主打时尚新疆，传播正能量,
95,3,OemComma,1, ,1558187751,2019/5/18 13:55:50,搜狗输入法医生版,本次跨年派对是全国首次由政府微博与草根微博。民间力量联手举办的网络活动，也是2013年度新疆网络文化系列活动之一。借助网络平台和派对模式，主打时尚新疆，传播正能量 ,
96,3,"R'A'N'G'Space",5,，让,1558187752,2019/5/18 13:55:51,搜狗输入法医生版,本次跨年派对是全国首次由政府微博与草根微博。民间力量联手举办的网络活动，也是2013年度新疆网络文化系列活动之一。借助网络平台和派对模式，主打时尚新疆，传播正能量，让,
97,3,"G'E'N'G'D'U'O'D'E'R'E'N'Space",13,更多的人,1558187756,2019/5/18 13:55:56,搜狗输入法医生版,本次跨年派对是全国首次由政府微博与草根微博。民间力量联手举办的网络活动，也是2013年度新疆网络文化系列活动之一。借助网络平台和派对模式，主打时尚新疆，传播正能量，让更多的人,
98,3,"K'A'N'D'A'O'Space",7,看到,1558187758,2019/5/18 13:55:57,搜狗输入法医生版,本次跨年派对是全国首次由政府微博与草根微博。民间力量联手举办的网络活动，也是2013年度新疆网络文化系列活动之一。借助网络平台和派对模式，主打时尚新疆，传播正能量，让更多的人看到,
99,3,"X'I'N'J'I'A'N'G'Space",9,新疆,1558187760,2019/5/18 13:55:59,搜狗输入法医生版,本次跨年派对是全国首次由政府微博与草根微博。民间力量联手举办的网络活动，也是2013年度新疆网络文化系列活动之一。借助网络平台和派对模式，主打时尚新疆，传播正能量，让更多的人看到新疆,
100,3,"D'E'Space",3,的,1558187760,2019/5/18 13:56:00,搜狗输入法医生版,本次跨年派对是全国首次由政府微博与草根微博。民间力量联手举办的网络活动，也是2013年度新疆网络文化系列活动之一。借助网络平台和派对模式，主打时尚新疆，传播正能量，让更多的人看到新疆的,
101,3,"F'A'Z'H'A'N'Space",7,发展,1558187762,2019/5/18 13:56:01,搜狗输入法医生版,本次跨年派对是全国首次由政府微博与草根微博。民间力量联手举办的网络活动，也是2013年度新疆网络文化系列活动之一。借助网络平台和派对模式，主打时尚新疆，传播正能量，让更多的人看到新疆的发展,
102,3,"B'I'A'N'H'U'A'Space",8,变化,1558187764,2019/5/18 13:56:04,搜狗输入法医生版,本次跨年派对是全国首次由政府微博与草根微博。民间力量联手举办的网络活动，也是2013年度新疆网络文化系列活动之一。借助网络平台和派对模式，主打时尚新疆，传播正能量，让更多的人看到新疆的发展变化,
103,3,OemPeriod,1, ,1558187765,2019/5/18 13:56:05,搜狗输入法医生版,本次跨年派对是全国首次由政府微博与草根微博。民间力量联手举办的网络活动，也是2013年度新疆网络文化系列活动之一。借助网络平台和派对模式，主打时尚新疆，传播正能量，让更多的人看到新疆的发展变化 ,
