﻿ID,TID,Keyboard,KeyLength,MapText,TimeStamp,Time,IME,CurText
1,7,"W'U'X'U'K'E'Z'H'E'N'G'Space",12,无许可证,1558186557,2019/5/18 13:35:56,搜狗拼音输入法,无许可证,
2,7,"P'A'I'S'H'U'I'W'U'Back'Back'Back'Back'Back'Back'W'U'S'H'U'I'Space",22,排污水,1558186565,2019/5/18 13:36:05,搜狗拼音输入法,无许可证排污水,
3,7,"Z'U'I'G'A'O'Space",7,最高,1558186567,2019/5/18 13:36:07,搜狗拼音输入法,无许可证排污水最高,
4,7,"K'E'F'A'D3'D3",6,可罚,1558186572,2019/5/18 13:36:11,搜狗拼音输入法,无许可证排污水最高可罚,
5,7,D5,1,5,1558186573,2019/5/18 13:36:13,搜狗拼音输入法,无许可证排污水最高可罚5,
6,7,D0,1,0,1558186574,2019/5/18 13:36:13,搜狗拼音输入法,无许可证排污水最高可罚50,
7,7,"W'A'N'Y'U'A'N'Space",8,万元,1558186576,2019/5/18 13:36:15,搜狗拼音输入法,无许可证排污水最高可罚50万元,
8,1,"W'E'I'W'O'M'Space",7,为我们,1558186583,2019/5/18 13:36:22,搜狗拼音输入法,为我们,
9,1,"G'O'N'G'T'Space",6,共同,1558186585,2019/5/18 13:36:25,搜狗拼音输入法,为我们共同,
10,1,"W'E'I'Space",4,为,1558186586,2019/5/18 13:36:26,搜狗拼音输入法,为我们共同为,
11,1,"J'I'A'N'S'H'E'Space",8,建设,1558186589,2019/5/18 13:36:28,搜狗拼音输入法,为我们共同为建设,
12,1,"Y'I'G'E'Space",5,一个,1558186590,2019/5/18 13:36:30,搜狗拼音输入法,为我们共同为建设一个,
13,1,"G'E'N'G'J'I'A'F'U'Y'U'Space",12,更加富裕,1558186594,2019/5/18 13:36:34,搜狗拼音输入法,为我们共同为建设一个更加富裕,
14,1,OemQuestion,1, ,1558186595,2019/5/18 13:36:34,搜狗拼音输入法,为我们共同为建设一个更加富裕 ,
15,1,"H'E'X'I'E'Space",6,、和谐,1558186597,2019/5/18 13:36:36,搜狗拼音输入法,为我们共同为建设一个更加富裕、和谐,
16,1,OemQuestion,1, ,1558186598,2019/5/18 13:36:37,搜狗拼音输入法,为我们共同为建设一个更加富裕、和谐 ,
17,1,"X'I'N'G'F'Space",6,、幸福,1558186600,2019/5/18 13:36:39,搜狗拼音输入法,为我们共同为建设一个更加富裕、和谐、幸福,
18,1,OemQuestion,1, ,1558186601,2019/5/18 13:36:41,搜狗拼音输入法,为我们共同为建设一个更加富裕、和谐、幸福 ,
19,1,"F'A'Z'H'I'D3",6,、法治,1558186605,2019/5/18 13:36:45,搜狗拼音输入法,为我们共同为建设一个更加富裕、和谐、幸福、法治,
20,1,OemQuestion,1, ,1558186607,2019/5/18 13:36:46,搜狗拼音输入法,为我们共同为建设一个更加富裕、和谐、幸福、法治 ,
21,1,"W'N'OemPlus'Back'E'N'M'Space",8,、文明,1558186612,2019/5/18 13:36:51,搜狗拼音输入法,为我们共同为建设一个更加富裕、和谐、幸福、法治、文明,
22,1,OemQuestion,1, ,1558186612,2019/5/18 13:36:52,搜狗拼音输入法,为我们共同为建设一个更加富裕、和谐、幸福、法治、文明 ,
23,1,"M'E'I'L'D2",5,、美丽,1558186615,2019/5/18 13:36:54,搜狗拼音输入法,为我们共同为建设一个更加富裕、和谐、幸福、法治、文明、美丽,
24,1,"D'E'Space",3,的,1558186616,2019/5/18 13:36:55,搜狗拼音输入法,为我们共同为建设一个更加富裕、和谐、幸福、法治、文明、美丽的,
25,1,"S'H'E'H'U'I'Space",7,社会,1558186618,2019/5/18 13:36:57,搜狗拼音输入法,为我们共同为建设一个更加富裕、和谐、幸福、法治、文明、美丽的社会,
26,1,"Z'H'U'Y'I'Space",6,主义,1558186620,2019/5/18 13:36:59,搜狗拼音输入法,为我们共同为建设一个更加富裕、和谐、幸福、法治、文明、美丽的社会主义,
27,1,"X'I'N'X'I'Z'A'N'G'Space",10,新西藏,1558186625,2019/5/18 13:37:05,搜狗拼音输入法,为我们共同为建设一个更加富裕、和谐、幸福、法治、文明、美丽的社会主义新西藏,
28,1,"E'R'Space",3,二,1558186626,2019/5/18 13:37:06,搜狗拼音输入法,为我们共同为建设一个更加富裕、和谐、幸福、法治、文明、美丽的社会主义新西藏二,
29,1,"N'V'L'I'F'E'N'G'D'O'U'Back'Back'Back'Back'Back'Back'Back'Back'Back'Back'Back'Back",23,-二,1558186634,2019/5/18 13:37:14,搜狗拼音输入法,为我们共同为建设一个更加富裕、和谐、幸福、法治、文明、美丽的社会主义新西藏,
30,1,"E'R'D3",3,而,1558186637,2019/5/18 13:37:16,搜狗拼音输入法,为我们共同为建设一个更加富裕、和谐、幸福、法治、文明、美丽的社会主义新西藏而,
31,1,"N'V'L'I'Back'Back'Back'U'L'I'Space",11,努力,1558186642,2019/5/18 13:37:21,搜狗拼音输入法,为我们共同为建设一个更加富裕、和谐、幸福、法治、文明、美丽的社会主义新西藏而努力,
32,1,"F'E'N'G'D'O'U'Space",8,风斗,1558186643,2019/5/18 13:37:23,搜狗拼音输入法,为我们共同为建设一个更加富裕、和谐、幸福、法治、文明、美丽的社会主义新西藏而努力风斗,
33,1,Back,1,-斗,1558186644,2019/5/18 13:37:24,搜狗拼音输入法,为我们共同为建设一个更加富裕、和谐、幸福、法治、文明、美丽的社会主义新西藏而努力风,
34,1,Back,1,-风,1558186645,2019/5/18 13:37:24,搜狗拼音输入法,为我们共同为建设一个更加富裕、和谐、幸福、法治、文明、美丽的社会主义新西藏而努力,
35,1,"F'E'N'D'Space",5,奋斗,1558186646,2019/5/18 13:37:25,搜狗拼音输入法,为我们共同为建设一个更加富裕、和谐、幸福、法治、文明、美丽的社会主义新西藏而努力奋斗,
36,1,OemPeriod,1, ,1558186647,2019/5/18 13:37:27,搜狗拼音输入法,为我们共同为建设一个更加富裕、和谐、幸福、法治、文明、美丽的社会主义新西藏而努力奋斗 ,
37,1,Back,1,- ,1558186648,2019/5/18 13:37:27,搜狗拼音输入法,为我们共同为建设一个更加富裕、和谐、幸福、法治、文明、美丽的社会主义新西藏而努力奋斗,
38,1,"LeftShift'D1",2, ,1558186649,2019/5/18 13:37:28,搜狗拼音输入法,为我们共同为建设一个更加富裕、和谐、幸福、法治、文明、美丽的社会主义新西藏而努力奋斗 ,
39,5,"W'U'X'U'K'E'Z'H'E'N'G'Space",12,无许可证,1558186658,2019/5/18 13:37:37,搜狗拼音输入法,无许可证,
40,5,"P'A'I'W'U'S'H'U'I'Space",10,排污水,1558186660,2019/5/18 13:37:40,搜狗拼音输入法,无许可证排污水,
41,5,"Z'U'I'G'Space",5,最高,1558186662,2019/5/18 13:37:42,搜狗拼音输入法,无许可证排污水最高,
42,5,"K'E'F'A'Space",5,可罚,1558186664,2019/5/18 13:37:43,搜狗拼音输入法,无许可证排污水最高可罚,
43,5,D5,1,5,1558186665,2019/5/18 13:37:44,搜狗拼音输入法,无许可证排污水最高可罚5,
44,5,D0,1,0,1558186665,2019/5/18 13:37:45,搜狗拼音输入法,无许可证排污水最高可罚50,
45,5,"W'A'N'Y'U'A'N'Space",8,万元,1558186667,2019/5/18 13:37:46,搜狗拼音输入法,无许可证排污水最高可罚50万元,
46,3,"B'E'N'C'I'Space",6,本次,1558186671,2019/5/18 13:37:50,搜狗拼音输入法,本次,
47,3,"K'U'A'N'I'A'N'Space",8,跨年,1558186674,2019/5/18 13:37:54,搜狗拼音输入法,本次跨年,
48,3,"P'A'I'D'U'I'Space",7,派对,1558186677,2019/5/18 13:37:57,搜狗拼音输入法,本次跨年派对,
49,3,"S'H'I'Space",4,是,1558186678,2019/5/18 13:37:57,搜狗拼音输入法,本次跨年派对是,
50,3,"Q'U'A'N'G'OemPlus'OemPlus'OemPlus'U'O'Space",11,全国,1558186684,2019/5/18 13:38:03,搜狗拼音输入法,本次跨年派对是全国,
51,3,"S'H'O'U'C'I'Space",7,首次,1558186686,2019/5/18 13:38:06,搜狗拼音输入法,本次跨年派对是全国首次,
52,3,"Y'O'U'D2",4,由,1558186688,2019/5/18 13:38:07,搜狗拼音输入法,本次跨年派对是全国首次由,
53,3,"Z'H'E'N'G'F'U'Space",8,政府,1558186690,2019/5/18 13:38:10,搜狗拼音输入法,本次跨年派对是全国首次由政府,
54,3,"W'E'I'B'O'Space",6,微博,1558186692,2019/5/18 13:38:12,搜狗拼音输入法,本次跨年派对是全国首次由政府微博,
55,3,"H'Back'Y'U'Space",5,与,1558186694,2019/5/18 13:38:14,搜狗拼音输入法,本次跨年派对是全国首次由政府微博与,
56,3,"C'A'O'G'E'N'Space",7,草根,1558186696,2019/5/18 13:38:16,搜狗拼音输入法,本次跨年派对是全国首次由政府微博与草根,
57,3,"W'E'I'B'O'Space",6,微博,1558186698,2019/5/18 13:38:18,搜狗拼音输入法,本次跨年派对是全国首次由政府微博与草根微博,
58,3,OemQuestion,1, ,1558186699,2019/5/18 13:38:18,搜狗拼音输入法,本次跨年派对是全国首次由政府微博与草根微博 ,
59,3,"M'I'N'J'I'A'N'Space",8,、民间,1558186701,2019/5/18 13:38:20,搜狗拼音输入法,本次跨年派对是全国首次由政府微博与草根微博、民间,
60,3,"L'I'L'D2",4,力量,1558186703,2019/5/18 13:38:23,搜狗拼音输入法,本次跨年派对是全国首次由政府微博与草根微博、民间力量,
61,3,"L'I'A'N'S'H'O'U'Space",9,练手,1558186705,2019/5/18 13:38:25,搜狗拼音输入法,本次跨年派对是全国首次由政府微博与草根微博、民间力量练手,
62,3,"J'U'B'A'N'Space",6,举办,1558186707,2019/5/18 13:38:27,搜狗拼音输入法,本次跨年派对是全国首次由政府微博与草根微博、民间力量练手举办,
63,3,"D'E'Space",3,的,1558186708,2019/5/18 13:38:27,搜狗拼音输入法,本次跨年派对是全国首次由政府微博与草根微博、民间力量练手举办的,
64,3,"W'A'N'G'L'Space",6,网络,1558186709,2019/5/18 13:38:29,搜狗拼音输入法,本次跨年派对是全国首次由政府微博与草根微博、民间力量练手举办的网络,
65,3,"H'U'O'D'O'N'G'Space",8,活动,1558186711,2019/5/18 13:38:31,搜狗拼音输入法,本次跨年派对是全国首次由政府微博与草根微博、民间力量练手举办的网络活动,
66,3,OemComma,1, ,1558186712,2019/5/18 13:38:31,搜狗拼音输入法,本次跨年派对是全国首次由政府微博与草根微博、民间力量练手举办的网络活动 ,
67,3,"Y'E'S'H'I'Space",6,，也是,1558186713,2019/5/18 13:38:33,搜狗拼音输入法,本次跨年派对是全国首次由政府微博与草根微博、民间力量练手举办的网络活动，也是,
68,3,D2,1,2,1558186714,2019/5/18 13:38:33,搜狗拼音输入法,本次跨年派对是全国首次由政府微博与草根微博、民间力量练手举办的网络活动，也是2,
69,3,D0,1,0,1558186714,2019/5/18 13:38:33,搜狗拼音输入法,本次跨年派对是全国首次由政府微博与草根微博、民间力量练手举办的网络活动，也是20,
70,3,D1,1,1,1558186714,2019/5/18 13:38:33,搜狗拼音输入法,本次跨年派对是全国首次由政府微博与草根微博、民间力量练手举办的网络活动，也是201,
71,3,D3,1,3,1558186715,2019/5/18 13:38:34,搜狗拼音输入法,本次跨年派对是全国首次由政府微博与草根微博、民间力量练手举办的网络活动，也是2013,
72,3,"N'I'A'N'D'U'Space",7,年度,1558186717,2019/5/18 13:38:37,搜狗拼音输入法,本次跨年派对是全国首次由政府微博与草根微博、民间力量练手举办的网络活动，也是2013年度,
73,3,"X'I'N'J'I'A'N'G'Space",9,新疆,1558186719,2019/5/18 13:38:39,搜狗拼音输入法,本次跨年派对是全国首次由政府微博与草根微博、民间力量练手举办的网络活动，也是2013年度新疆,
74,3,"W'A'N'G'L'Space",6,网络,1558186721,2019/5/18 13:38:40,搜狗拼音输入法,本次跨年派对是全国首次由政府微博与草根微博、民间力量练手举办的网络活动，也是2013年度新疆网络,
75,3,"W'E'N'H'U'A'Space",7,文化,1558186723,2019/5/18 13:38:42,搜狗拼音输入法,本次跨年派对是全国首次由政府微博与草根微博、民间力量练手举办的网络活动，也是2013年度新疆网络文化,
76,3,"X'I'L'I'E'Space",6,系列,1558186725,2019/5/18 13:38:44,搜狗拼音输入法,本次跨年派对是全国首次由政府微博与草根微博、民间力量练手举办的网络活动，也是2013年度新疆网络文化系列,
77,3,"H'U'O'D'Space",5,活动,1558186726,2019/5/18 13:38:45,搜狗拼音输入法,本次跨年派对是全国首次由政府微博与草根微博、民间力量练手举办的网络活动，也是2013年度新疆网络文化系列活动,
78,3,"Z'H'Y'D2",4,之一,1558186728,2019/5/18 13:38:48,搜狗拼音输入法,本次跨年派对是全国首次由政府微博与草根微博、民间力量练手举办的网络活动，也是2013年度新疆网络文化系列活动之一,
79,3,OemPeriod,1, ,1558186729,2019/5/18 13:38:49,搜狗拼音输入法,本次跨年派对是全国首次由政府微博与草根微博、民间力量练手举办的网络活动，也是2013年度新疆网络文化系列活动之一 ,
80,3,"J'I'E'Z'U'Back'Back'Z'H'U'Space",11,。借助,1558186734,2019/5/18 13:38:53,搜狗拼音输入法,本次跨年派对是全国首次由政府微博与草根微博、民间力量练手举办的网络活动，也是2013年度新疆网络文化系列活动之一。借助,
81,3,"W'A'N'G'L'Space",6,网络,1558186737,2019/5/18 13:38:56,搜狗拼音输入法,本次跨年派对是全国首次由政府微博与草根微博、民间力量练手举办的网络活动，也是2013年度新疆网络文化系列活动之一。借助网络,
82,3,"P'I'N'G'T'A'I'Space",8,平台,1558186739,2019/5/18 13:38:58,搜狗拼音输入法,本次跨年派对是全国首次由政府微博与草根微博、民间力量练手举办的网络活动，也是2013年度新疆网络文化系列活动之一。借助网络平台,
83,3,"H'E'Space",3,和,1558186740,2019/5/18 13:38:59,搜狗拼音输入法,本次跨年派对是全国首次由政府微博与草根微博、民间力量练手举办的网络活动，也是2013年度新疆网络文化系列活动之一。借助网络平台和,
84,3,"P'A'I'D'U'I'Space",7,派对,1558186742,2019/5/18 13:39:01,搜狗拼音输入法,本次跨年派对是全国首次由政府微博与草根微博、民间力量练手举办的网络活动，也是2013年度新疆网络文化系列活动之一。借助网络平台和派对,
85,3,"M'O'X'I'N'G'Back'Back'Back'Back'S'H'I'Space",14,模式,1558186747,2019/5/18 13:39:07,搜狗拼音输入法,本次跨年派对是全国首次由政府微博与草根微博、民间力量练手举办的网络活动，也是2013年度新疆网络文化系列活动之一。借助网络平台和派对模式,
86,3,OemComma,1, ,1558186748,2019/5/18 13:39:07,搜狗拼音输入法,本次跨年派对是全国首次由政府微博与草根微博、民间力量练手举办的网络活动，也是2013年度新疆网络文化系列活动之一。借助网络平台和派对模式 ,
87,3,"Z'H'U'D'A'Space",6,，主打,1558186750,2019/5/18 13:39:09,搜狗拼音输入法,本次跨年派对是全国首次由政府微博与草根微博、民间力量练手举办的网络活动，也是2013年度新疆网络文化系列活动之一。借助网络平台和派对模式，主打,
88,3,"S'H'I'S'H'A'N'G'Space",9,时尚,1558186753,2019/5/18 13:39:12,搜狗拼音输入法,本次跨年派对是全国首次由政府微博与草根微博、民间力量练手举办的网络活动，也是2013年度新疆网络文化系列活动之一。借助网络平台和派对模式，主打时尚,
89,3,"J'I'Back'Back'X'I'N'J'I'A'N'G'Space",13,新疆,1558186757,2019/5/18 13:39:16,搜狗拼音输入法,本次跨年派对是全国首次由政府微博与草根微博、民间力量练手举办的网络活动，也是2013年度新疆网络文化系列活动之一。借助网络平台和派对模式，主打时尚新疆,
90,3,OemComma,1, ,1558186758,2019/5/18 13:39:17,搜狗拼音输入法,本次跨年派对是全国首次由政府微博与草根微博、民间力量练手举办的网络活动，也是2013年度新疆网络文化系列活动之一。借助网络平台和派对模式，主打时尚新疆 ,
91,3,"C'H'U'A'N'B'O'Space",8,，传播,1558186760,2019/5/18 13:39:19,搜狗拼音输入法,本次跨年派对是全国首次由政府微博与草根微博、民间力量练手举办的网络活动，也是2013年度新疆网络文化系列活动之一。借助网络平台和派对模式，主打时尚新疆，传播,
92,3,"Z'H'E'N'G'N'E'N'G'L'I'Back'Back'Back'Back'Back'Back'Back'N'E'N'G'L'D4",24,正能量,1558186769,2019/5/18 13:39:29,搜狗拼音输入法,本次跨年派对是全国首次由政府微博与草根微博、民间力量练手举办的网络活动，也是2013年度新疆网络文化系列活动之一。借助网络平台和派对模式，主打时尚新疆，传播正能量,
93,3,OemComma,1, ,1558186770,2019/5/18 13:39:30,搜狗拼音输入法,本次跨年派对是全国首次由政府微博与草根微博、民间力量练手举办的网络活动，也是2013年度新疆网络文化系列活动之一。借助网络平台和派对模式，主打时尚新疆，传播正能量 ,
94,3,"R'A'N'G'Space",5,，让,1558186772,2019/5/18 13:39:32,搜狗拼音输入法,本次跨年派对是全国首次由政府微博与草根微博、民间力量练手举办的网络活动，也是2013年度新疆网络文化系列活动之一。借助网络平台和派对模式，主打时尚新疆，传播正能量，让,
95,3,"Z'Back'G'D'R'Back'Back'E'N'G'D'U'O'R'E'N'Space",17,更多人,1558186779,2019/5/18 13:39:39,搜狗拼音输入法,本次跨年派对是全国首次由政府微博与草根微博、民间力量练手举办的网络活动，也是2013年度新疆网络文化系列活动之一。借助网络平台和派对模式，主打时尚新疆，传播正能量，让更多人,
96,3,Back,1,-人,1558186781,2019/5/18 13:39:40,搜狗拼音输入法,本次跨年派对是全国首次由政府微博与草根微博、民间力量练手举办的网络活动，也是2013年度新疆网络文化系列活动之一。借助网络平台和派对模式，主打时尚新疆，传播正能量，让更多,
97,3,"D'E'Space",3,的,1558186781,2019/5/18 13:39:41,搜狗拼音输入法,本次跨年派对是全国首次由政府微博与草根微博、民间力量练手举办的网络活动，也是2013年度新疆网络文化系列活动之一。借助网络平台和派对模式，主打时尚新疆，传播正能量，让更多的,
98,3,"R'E'N'Space",4,人,1558186783,2019/5/18 13:39:42,搜狗拼音输入法,本次跨年派对是全国首次由政府微博与草根微博、民间力量练手举办的网络活动，也是2013年度新疆网络文化系列活动之一。借助网络平台和派对模式，主打时尚新疆，传播正能量，让更多的人,
99,3,"K'A'N'D'A'O'Space",7,看到,1558186785,2019/5/18 13:39:45,搜狗拼音输入法,本次跨年派对是全国首次由政府微博与草根微博、民间力量练手举办的网络活动，也是2013年度新疆网络文化系列活动之一。借助网络平台和派对模式，主打时尚新疆，传播正能量，让更多的人看到,
100,3,"X'I'N'J'Space",5,新疆,1558186787,2019/5/18 13:39:46,搜狗拼音输入法,本次跨年派对是全国首次由政府微博与草根微博、民间力量练手举办的网络活动，也是2013年度新疆网络文化系列活动之一。借助网络平台和派对模式，主打时尚新疆，传播正能量，让更多的人看到新疆,
101,3,"D'E'F'A'Z'H'A'N'Space",9,的发展,1558186789,2019/5/18 13:39:49,搜狗拼音输入法,本次跨年派对是全国首次由政府微博与草根微博、民间力量练手举办的网络活动，也是2013年度新疆网络文化系列活动之一。借助网络平台和派对模式，主打时尚新疆，传播正能量，让更多的人看到新疆的发展,
102,3,"B'I'A'N'H'U'A'Space",8,变化,1558186791,2019/5/18 13:39:51,搜狗拼音输入法,本次跨年派对是全国首次由政府微博与草根微博、民间力量练手举办的网络活动，也是2013年度新疆网络文化系列活动之一。借助网络平台和派对模式，主打时尚新疆，传播正能量，让更多的人看到新疆的发展变化,
103,3,OemPeriod,1, ,1558186792,2019/5/18 13:39:52,搜狗拼音输入法,本次跨年派对是全国首次由政府微博与草根微博、民间力量练手举办的网络活动，也是2013年度新疆网络文化系列活动之一。借助网络平台和派对模式，主打时尚新疆，传播正能量，让更多的人看到新疆的发展变化 ,
