﻿ID,TID,Keyboard,KeyLength,MapText,TimeStamp,Time,IME,CurText
1,7,"W'U'Y'U'K'E'Z'H'E'N'G'Space",12,无语可证,1558185125,2019/5/18 13:12:05,中文(简体) - 百度输入法,无语可证,
2,7,"P'A'I'W'U'S'H'U'I'Space",10,排污水,1558185131,2019/5/18 13:12:10,中文(简体) - 百度输入法,无语可证排污水,
3,7,"Z'U'I'G'A'I'Back'O'Space",9,最高,1558185136,2019/5/18 13:12:16,中文(简体) - 百度输入法,无语可证排污水最高,
4,7,"K'E'F'A'N'Back'D5'D4",8,可罚,1558185145,2019/5/18 13:12:24,中文(简体) - 百度输入法,无语可证排污水最高可罚,
5,7,D5,1,5,1558185146,2019/5/18 13:12:25,中文(简体) - 百度输入法,无语可证排污水最高可罚5,
6,7,D0,1,0,1558185146,2019/5/18 13:12:26,中文(简体) - 百度输入法,无语可证排污水最高可罚50,
7,7,"W'A'N'Y'U'A'N'Space",8,万元,1558185148,2019/5/18 13:12:28,中文(简体) - 百度输入法,无语可证排污水最高可罚50万元,
8,7,X,1,,1558185156,2019/5/18 13:12:35,中文(简体) - 百度输入法,无语可证排污水最高可罚50万元,
9,7,"U'K'E'Space",4,许,1558185157,2019/5/18 13:12:37,中文(简体) - 百度输入法,无许可证排污水最高可罚50万元,
10,1,"R'A'N'G'W'O'M'E'N'R'A'N'G'W'O'M'E'N'Space",19,让我们,1558185171,2019/5/18 13:12:51,中文(简体) - 百度输入法,让我们,
11,1,"G'O'N'G'T'O'N'G'Space",9,共同,1558185175,2019/5/18 13:12:54,中文(简体) - 百度输入法,让我们共同,
12,1,"W'E'I'Space",4,为,1558185176,2019/5/18 13:12:55,中文(简体) - 百度输入法,让我们共同为,
13,1,"J'I'A'N'S'H'E'Space",8,建设,1558185178,2019/5/18 13:12:57,中文(简体) - 百度输入法,让我们共同为建设,
14,1,"Y'I'G'E'Space",5,一个,1558185180,2019/5/18 13:12:59,中文(简体) - 百度输入法,让我们共同为建设一个,
15,1,"G'E'N'G'J'I'A'Space",8,更加,1558185182,2019/5/18 13:13:02,中文(简体) - 百度输入法,让我们共同为建设一个更加,
16,1,"F'U'Y'U'Space",5,富裕,1558185184,2019/5/18 13:13:03,中文(简体) - 百度输入法,让我们共同为建设一个更加富裕,
17,1,OemQuestion,1,、,1558185185,2019/5/18 13:13:04,中文(简体) - 百度输入法,让我们共同为建设一个更加富裕、,
18,1,"H'E'X'I'E'Space",6,和谐,1558185188,2019/5/18 13:13:08,中文(简体) - 百度输入法,让我们共同为建设一个更加富裕、和谐,
19,1,OemQuestion,1,、,1558185190,2019/5/18 13:13:09,中文(简体) - 百度输入法,让我们共同为建设一个更加富裕、和谐、,
20,1,"X'I'N'F'U'Back'Back'G'F'U'Space",11,幸福,1558185194,2019/5/18 13:13:14,中文(简体) - 百度输入法,让我们共同为建设一个更加富裕、和谐、幸福,
21,1,OemQuestion,1,、,1558185195,2019/5/18 13:13:15,中文(简体) - 百度输入法,让我们共同为建设一个更加富裕、和谐、幸福、,
22,1,"F'A'Z'H'I'D3",6,法治,1558185200,2019/5/18 13:13:19,中文(简体) - 百度输入法,让我们共同为建设一个更加富裕、和谐、幸福、法治,
23,1,OemQuestion,1,、,1558185201,2019/5/18 13:13:20,中文(简体) - 百度输入法,让我们共同为建设一个更加富裕、和谐、幸福、法治、,
24,1,"W'E'N'M'I'N'G'Space",8,文明,1558185204,2019/5/18 13:13:23,中文(简体) - 百度输入法,让我们共同为建设一个更加富裕、和谐、幸福、法治、文明,
25,1,OemQuestion,1,、,1558185204,2019/5/18 13:13:24,中文(简体) - 百度输入法,让我们共同为建设一个更加富裕、和谐、幸福、法治、文明、,
26,1,"M'E'I'L'I'Space",6,美丽,1558185206,2019/5/18 13:13:26,中文(简体) - 百度输入法,让我们共同为建设一个更加富裕、和谐、幸福、法治、文明、美丽,
27,1,"D'E'Space",3,的,1558185207,2019/5/18 13:13:27,中文(简体) - 百度输入法,让我们共同为建设一个更加富裕、和谐、幸福、法治、文明、美丽的,
28,1,"S'H'E'H'U'I'Space",7,社会,1558185208,2019/5/18 13:13:28,中文(简体) - 百度输入法,让我们共同为建设一个更加富裕、和谐、幸福、法治、文明、美丽的社会,
29,1,"Z'H'U'Y'I'D2",6,主义,1558185212,2019/5/18 13:13:31,中文(简体) - 百度输入法,让我们共同为建设一个更加富裕、和谐、幸福、法治、文明、美丽的社会主义,
30,1,"X'I'N'X'I'Z'A'N'G'Space",10,新西藏,1558185217,2019/5/18 13:13:37,中文(简体) - 百度输入法,让我们共同为建设一个更加富裕、和谐、幸福、法治、文明、美丽的社会主义新西藏,
31,1,"E'R'Space",3,二,1558185218,2019/5/18 13:13:37,中文(简体) - 百度输入法,让我们共同为建设一个更加富裕、和谐、幸福、法治、文明、美丽的社会主义新西藏二,
32,1,"N'V'L'I'Back'Back'Back'Back'Back",9,-二,1558185221,2019/5/18 13:13:41,中文(简体) - 百度输入法,让我们共同为建设一个更加富裕、和谐、幸福、法治、文明、美丽的社会主义新西藏,
33,1,"E'R'D2",3,而,1558185223,2019/5/18 13:13:43,中文(简体) - 百度输入法,让我们共同为建设一个更加富裕、和谐、幸福、法治、文明、美丽的社会主义新西藏而,
34,1,"N'V'L'I'OemPlus'Back'Back'Back'U'L'I'Space",12,努力,1558185233,2019/5/18 13:13:52,中文(简体) - 百度输入法,让我们共同为建设一个更加富裕、和谐、幸福、法治、文明、美丽的社会主义新西藏而努力,
35,1,"F'E'N'G'D'A'Back'O'U'Back'Back'Back'Back'D'O'U'Space",17,奋斗,1558185240,2019/5/18 13:13:59,中文(简体) - 百度输入法,让我们共同为建设一个更加富裕、和谐、幸福、法治、文明、美丽的社会主义新西藏而努力奋斗,
36,1,"LeftShift'D1",2,！,1558185242,2019/5/18 13:14:01,中文(简体) - 百度输入法,让我们共同为建设一个更加富裕、和谐、幸福、法治、文明、美丽的社会主义新西藏而努力奋斗！,
37,5,"W'U'X'U'W'U'X'U'K'E'Z'H'E'N'G'Space",16,无许可证,1558185259,2019/5/18 13:14:19,中文(简体) - 百度输入法,无许可证,
38,5,"P'A'I'W'U'S'H'U'I'Space",10,排污水,1558185263,2019/5/18 13:14:23,中文(简体) - 百度输入法,无许可证排污水,
39,5,"Z'U'I'G'A'O'Space",7,最高,1558185265,2019/5/18 13:14:25,中文(简体) - 百度输入法,无许可证排污水最高,
40,5,"K'E'F'A'Space",5,可罚,1558185267,2019/5/18 13:14:27,中文(简体) - 百度输入法,无许可证排污水最高可罚,
41,5,D5,1,5,1558185269,2019/5/18 13:14:28,中文(简体) - 百度输入法,无许可证排污水最高可罚5,
42,5,D0,1,0,1558185269,2019/5/18 13:14:28,中文(简体) - 百度输入法,无许可证排污水最高可罚50,
43,5,"W'A'N'Y'U'A'N'Space",8,万元,1558185271,2019/5/18 13:14:30,中文(简体) - 百度输入法,无许可证排污水最高可罚50万元,
