﻿ID,TID,Keyboard,KeyLength,MapText,TimeStamp,Time,IME,CurText
1,8,"S'H'U'S'Back'H'O'U'Z'H'E'N'D'U'A'N'Space",17,术后诊断,1558187943,2019/5/18 13:59:02,搜狗拼音输入法,术后诊断,
2,8,"LeftShift'LeftShift'LeftShift'LeftShift'Oem1",5, ,1558187944,2019/5/18 13:59:04,搜狗拼音输入法,术后诊断 ,
3,8,"S'H'U'A'N'G'L'U'A'N'C'H'A'O'Space",15,：双卵巢,1558187950,2019/5/18 13:59:10,搜狗拼音输入法,术后诊断：双卵巢,
4,8,"X'I'A'N'A'I'D3",7,腺癌,1558187954,2019/5/18 13:59:13,搜狗拼音输入法,术后诊断：双卵巢腺癌,
5,8,"Capital'I",2,I,1558187955,2019/5/18 13:59:14,搜狗拼音输入法,术后诊断：双卵巢腺癌I,
6,8,I,1,I,1558187955,2019/5/18 13:59:14,搜狗拼音输入法,术后诊断：双卵巢腺癌II,
7,8,B,1,B,1558187955,2019/5/18 13:59:15,搜狗拼音输入法,术后诊断：双卵巢腺癌IIB,
8,8,V,1,V,1558187955,2019/5/18 13:59:15,搜狗拼音输入法,术后诊断：双卵巢腺癌IIBV,
9,8,Back,1,-V,1558187957,2019/5/18 13:59:16,搜狗拼音输入法,术后诊断：双卵巢腺癌IIB,
10,8,"Capital'Q'I'OemPlus'D1",5,期,1558187960,2019/5/18 13:59:20,搜狗拼音输入法,术后诊断：双卵巢腺癌IIB期,
11,8,OemPeriod,1, ,1558187962,2019/5/18 13:59:21,搜狗拼音输入法,术后诊断：双卵巢腺癌IIB期 ,
12,2,"H'U'A'N'E'R'Space",7,患儿,1558187967,2019/5/18 13:59:26,搜狗拼音输入法,患儿,
13,2,D1,1,1,1558187967,2019/5/18 13:59:27,搜狗拼音输入法,患儿1,
14,2,"T'I'A'N'Q'I'A'N'D2",9,天前,1558187971,2019/5/18 13:59:30,搜狗拼音输入法,患儿1天前,
15,2,"W'U'Space",3,无,1558187973,2019/5/18 13:59:33,搜狗拼音输入法,患儿1天前无,
16,2,"M'I'N'G'X'I'A'N'Space",9,明显,1558187976,2019/5/18 13:59:36,搜狗拼音输入法,患儿1天前无明显,
17,2,"Y'O'U'Y'I'N'Space",7,诱因,1558187979,2019/5/18 13:59:39,搜狗拼音输入法,患儿1天前无明显诱因,
18,2,"C'H'U'X'I'A'N'Space",8,出现,1558187982,2019/5/18 13:59:41,搜狗拼音输入法,患儿1天前无明显诱因出现,
19,2,"Z'H'E'N'F'A'I'N'G'Back'Back'Back'X'I'N'G'Space",17,阵发性,1558187989,2019/5/18 13:59:48,搜狗拼音输入法,患儿1天前无明显诱因出现阵发性,
20,2,"K'U'N'A'O'D2",6,哭闹,1558187992,2019/5/18 13:59:51,搜狗拼音输入法,患儿1天前无明显诱因出现阵发性哭闹,
21,2,OemComma,1, ,1558187993,2019/5/18 13:59:53,搜狗拼音输入法,患儿1天前无明显诱因出现阵发性哭闹 ,
22,2,"B'A'N'O'U'T'U'Space",8,，伴呕吐,1558187995,2019/5/18 13:59:55,搜狗拼音输入法,患儿1天前无明显诱因出现阵发性哭闹，伴呕吐,
23,2,OemComma,1, ,1558187996,2019/5/18 13:59:55,搜狗拼音输入法,患儿1天前无明显诱因出现阵发性哭闹，伴呕吐 ,
24,2,"O'U'T'U'W'U'Space",7,，呕吐物,1558187998,2019/5/18 13:59:58,搜狗拼音输入法,患儿1天前无明显诱因出现阵发性哭闹，伴呕吐，呕吐物,
25,2,"W'E'I'Space",4,为,1558187999,2019/5/18 13:59:59,搜狗拼音输入法,患儿1天前无明显诱因出现阵发性哭闹，伴呕吐，呕吐物为,
26,2,"W'E'I'N'E'I'R'O'N'G'W'E'U'Back'Back'U'Space",17,胃内容物,1558188008,2019/5/18 14:00:07,搜狗拼音输入法,患儿1天前无明显诱因出现阵发性哭闹，伴呕吐，呕吐物为胃内容物,
27,2,OemComma,1, ,1558188009,2019/5/18 14:00:08,搜狗拼音输入法,患儿1天前无明显诱因出现阵发性哭闹，伴呕吐，呕吐物为胃内容物 ,
28,2,"W'U'Space",3,，无,1558188010,2019/5/18 14:00:09,搜狗拼音输入法,患儿1天前无明显诱因出现阵发性哭闹，伴呕吐，呕吐物为胃内容物，无,
29,2,"K'A'F'E'I'Y'A'N'G'W'U'Space",12,咖啡样物,1558188014,2019/5/18 14:00:13,搜狗拼音输入法,患儿1天前无明显诱因出现阵发性哭闹，伴呕吐，呕吐物为胃内容物，无咖啡样物,
30,2,OemComma,1, ,1558188014,2019/5/18 14:00:14,搜狗拼音输入法,患儿1天前无明显诱因出现阵发性哭闹，伴呕吐，呕吐物为胃内容物，无咖啡样物 ,
31,2,"G'O'N'G'D2",5,，共,1558188016,2019/5/18 14:00:16,搜狗拼音输入法,患儿1天前无明显诱因出现阵发性哭闹，伴呕吐，呕吐物为胃内容物，无咖啡样物，共,
32,2,D5,1,5,1558188017,2019/5/18 14:00:16,搜狗拼音输入法,患儿1天前无明显诱因出现阵发性哭闹，伴呕吐，呕吐物为胃内容物，无咖啡样物，共5,
33,2,"C'I'Space",3,词,1558188018,2019/5/18 14:00:17,搜狗拼音输入法,患儿1天前无明显诱因出现阵发性哭闹，伴呕吐，呕吐物为胃内容物，无咖啡样物，共5词,
34,2,OemPeriod,1, ,1558188019,2019/5/18 14:00:19,搜狗拼音输入法,患儿1天前无明显诱因出现阵发性哭闹，伴呕吐，呕吐物为胃内容物，无咖啡样物，共5词 ,
35,2,Back,1,- ,1558188020,2019/5/18 14:00:20,搜狗拼音输入法,患儿1天前无明显诱因出现阵发性哭闹，伴呕吐，呕吐物为胃内容物，无咖啡样物，共5词,
36,2,Back,1,-词,1558188020,2019/5/18 14:00:20,搜狗拼音输入法,患儿1天前无明显诱因出现阵发性哭闹，伴呕吐，呕吐物为胃内容物，无咖啡样物，共5,
37,2,Back,1,-5,1558188020,2019/5/18 14:00:20,搜狗拼音输入法,患儿1天前无明显诱因出现阵发性哭闹，伴呕吐，呕吐物为胃内容物，无咖啡样物，共,
38,2,D5,1,5,1558188021,2019/5/18 14:00:21,搜狗拼音输入法,患儿1天前无明显诱因出现阵发性哭闹，伴呕吐，呕吐物为胃内容物，无咖啡样物，共5,
39,2,"C'I'D2",3,次,1558188023,2019/5/18 14:00:23,搜狗拼音输入法,患儿1天前无明显诱因出现阵发性哭闹，伴呕吐，呕吐物为胃内容物，无咖啡样物，共5次,
40,2,OemPeriod,1, ,1558188024,2019/5/18 14:00:23,搜狗拼音输入法,患儿1天前无明显诱因出现阵发性哭闹，伴呕吐，呕吐物为胃内容物，无咖啡样物，共5次 ,
41,6,"S'H'U'H'O'U'Space",7,术后,1558188032,2019/5/18 14:00:31,搜狗拼音输入法,术后,
42,6,"Z'H'E'N'D'U'A'N'Space",9,诊断,1558188034,2019/5/18 14:00:33,搜狗拼音输入法,术后诊断,
43,6,"LeftShift'Oem1",2, ,1558188034,2019/5/18 14:00:34,搜狗拼音输入法,术后诊断 ,
44,6,"S'H'U'A'N'G'L'U'A'N'C'H'A'O'Space",15,：双卵巢,1558188038,2019/5/18 14:00:38,搜狗拼音输入法,术后诊断：双卵巢,
45,6,"X'I'A'N'A'I'Space",7,腺癌,1558188040,2019/5/18 14:00:39,搜狗拼音输入法,术后诊断：双卵巢腺癌,
46,6,"Capital'I",2,I,1558188041,2019/5/18 14:00:40,搜狗拼音输入法,术后诊断：双卵巢腺癌I,
47,6,I,1,I,1558188041,2019/5/18 14:00:40,搜狗拼音输入法,术后诊断：双卵巢腺癌II,
48,6,D8,1,8,1558188042,2019/5/18 14:00:41,搜狗拼音输入法,术后诊断：双卵巢腺癌II8,
49,6,"Capital'Q'I'Space",4,期,1558188043,2019/5/18 14:00:42,搜狗拼音输入法,术后诊断：双卵巢腺癌II8期,
50,6,Back,1,-8,1558188045,2019/5/18 14:00:45,搜狗拼音输入法,术后诊断：双卵巢腺癌II期,
51,6,"Capital'B",2,B,1558188046,2019/5/18 14:00:45,搜狗拼音输入法,术后诊断：双卵巢腺癌IIB期,
52,6,"Capital'OemPeriod",2, ,1558188051,2019/5/18 14:00:51,搜狗拼音输入法,术后诊断：双卵巢腺癌IIB期 ,
