﻿ID,TID,Keyboard,KeyLength,MapText,TimeStamp,Time,IME,CurText
1,8,"S'H'U'H'O'U'Space",7,术后,1558185978,2019/5/18 13:26:18,搜狗输入法医生版,术后,
2,8,"Z'H'E'N'D'U'A'N'Space",9,诊断,1558185980,2019/5/18 13:26:19,搜狗输入法医生版,术后诊断,
3,8,"LeftShift'Oem1",2, ,1558185981,2019/5/18 13:26:21,搜狗输入法医生版,术后诊断 ,
4,8,"S'H'U'A'N'G'K'Back'L'U'A'N'C'H'A'O'A'Back'Space",19,：双卵巢,1558185992,2019/5/18 13:26:32,搜狗输入法医生版,术后诊断：双卵巢,
5,8,"X'I'A'N'A'I'Back'Back'A'I'Right'D3",12,腺癌,1558186003,2019/5/18 13:26:42,搜狗输入法医生版,术后诊断：双卵巢腺癌,
6,8,"Capital'I",2,I,1558186005,2019/5/18 13:26:45,搜狗输入法医生版,术后诊断：双卵巢腺癌I,
7,8,I,1,I,1558186005,2019/5/18 13:26:45,搜狗输入法医生版,术后诊断：双卵巢腺癌II,
8,8,B,1,B,1558186007,2019/5/18 13:26:47,搜狗输入法医生版,术后诊断：双卵巢腺癌IIB,
9,8,"Capital'Q'I'OemPlus'Space",5,期,1558186011,2019/5/18 13:26:51,搜狗输入法医生版,术后诊断：双卵巢腺癌IIB期,
10,8,OemPeriod,1, ,1558186015,2019/5/18 13:26:54,搜狗输入法医生版,术后诊断：双卵巢腺癌IIB期 ,
11,2,"H'U'A'N'E'R'Space",7,患儿,1558186020,2019/5/18 13:27:00,搜狗输入法医生版,患儿,
12,2,D1,1,1,1558186021,2019/5/18 13:27:00,搜狗输入法医生版,患儿1,
13,2,"T'I'A'N'Q'I'A'N'D2",9,天前,1558186026,2019/5/18 13:27:06,搜狗输入法医生版,患儿1天前,
14,2,"W'U'F'A'Space",5,无法,1558186030,2019/5/18 13:27:09,搜狗输入法医生版,患儿1天前无法,
15,2,"M'I'N'G'Y'Back'X'I'A'N'Space",11,明显,1558186033,2019/5/18 13:27:13,搜狗输入法医生版,患儿1天前无法明显,
16,2,"Y'O'U'X'Back'Y'I'N'Space",9,诱因,1558186040,2019/5/18 13:27:20,搜狗输入法医生版,患儿1天前无法明显诱因,
17,2,"C'H'U'X'I'A'N'Space",8,出现,1558186042,2019/5/18 13:27:22,搜狗输入法医生版,患儿1天前无法明显诱因出现,
18,2,"Z'H'E'N'G'F'A'X'I'N'G'Back'Back'Back'Back'Back'Back'Back'F'A'X'I'N'G'Space",25,阵发性,1558186052,2019/5/18 13:27:31,搜狗输入法医生版,患儿1天前无法明显诱因出现阵发性,
19,2,"K'U'N'A'O'D2",6,哭闹,1558186055,2019/5/18 13:27:35,搜狗输入法医生版,患儿1天前无法明显诱因出现阵发性哭闹,
20,2,OemComma,1, ,1558186058,2019/5/18 13:27:37,搜狗输入法医生版,患儿1天前无法明显诱因出现阵发性哭闹 ,
21,2,"B'A'N'O'U'T'U'Space",8,，伴呕吐,1558186061,2019/5/18 13:27:40,搜狗输入法医生版,患儿1天前无法明显诱因出现阵发性哭闹，伴呕吐,
22,2,OemComma,1, ,1558186062,2019/5/18 13:27:41,搜狗输入法医生版,患儿1天前无法明显诱因出现阵发性哭闹，伴呕吐 ,
23,2,"O'U'T'U'W'U'Space",7,，呕吐物,1558186065,2019/5/18 13:27:44,搜狗输入法医生版,患儿1天前无法明显诱因出现阵发性哭闹，伴呕吐，呕吐物,
24,2,"W'E'I'Space",4,为,1558186066,2019/5/18 13:27:46,搜狗输入法医生版,患儿1天前无法明显诱因出现阵发性哭闹，伴呕吐，呕吐物为,
25,2,"W'E'I'N'E'I'R'O'N'G'W'U'Space",13,胃内容物,1558186070,2019/5/18 13:27:50,搜狗输入法医生版,患儿1天前无法明显诱因出现阵发性哭闹，伴呕吐，呕吐物为胃内容物,
26,2,"M'W'U'K'A'F'E'I'Y'A'N'G'Back'Back'Back'Back'Back'Back'Back'Back'Back'Back'Back'Back'W'U'K'A'F'E'I'Y'A'N'G'Space",36,无咖啡样,1558186084,2019/5/18 13:28:04,搜狗输入法医生版,患儿1天前无法明显诱因出现阵发性哭闹，伴呕吐，呕吐物为胃内容物无咖啡样,
27,2,"W'U'Space",3,物,1558186085,2019/5/18 13:28:05,搜狗输入法医生版,患儿1天前无法明显诱因出现阵发性哭闹，伴呕吐，呕吐物为胃内容物无咖啡样物,
28,2,OemComma,1, ,1558186086,2019/5/18 13:28:06,搜狗输入法医生版,患儿1天前无法明显诱因出现阵发性哭闹，伴呕吐，呕吐物为胃内容物无咖啡样物 ,
29,2,"G'O'N'G'Space",5,，工,1558186087,2019/5/18 13:28:07,搜狗输入法医生版,患儿1天前无法明显诱因出现阵发性哭闹，伴呕吐，呕吐物为胃内容物无咖啡样物，工,
30,2,D5,1,5,1558186088,2019/5/18 13:28:07,搜狗输入法医生版,患儿1天前无法明显诱因出现阵发性哭闹，伴呕吐，呕吐物为胃内容物无咖啡样物，工5,
31,2,"C'I'Space",3,次,1558186089,2019/5/18 13:28:08,搜狗输入法医生版,患儿1天前无法明显诱因出现阵发性哭闹，伴呕吐，呕吐物为胃内容物无咖啡样物，工5次,
32,2,"Left'Left'Back",3,-工,1558186092,2019/5/18 13:28:11,搜狗输入法医生版,患儿1天前无法明显诱因出现阵发性哭闹，伴呕吐，呕吐物为胃内容物无咖啡样物，5次,
33,2,"G'O'N'G'D2",5,共,1558186094,2019/5/18 13:28:13,搜狗输入法医生版,患儿1天前无法明显诱因出现阵发性哭闹，伴呕吐，呕吐物为胃内容物无咖啡样物，共5次,
34,2,OemPeriod,1, ,1558186097,2019/5/18 13:28:16,搜狗输入法医生版,患儿1天前无法明显诱因出现阵发性哭闹，伴呕吐，呕吐物为胃内容物无咖啡样物，共5次 ,
35,6,"S'H'U'H'O'U'Space",7,术后,1558186104,2019/5/18 13:28:23,搜狗输入法医生版,术后,
36,6,"Z'H'E'N'D'U'A'N'Space",9,诊断,1558186105,2019/5/18 13:28:25,搜狗输入法医生版,术后诊断,
37,6,"LeftShift'Oem1",2, ,1558186106,2019/5/18 13:28:26,搜狗输入法医生版,术后诊断 ,
38,6,"S'H'U'A'N'G'L'U'A'N'C'H'A'O'Space",15,：双卵巢,1558186112,2019/5/18 13:28:31,搜狗输入法医生版,术后诊断：双卵巢,
39,6,"X'I'A'N'A'I'Space",7,腺癌,1558186114,2019/5/18 13:28:34,搜狗输入法医生版,术后诊断：双卵巢腺癌,
40,6,"Capital'I",2,I,1558186115,2019/5/18 13:28:35,搜狗输入法医生版,术后诊断：双卵巢腺癌I,
41,6,I,1,I,1558186115,2019/5/18 13:28:35,搜狗输入法医生版,术后诊断：双卵巢腺癌II,
42,6,B,1,B,1558186116,2019/5/18 13:28:35,搜狗输入法医生版,术后诊断：双卵巢腺癌IIB,
43,6,"Capital'Q'I'Space",4,期,1558186117,2019/5/18 13:28:36,搜狗输入法医生版,术后诊断：双卵巢腺癌IIB期,
44,6,OemPeriod,1, ,1558186118,2019/5/18 13:28:38,搜狗输入法医生版,术后诊断：双卵巢腺癌IIB期 ,
45,4,"H'U'A'N'Z'H'E'Space",8,患者,1558186123,2019/5/18 13:28:42,搜狗输入法医生版,患者,
46,4,"Y'I'N'Space",4,因,1558186124,2019/5/18 13:28:43,搜狗输入法医生版,患者因,
47,4,"LeftShift'OemQuotes",2, ,1558186125,2019/5/18 13:28:44,搜狗输入法医生版,患者因 ,
48,4,"B'U'G'U'I'C'E'Back'Back'Z'Space",11,“不规则,1558186131,2019/5/18 13:28:50,搜狗输入法医生版,患者因“不规则,
49,4,"Y'N'Back'I'N'D'A'O'D5",9,阴道,1558186138,2019/5/18 13:28:57,搜狗输入法医生版,患者因“不规则阴道,
50,4,"L'I'U'X'U'E'Space",7,留学,1558186142,2019/5/18 13:29:02,搜狗输入法医生版,患者因“不规则阴道留学,
51,4,Back,1,-学,1558186144,2019/5/18 13:29:04,搜狗输入法医生版,患者因“不规则阴道留,
52,4,Back,1,-留,1558186145,2019/5/18 13:29:04,搜狗输入法医生版,患者因“不规则阴道,
53,4,"L'I'U'X'I'E'Space",7,流血,1558186151,2019/5/18 13:29:11,搜狗输入法医生版,患者因“不规则阴道流血,
54,4,"B'A'N'OemPlus'D4",5,伴,1558186156,2019/5/18 13:29:16,搜狗输入法医生版,患者因“不规则阴道流血伴,
55,4,"Y'I'N'D'A'O'P'A'I'Y'E'Space",12,阴道排液,1558186163,2019/5/18 13:29:23,搜狗输入法医生版,患者因“不规则阴道流血伴阴道排液,
56,4,D1,1,1,1558186163,2019/5/18 13:29:23,搜狗输入法医生版,患者因“不规则阴道流血伴阴道排液1,
57,4,"LeftShift'OemPlus",2, ,1558186164,2019/5/18 13:29:24,搜狗输入法医生版,患者因“不规则阴道流血伴阴道排液1 ,
58,4,"N'I'A'N'Space",5,+年,1558186167,2019/5/18 13:29:26,搜狗输入法医生版,患者因“不规则阴道流血伴阴道排液1+年,
59,4,"LeftShift'OemQuotes",2, ,1558186168,2019/5/18 13:29:27,搜狗输入法医生版,患者因“不规则阴道流血伴阴道排液1+年 ,
60,4,OemComma,1,”,1558186169,2019/5/18 13:29:28,搜狗输入法医生版,患者因“不规则阴道流血伴阴道排液1+年” ,
61,4,"Z'G'E'N'D'U'A'N'Space",9,，诊断,1558186173,2019/5/18 13:29:32,搜狗输入法医生版,患者因“不规则阴道流血伴阴道排液1+年”，诊断,
62,4,"X'I'N'G'Space",5,性,1558186174,2019/5/18 13:29:33,搜狗输入法医生版,患者因“不规则阴道流血伴阴道排液1+年”，诊断性,
63,4,"G'U'A'G'O'N'G'Space",8,刮宫,1558186177,2019/5/18 13:29:37,搜狗输入法医生版,患者因“不规则阴道流血伴阴道排液1+年”，诊断性刮宫,
64,4,"B'I'N'G'L'I'D3",7,病理,1558186181,2019/5/18 13:29:41,搜狗输入法医生版,患者因“不规则阴道流血伴阴道排液1+年”，诊断性刮宫病理,
65,4,"T'I'S'H'I'Space",6,提示,1558186184,2019/5/18 13:29:43,搜狗输入法医生版,患者因“不规则阴道流血伴阴道排液1+年”，诊断性刮宫病理提示,
66,4,"LeftShift'Oem1",2, ,1558186185,2019/5/18 13:29:44,搜狗输入法医生版,患者因“不规则阴道流血伴阴道排液1+年”，诊断性刮宫病理提示 ,
67,4,"LeftShift'D9",2,：,1558186186,2019/5/18 13:29:45,搜狗输入法医生版,患者因“不规则阴道流血伴阴道排液1+年”，诊断性刮宫病理提示： ,
68,4,"G'I'N'G'Q'I'A'N'G'Space",10,（宫腔,1558186190,2019/5/18 13:29:50,搜狗输入法医生版,患者因“不规则阴道流血伴阴道排液1+年”，诊断性刮宫病理提示：（宫腔,
69,4,"LeftShift'D0",2, ,1558186192,2019/5/18 13:29:51,搜狗输入法医生版,患者因“不规则阴道流血伴阴道排液1+年”，诊断性刮宫病理提示：（宫腔 ,
70,4,"Z'I'O'Back'G'O'N'G'D2",9,）子宫,1558186199,2019/5/18 13:29:59,搜狗输入法医生版,患者因“不规则阴道流血伴阴道排液1+年”，诊断性刮宫病理提示：（宫腔）子宫,
71,4,"N'E'I'M'O'Space",6,内膜,1558186203,2019/5/18 13:30:02,搜狗输入法医生版,患者因“不规则阴道流血伴阴道排液1+年”，诊断性刮宫病理提示：（宫腔）子宫内膜,
72,4,"Y'A'N'G'Space",5,样,1558186205,2019/5/18 13:30:04,搜狗输入法医生版,患者因“不规则阴道流血伴阴道排液1+年”，诊断性刮宫病理提示：（宫腔）子宫内膜样,
73,4,"X'I'A'N'A'I'Space",7,腺癌,1558186209,2019/5/18 13:30:09,搜狗输入法医生版,患者因“不规则阴道流血伴阴道排液1+年”，诊断性刮宫病理提示：（宫腔）子宫内膜样腺癌,
74,4,"Capital'G",2,G,1558186210,2019/5/18 13:30:09,搜狗输入法医生版,患者因“不规则阴道流血伴阴道排液1+年”，诊断性刮宫病理提示：（宫腔）子宫内膜样腺癌G,
75,4,"Capital'D2",2,2,1558186210,2019/5/18 13:30:10,搜狗输入法医生版,患者因“不规则阴道流血伴阴道排液1+年”，诊断性刮宫病理提示：（宫腔）子宫内膜样腺癌G2,
76,4,Oem1,1, ,1558186212,2019/5/18 13:30:11,搜狗输入法医生版,患者因“不规则阴道流血伴阴道排液1+年”，诊断性刮宫病理提示：（宫腔）子宫内膜样腺癌G2 ,
77,4,"W'O'Y'U'A'N'Space",7,；我院,1558186216,2019/5/18 13:30:15,搜狗输入法医生版,患者因“不规则阴道流血伴阴道排液1+年”，诊断性刮宫病理提示：（宫腔）子宫内膜样腺癌G2；我院,
78,4,"B'I'N'G'L'I'H'U'I'Z'H'E'N'Space",14,病理会诊,1558186220,2019/5/18 13:30:20,搜狗输入法医生版,患者因“不规则阴道流血伴阴道排液1+年”，诊断性刮宫病理提示：（宫腔）子宫内膜样腺癌G2；我院病理会诊,
79,4,"T'I'S'H'I'Space",6,提示,1558186222,2019/5/18 13:30:21,搜狗输入法医生版,患者因“不规则阴道流血伴阴道排液1+年”，诊断性刮宫病理提示：（宫腔）子宫内膜样腺癌G2；我院病理会诊提示,
80,4,"LeftShift'Oem1",2, ,1558186224,2019/5/18 13:30:23,搜狗输入法医生版,患者因“不规则阴道流血伴阴道排液1+年”，诊断性刮宫病理提示：（宫腔）子宫内膜样腺癌G2；我院病理会诊提示 ,
81,4,"Z'I'G'O'N'G'Space",7,：子宫,1558186226,2019/5/18 13:30:26,搜狗输入法医生版,患者因“不规则阴道流血伴阴道排液1+年”，诊断性刮宫病理提示：（宫腔）子宫内膜样腺癌G2；我院病理会诊提示：子宫,
82,4,"N'E'I'M'O'Y'A'N'G'Space",10,内膜样,1558186231,2019/5/18 13:30:31,搜狗输入法医生版,患者因“不规则阴道流血伴阴道排液1+年”，诊断性刮宫病理提示：（宫腔）子宫内膜样腺癌G2；我院病理会诊提示：子宫内膜样,
83,4,"X'I'A'N'A'I'Space",7,腺癌,1558186233,2019/5/18 13:30:32,搜狗输入法医生版,患者因“不规则阴道流血伴阴道排液1+年”，诊断性刮宫病理提示：（宫腔）子宫内膜样腺癌G2；我院病理会诊提示：子宫内膜样腺癌,
84,4,"Capital'G",2,G,1558186233,2019/5/18 13:30:33,搜狗输入法医生版,患者因“不规则阴道流血伴阴道排液1+年”，诊断性刮宫病理提示：（宫腔）子宫内膜样腺癌G2；我院病理会诊提示：子宫内膜样腺癌G,
85,4,D2,1,2,1558186234,2019/5/18 13:30:33,搜狗输入法医生版,患者因“不规则阴道流血伴阴道排液1+年”，诊断性刮宫病理提示：（宫腔）子宫内膜样腺癌G2；我院病理会诊提示：子宫内膜样腺癌G2,
86,4,OemMinus,1,-,1558186234,2019/5/18 13:30:34,搜狗输入法医生版,患者因“不规则阴道流血伴阴道排液1+年”，诊断性刮宫病理提示：（宫腔）子宫内膜样腺癌G2；我院病理会诊提示：子宫内膜样腺癌G2-,
87,4,D3,1,3,1558186235,2019/5/18 13:30:34,搜狗输入法医生版,患者因“不规则阴道流血伴阴道排液1+年”，诊断性刮宫病理提示：（宫腔）子宫内膜样腺癌G2；我院病理会诊提示：子宫内膜样腺癌G2-3,
88,4,"Capital'M'Back'N'I'A'N'Space",8,年,1558186238,2019/5/18 13:30:38,搜狗输入法医生版,患者因“不规则阴道流血伴阴道排液1+年”，诊断性刮宫病理提示：（宫腔）子宫内膜样腺癌G2；我院病理会诊提示：子宫内膜样腺癌G2-3年,
89,4,OemComma,1, ,1558186239,2019/5/18 13:30:39,搜狗输入法医生版,患者因“不规则阴道流血伴阴道排液1+年”，诊断性刮宫病理提示：（宫腔）子宫内膜样腺癌G2；我院病理会诊提示：子宫内膜样腺癌G2-3年 ,
90,4,"G'O'N'G'J'I'N'G'Space",9,，宫颈,1558186245,2019/5/18 13:30:44,搜狗输入法医生版,患者因“不规则阴道流血伴阴道排液1+年”，诊断性刮宫病理提示：（宫腔）子宫内膜样腺癌G2；我院病理会诊提示：子宫内膜样腺癌G2-3年，宫颈,
91,4,"G'U'A'N'S'A'O'D2'D4",9,管搔,1558186256,2019/5/18 13:30:56,搜狗输入法医生版,患者因“不规则阴道流血伴阴道排液1+年”，诊断性刮宫病理提示：（宫腔）子宫内膜样腺癌G2；我院病理会诊提示：子宫内膜样腺癌G2-3年，宫颈管搔,
92,4,"G'U'A'D3",4,刮,1558186260,2019/5/18 13:31:00,搜狗输入法医生版,患者因“不规则阴道流血伴阴道排液1+年”，诊断性刮宫病理提示：（宫腔）子宫内膜样腺癌G2；我院病理会诊提示：子宫内膜样腺癌G2-3年，宫颈管搔刮,
93,4,"Z'U'Z'H'Space",5,组织,1558186263,2019/5/18 13:31:02,搜狗输入法医生版,患者因“不规则阴道流血伴阴道排液1+年”，诊断性刮宫病理提示：（宫腔）子宫内膜样腺癌G2；我院病理会诊提示：子宫内膜样腺癌G2-3年，宫颈管搔刮组织,
94,4,"J'I'A'N'Space",5,间,1558186264,2019/5/18 13:31:04,搜狗输入法医生版,患者因“不规则阴道流血伴阴道排液1+年”，诊断性刮宫病理提示：（宫腔）子宫内膜样腺癌G2；我院病理会诊提示：子宫内膜样腺癌G2-3年，宫颈管搔刮组织间,
95,4,Back,1,-间,1558186265,2019/5/18 13:31:05,搜狗输入法医生版,患者因“不规则阴道流血伴阴道排液1+年”，诊断性刮宫病理提示：（宫腔）子宫内膜样腺癌G2；我院病理会诊提示：子宫内膜样腺癌G2-3年，宫颈管搔刮组织,
96,4,"J'I'A'N'D2",5,见,1558186267,2019/5/18 13:31:06,搜狗输入法医生版,患者因“不规则阴道流血伴阴道排液1+年”，诊断性刮宫病理提示：（宫腔）子宫内膜样腺癌G2；我院病理会诊提示：子宫内膜样腺癌G2-3年，宫颈管搔刮组织见,
97,4,"S'H'A'O'L'I'A'N'G'Space",10,少量,1558186270,2019/5/18 13:31:09,搜狗输入法医生版,患者因“不规则阴道流血伴阴道排液1+年”，诊断性刮宫病理提示：（宫腔）子宫内膜样腺癌G2；我院病理会诊提示：子宫内膜样腺癌G2-3年，宫颈管搔刮组织见少量,
98,4,"I'Back'N'I'A'N'M'O'D2",9,粘膜,1558186276,2019/5/18 13:31:15,搜狗输入法医生版,患者因“不规则阴道流血伴阴道排液1+年”，诊断性刮宫病理提示：（宫腔）子宫内膜样腺癌G2；我院病理会诊提示：子宫内膜样腺癌G2-3年，宫颈管搔刮组织见少量粘膜,
99,4,"J'I'D4",3,及,1558186279,2019/5/18 13:31:18,搜狗输入法医生版,患者因“不规则阴道流血伴阴道排液1+年”，诊断性刮宫病理提示：（宫腔）子宫内膜样腺癌G2；我院病理会诊提示：子宫内膜样腺癌G2-3年，宫颈管搔刮组织见少量粘膜及,
100,4,"S'H'A'O'I'A'N'G'Space",9,少量,1558186282,2019/5/18 13:31:21,搜狗输入法医生版,患者因“不规则阴道流血伴阴道排液1+年”，诊断性刮宫病理提示：（宫腔）子宫内膜样腺癌G2；我院病理会诊提示：子宫内膜样腺癌G2-3年，宫颈管搔刮组织见少量粘膜及少量,
101,4,"Y'I'Y'I'N'G'Back'Back'Back'Back'X'I'N'G'Space",15,异性,1558186288,2019/5/18 13:31:27,搜狗输入法医生版,患者因“不规则阴道流血伴阴道排液1+年”，诊断性刮宫病理提示：（宫腔）子宫内膜样腺癌G2；我院病理会诊提示：子宫内膜样腺癌G2-3年，宫颈管搔刮组织见少量粘膜及少量异性,
102,4,"D'E'Space",3,的,1558186288,2019/5/18 13:31:28,搜狗输入法医生版,患者因“不规则阴道流血伴阴道排液1+年”，诊断性刮宫病理提示：（宫腔）子宫内膜样腺癌G2；我院病理会诊提示：子宫内膜样腺癌G2-3年，宫颈管搔刮组织见少量粘膜及少量异性的,
103,4,"N'E'I'M'Space",5,内膜,1558186293,2019/5/18 13:31:33,搜狗输入法医生版,患者因“不规则阴道流血伴阴道排液1+年”，诊断性刮宫病理提示：（宫腔）子宫内膜样腺癌G2；我院病理会诊提示：子宫内膜样腺癌G2-3年，宫颈管搔刮组织见少量粘膜及少量异性的内膜,
104,4,"X'I'A'N'T'I'D2",7,腺体,1558186296,2019/5/18 13:31:35,搜狗输入法医生版,患者因“不规则阴道流血伴阴道排液1+年”，诊断性刮宫病理提示：（宫腔）子宫内膜样腺癌G2；我院病理会诊提示：子宫内膜样腺癌G2-3年，宫颈管搔刮组织见少量粘膜及少量异性的内膜腺体,
105,4,OemPeriod,1, ,1558186297,2019/5/18 13:31:37,搜狗输入法医生版,患者因“不规则阴道流血伴阴道排液1+年”，诊断性刮宫病理提示：（宫腔）子宫内膜样腺癌G2；我院病理会诊提示：子宫内膜样腺癌G2-3年，宫颈管搔刮组织见少量粘膜及少量异性的内膜腺体 ,
