﻿ID,TID,Keyboard,KeyLength,MapText,TimeStamp,Time,IME,CurText
1,8,"S'H'U'H'O'U'Space",7,术后,1558185978,2019/5/18 13:26:18,搜狗输入法医生版,术后,
2,8,"Z'H'E'N'D'U'A'N'Space",9,诊断,1558185980,2019/5/18 13:26:19,搜狗输入法医生版,术后诊断,
3,8,"LeftShift'Oem1",2, ,1558185981,2019/5/18 13:26:21,搜狗输入法医生版,术后诊断 ,
4,8,"S'H'U'A'N'G'K'Back'L'U'A'N'C'H'A'O'A'Back'Space",19,：双卵巢,1558185992,2019/5/18 13:26:32,搜狗输入法医生版,术后诊断：双卵巢,
5,8,"X'I'A'N'A'I'Back'Back'A'I'Right'D3",12,腺癌,1558186003,2019/5/18 13:26:42,搜狗输入法医生版,术后诊断：双卵巢腺癌,
6,8,"Capital'I",2,I,1558186005,2019/5/18 13:26:45,搜狗输入法医生版,术后诊断：双卵巢腺癌I,
7,8,I,1,I,1558186005,2019/5/18 13:26:45,搜狗输入法医生版,术后诊断：双卵巢腺癌II,
8,8,B,1,B,1558186007,2019/5/18 13:26:47,搜狗输入法医生版,术后诊断：双卵巢腺癌IIB,
9,8,"Capital'Q'I'OemPlus'Space",5,期,1558186011,2019/5/18 13:26:51,搜狗输入法医生版,术后诊断：双卵巢腺癌IIB期,
10,8,OemPeriod,1, ,1558186015,2019/5/18 13:26:54,搜狗输入法医生版,术后诊断：双卵巢腺癌IIB期 ,
