﻿ID,TID,Keyboard,KeyLength,MapText,TimeStamp,Time,IME,CurText
1,7,"W'U'X'U'K'E'Z'H'E'N'G'Space",12,无许可证,1558187534,2019/5/18 13:52:13,搜狗输入法医生版,无许可证,
2,7,"P'A'I'W'U'S'H'U'D2",9,排污水,1558187538,2019/5/18 13:52:17,搜狗输入法医生版,无许可证排污水,
3,7,"Z'U'I'G'Space",5,最高,1558187540,2019/5/18 13:52:19,搜狗输入法医生版,无许可证排污水最高,
4,7,"K'E'F'A'N'OemPlus'Back'D3'D3",9,可罚,1558187549,2019/5/18 13:52:29,搜狗输入法医生版,无许可证排污水最高可罚,
5,7,D5,1,5,1558187551,2019/5/18 13:52:30,搜狗输入法医生版,无许可证排污水最高可罚5,
6,7,D0,1,0,1558187552,2019/5/18 13:52:32,搜狗输入法医生版,无许可证排污水最高可罚50,
7,7,"W'A'N'Y'U'A'N'Space",8,万元,1558187554,2019/5/18 13:52:34,搜狗输入法医生版,无许可证排污水最高可罚50万元,
