﻿ID,TID,Keyboard,KeyLength,MapText,TimeStamp,Time,IME,CurText
1,7,"W'U'Y'U'K'E'Z'H'E'N'G'Space",12,无语可证,1558185125,2019/5/18 13:12:05,中文(简体) - 百度输入法,无语可证,
2,7,"P'A'I'W'U'S'H'U'I'Space",10,排污水,1558185131,2019/5/18 13:12:10,中文(简体) - 百度输入法,无语可证排污水,
3,7,"Z'U'I'G'A'I'Back'O'Space",9,最高,1558185136,2019/5/18 13:12:16,中文(简体) - 百度输入法,无语可证排污水最高,
4,7,"K'E'F'A'N'Back'D5'D4",8,可罚,1558185145,2019/5/18 13:12:24,中文(简体) - 百度输入法,无语可证排污水最高可罚,
5,7,D5,1,5,1558185146,2019/5/18 13:12:25,中文(简体) - 百度输入法,无语可证排污水最高可罚5,
6,7,D0,1,0,1558185146,2019/5/18 13:12:26,中文(简体) - 百度输入法,无语可证排污水最高可罚50,
7,7,"W'A'N'Y'U'A'N'Space",8,万元,1558185148,2019/5/18 13:12:28,中文(简体) - 百度输入法,无语可证排污水最高可罚50万元,
8,7,X,1,,1558185156,2019/5/18 13:12:35,中文(简体) - 百度输入法,无语可证排污水最高可罚50万元,
9,7,"U'K'E'Space",4,许,1558185157,2019/5/18 13:12:37,中文(简体) - 百度输入法,无许可证排污水最高可罚50万元,
10,1,"R'A'N'G'W'O'M'E'N'R'A'N'G'W'O'M'E'N'Space",19,让我们,1558185171,2019/5/18 13:12:51,中文(简体) - 百度输入法,让我们,
11,1,"G'O'N'G'T'O'N'G'Space",9,共同,1558185175,2019/5/18 13:12:54,中文(简体) - 百度输入法,让我们共同,
12,1,"W'E'I'Space",4,为,1558185176,2019/5/18 13:12:55,中文(简体) - 百度输入法,让我们共同为,
13,1,"J'I'A'N'S'H'E'Space",8,建设,1558185178,2019/5/18 13:12:57,中文(简体) - 百度输入法,让我们共同为建设,
14,1,"Y'I'G'E'Space",5,一个,1558185180,2019/5/18 13:12:59,中文(简体) - 百度输入法,让我们共同为建设一个,
15,1,"G'E'N'G'J'I'A'Space",8,更加,1558185182,2019/5/18 13:13:02,中文(简体) - 百度输入法,让我们共同为建设一个更加,
16,1,"F'U'Y'U'Space",5,富裕,1558185184,2019/5/18 13:13:03,中文(简体) - 百度输入法,让我们共同为建设一个更加富裕,
17,1,OemQuestion,1,、,1558185185,2019/5/18 13:13:04,中文(简体) - 百度输入法,让我们共同为建设一个更加富裕、,
18,1,"H'E'X'I'E'Space",6,和谐,1558185188,2019/5/18 13:13:08,中文(简体) - 百度输入法,让我们共同为建设一个更加富裕、和谐,
19,1,OemQuestion,1,、,1558185190,2019/5/18 13:13:09,中文(简体) - 百度输入法,让我们共同为建设一个更加富裕、和谐、,
20,1,"X'I'N'F'U'Back'Back'G'F'U'Space",11,幸福,1558185194,2019/5/18 13:13:14,中文(简体) - 百度输入法,让我们共同为建设一个更加富裕、和谐、幸福,
21,1,OemQuestion,1,、,1558185195,2019/5/18 13:13:15,中文(简体) - 百度输入法,让我们共同为建设一个更加富裕、和谐、幸福、,
22,1,"F'A'Z'H'I'D3",6,法治,1558185200,2019/5/18 13:13:19,中文(简体) - 百度输入法,让我们共同为建设一个更加富裕、和谐、幸福、法治,
23,1,OemQuestion,1,、,1558185201,2019/5/18 13:13:20,中文(简体) - 百度输入法,让我们共同为建设一个更加富裕、和谐、幸福、法治、,
24,1,"W'E'N'M'I'N'G'Space",8,文明,1558185204,2019/5/18 13:13:23,中文(简体) - 百度输入法,让我们共同为建设一个更加富裕、和谐、幸福、法治、文明,
25,1,OemQuestion,1,、,1558185204,2019/5/18 13:13:24,中文(简体) - 百度输入法,让我们共同为建设一个更加富裕、和谐、幸福、法治、文明、,
26,1,"M'E'I'L'I'Space",6,美丽,1558185206,2019/5/18 13:13:26,中文(简体) - 百度输入法,让我们共同为建设一个更加富裕、和谐、幸福、法治、文明、美丽,
27,1,"D'E'Space",3,的,1558185207,2019/5/18 13:13:27,中文(简体) - 百度输入法,让我们共同为建设一个更加富裕、和谐、幸福、法治、文明、美丽的,
28,1,"S'H'E'H'U'I'Space",7,社会,1558185208,2019/5/18 13:13:28,中文(简体) - 百度输入法,让我们共同为建设一个更加富裕、和谐、幸福、法治、文明、美丽的社会,
29,1,"Z'H'U'Y'I'D2",6,主义,1558185212,2019/5/18 13:13:31,中文(简体) - 百度输入法,让我们共同为建设一个更加富裕、和谐、幸福、法治、文明、美丽的社会主义,
30,1,"X'I'N'X'I'Z'A'N'G'Space",10,新西藏,1558185217,2019/5/18 13:13:37,中文(简体) - 百度输入法,让我们共同为建设一个更加富裕、和谐、幸福、法治、文明、美丽的社会主义新西藏,
31,1,"E'R'Space",3,二,1558185218,2019/5/18 13:13:37,中文(简体) - 百度输入法,让我们共同为建设一个更加富裕、和谐、幸福、法治、文明、美丽的社会主义新西藏二,
32,1,"N'V'L'I'Back'Back'Back'Back'Back",9,-二,1558185221,2019/5/18 13:13:41,中文(简体) - 百度输入法,让我们共同为建设一个更加富裕、和谐、幸福、法治、文明、美丽的社会主义新西藏,
33,1,"E'R'D2",3,而,1558185223,2019/5/18 13:13:43,中文(简体) - 百度输入法,让我们共同为建设一个更加富裕、和谐、幸福、法治、文明、美丽的社会主义新西藏而,
34,1,"N'V'L'I'OemPlus'Back'Back'Back'U'L'I'Space",12,努力,1558185233,2019/5/18 13:13:52,中文(简体) - 百度输入法,让我们共同为建设一个更加富裕、和谐、幸福、法治、文明、美丽的社会主义新西藏而努力,
35,1,"F'E'N'G'D'A'Back'O'U'Back'Back'Back'Back'D'O'U'Space",17,奋斗,1558185240,2019/5/18 13:13:59,中文(简体) - 百度输入法,让我们共同为建设一个更加富裕、和谐、幸福、法治、文明、美丽的社会主义新西藏而努力奋斗,
36,1,"LeftShift'D1",2,！,1558185242,2019/5/18 13:14:01,中文(简体) - 百度输入法,让我们共同为建设一个更加富裕、和谐、幸福、法治、文明、美丽的社会主义新西藏而努力奋斗！,
37,5,"W'U'X'U'W'U'X'U'K'E'Z'H'E'N'G'Space",16,无许可证,1558185259,2019/5/18 13:14:19,中文(简体) - 百度输入法,无许可证,
38,5,"P'A'I'W'U'S'H'U'I'Space",10,排污水,1558185263,2019/5/18 13:14:23,中文(简体) - 百度输入法,无许可证排污水,
39,5,"Z'U'I'G'A'O'Space",7,最高,1558185265,2019/5/18 13:14:25,中文(简体) - 百度输入法,无许可证排污水最高,
40,5,"K'E'F'A'Space",5,可罚,1558185267,2019/5/18 13:14:27,中文(简体) - 百度输入法,无许可证排污水最高可罚,
41,5,D5,1,5,1558185269,2019/5/18 13:14:28,中文(简体) - 百度输入法,无许可证排污水最高可罚5,
42,5,D0,1,0,1558185269,2019/5/18 13:14:28,中文(简体) - 百度输入法,无许可证排污水最高可罚50,
43,5,"W'A'N'Y'U'A'N'Space",8,万元,1558185271,2019/5/18 13:14:30,中文(简体) - 百度输入法,无许可证排污水最高可罚50万元,
44,3,"B'E'N'C'I'K'U'A'N'I'A'N'P'A'I'D'U'I'Space",19,本次跨年派对,1558185283,2019/5/18 13:14:42,中文(简体) - 百度输入法,本次跨年派对,
45,3,"S'H'I'Space",4,是,1558185284,2019/5/18 13:14:44,中文(简体) - 百度输入法,本次跨年派对是,
46,3,"Q'U'A'N'G'U'O'Space",8,全国,1558185287,2019/5/18 13:14:47,中文(简体) - 百度输入法,本次跨年派对是全国,
47,3,"S'H'O'U'C'I'Space",7,首次,1558185289,2019/5/18 13:14:48,中文(简体) - 百度输入法,本次跨年派对是全国首次,
48,3,"Y'O'U'D3",4,由,1558185291,2019/5/18 13:14:51,中文(简体) - 百度输入法,本次跨年派对是全国首次由,
49,3,"Z'H'E'N'G'F'U'W'E'I'B'O'Space",13,政府微博,1558185296,2019/5/18 13:14:56,中文(简体) - 百度输入法,本次跨年派对是全国首次由政府微博,
50,3,"Y'U'Space",3,与,1558185298,2019/5/18 13:14:57,中文(简体) - 百度输入法,本次跨年派对是全国首次由政府微博与,
51,3,"C'A'O'G'E'N'Space",7,草根,1558185300,2019/5/18 13:15:00,中文(简体) - 百度输入法,本次跨年派对是全国首次由政府微博与草根,
52,3,"W'E'I'B'O'Space",6,微博,1558185302,2019/5/18 13:15:01,中文(简体) - 百度输入法,本次跨年派对是全国首次由政府微博与草根微博,
53,3,OemPeriod,1,。,1558185303,2019/5/18 13:15:02,中文(简体) - 百度输入法,本次跨年派对是全国首次由政府微博与草根微博。,
54,3,Back,1,-。,1558185305,2019/5/18 13:15:04,中文(简体) - 百度输入法,本次跨年派对是全国首次由政府微博与草根微博,
55,3,OemQuestion,1,、,1558185305,2019/5/18 13:15:04,中文(简体) - 百度输入法,本次跨年派对是全国首次由政府微博与草根微博、,
56,3,"M'I'N'J'I'A'N'Space",8,民间,1558185307,2019/5/18 13:15:07,中文(简体) - 百度输入法,本次跨年派对是全国首次由政府微博与草根微博、民间,
57,3,"L'I'L'I'A'N'G'Space",8,力量,1558185310,2019/5/18 13:15:10,中文(简体) - 百度输入法,本次跨年派对是全国首次由政府微博与草根微博、民间力量,
58,3,"L'I'A'N'S'H'O'U'J'U'B'A'N'Space",14,联手举办,1558185314,2019/5/18 13:15:14,中文(简体) - 百度输入法,本次跨年派对是全国首次由政府微博与草根微博、民间力量联手举办,
59,3,"D'E'Space",3,的,1558185315,2019/5/18 13:15:14,中文(简体) - 百度输入法,本次跨年派对是全国首次由政府微博与草根微博、民间力量联手举办的,
60,3,"W'A'N'G'L'U'O'H'U'O'D'Space",12,网络活动,1558185318,2019/5/18 13:15:17,中文(简体) - 百度输入法,本次跨年派对是全国首次由政府微博与草根微博、民间力量联手举办的网络活动,
61,3,OemComma,1,，,1558185319,2019/5/18 13:15:18,中文(简体) - 百度输入法,本次跨年派对是全国首次由政府微博与草根微博、民间力量联手举办的网络活动，,
62,3,"Y'E'S'H'I'Space",6,也是,1558185320,2019/5/18 13:15:20,中文(简体) - 百度输入法,本次跨年派对是全国首次由政府微博与草根微博、民间力量联手举办的网络活动，也是,
63,3,D2,1,2,1558185321,2019/5/18 13:15:20,中文(简体) - 百度输入法,本次跨年派对是全国首次由政府微博与草根微博、民间力量联手举办的网络活动，也是2,
64,3,D0,1,0,1558185321,2019/5/18 13:15:20,中文(简体) - 百度输入法,本次跨年派对是全国首次由政府微博与草根微博、民间力量联手举办的网络活动，也是20,
65,3,D1,1,1,1558185321,2019/5/18 13:15:21,中文(简体) - 百度输入法,本次跨年派对是全国首次由政府微博与草根微博、民间力量联手举办的网络活动，也是201,
66,3,D3,1,3,1558185322,2019/5/18 13:15:21,中文(简体) - 百度输入法,本次跨年派对是全国首次由政府微博与草根微博、民间力量联手举办的网络活动，也是2013,
67,3,"N'I'A'N'D'U'Space",7,年度,1558185325,2019/5/18 13:15:25,中文(简体) - 百度输入法,本次跨年派对是全国首次由政府微博与草根微博、民间力量联手举办的网络活动，也是2013年度,
68,3,"X'I'N'J'I'A'N'G'Space",9,新疆,1558185329,2019/5/18 13:15:28,中文(简体) - 百度输入法,本次跨年派对是全国首次由政府微博与草根微博、民间力量联手举办的网络活动，也是2013年度新疆,
69,3,"W'A'N'G'L'U'O'W'E'N'H'U'A'Space",14,网络文化,1558185333,2019/5/18 13:15:33,中文(简体) - 百度输入法,本次跨年派对是全国首次由政府微博与草根微博、民间力量联手举办的网络活动，也是2013年度新疆网络文化,
70,3,"X'I'L'Space",4,系列,1558185335,2019/5/18 13:15:35,中文(简体) - 百度输入法,本次跨年派对是全国首次由政府微博与草根微博、民间力量联手举办的网络活动，也是2013年度新疆网络文化系列,
71,3,"H'U'O'D'Space",5,活动,1558185337,2019/5/18 13:15:36,中文(简体) - 百度输入法,本次跨年派对是全国首次由政府微博与草根微博、民间力量联手举办的网络活动，也是2013年度新疆网络文化系列活动,
72,3,"Z'H'I'Y'Space",5,之一,1558185339,2019/5/18 13:15:38,中文(简体) - 百度输入法,本次跨年派对是全国首次由政府微博与草根微博、民间力量联手举办的网络活动，也是2013年度新疆网络文化系列活动之一,
73,3,OemPeriod,1,。,1558185340,2019/5/18 13:15:39,中文(简体) - 百度输入法,本次跨年派对是全国首次由政府微博与草根微博、民间力量联手举办的网络活动，也是2013年度新疆网络文化系列活动之一。,
74,3,"J'E'Back'I'E'C'Back'Z'H'U'Space",11,借助,1558185349,2019/5/18 13:15:49,中文(简体) - 百度输入法,本次跨年派对是全国首次由政府微博与草根微博、民间力量联手举办的网络活动，也是2013年度新疆网络文化系列活动之一。借助,
75,3,"W'A'N'G'L'Space",6,网络,1558185351,2019/5/18 13:15:51,中文(简体) - 百度输入法,本次跨年派对是全国首次由政府微博与草根微博、民间力量联手举办的网络活动，也是2013年度新疆网络文化系列活动之一。借助网络,
76,3,"P'T'Space",3,平台,1558185354,2019/5/18 13:15:53,中文(简体) - 百度输入法,本次跨年派对是全国首次由政府微博与草根微博、民间力量联手举办的网络活动，也是2013年度新疆网络文化系列活动之一。借助网络平台,
77,3,"H'E'Space",3,和,1558185355,2019/5/18 13:15:54,中文(简体) - 百度输入法,本次跨年派对是全国首次由政府微博与草根微博、民间力量联手举办的网络活动，也是2013年度新疆网络文化系列活动之一。借助网络平台和,
78,3,"P'D'Back'A'I'D'U'I'D2",9,派对,1558185362,2019/5/18 13:16:01,中文(简体) - 百度输入法,本次跨年派对是全国首次由政府微博与草根微博、民间力量联手举办的网络活动，也是2013年度新疆网络文化系列活动之一。借助网络平台和派对,
79,3,"M'O'S'H'I'Space",6,模式,1558185364,2019/5/18 13:16:03,中文(简体) - 百度输入法,本次跨年派对是全国首次由政府微博与草根微博、民间力量联手举办的网络活动，也是2013年度新疆网络文化系列活动之一。借助网络平台和派对模式,
80,3,OemComma,1,，,1558185365,2019/5/18 13:16:04,中文(简体) - 百度输入法,本次跨年派对是全国首次由政府微博与草根微博、民间力量联手举办的网络活动，也是2013年度新疆网络文化系列活动之一。借助网络平台和派对模式，,
81,3,"Z'H'U'D'A'Space",6,主打,1558185367,2019/5/18 13:16:06,中文(简体) - 百度输入法,本次跨年派对是全国首次由政府微博与草根微博、民间力量联手举办的网络活动，也是2013年度新疆网络文化系列活动之一。借助网络平台和派对模式，主打,
82,3,"S'H'I'X'I'A'N'G'Back'Back'Back'Back'Back'S'H'A'N'G'Space",19,时尚,1558185374,2019/5/18 13:16:13,中文(简体) - 百度输入法,本次跨年派对是全国首次由政府微博与草根微博、民间力量联手举办的网络活动，也是2013年度新疆网络文化系列活动之一。借助网络平台和派对模式，主打时尚,
83,3,"X'I'N'J'Space",5,新疆,1558185375,2019/5/18 13:16:15,中文(简体) - 百度输入法,本次跨年派对是全国首次由政府微博与草根微博、民间力量联手举办的网络活动，也是2013年度新疆网络文化系列活动之一。借助网络平台和派对模式，主打时尚新疆,
84,3,OemComma,1,，,1558185376,2019/5/18 13:16:16,中文(简体) - 百度输入法,本次跨年派对是全国首次由政府微博与草根微博、民间力量联手举办的网络活动，也是2013年度新疆网络文化系列活动之一。借助网络平台和派对模式，主打时尚新疆，,
85,3,"C'H'U'A'N'B'O'Space",8,传播,1558185378,2019/5/18 13:16:18,中文(简体) - 百度输入法,本次跨年派对是全国首次由政府微博与草根微博、民间力量联手举办的网络活动，也是2013年度新疆网络文化系列活动之一。借助网络平台和派对模式，主打时尚新疆，传播,
86,3,"Z'H'E'N'G'N'N'E'N'G'L'I'Back'Back'Back'Back'Back'Back'E'N'G'L'Space",23,正能量,1558185387,2019/5/18 13:16:27,中文(简体) - 百度输入法,本次跨年派对是全国首次由政府微博与草根微博、民间力量联手举办的网络活动，也是2013年度新疆网络文化系列活动之一。借助网络平台和派对模式，主打时尚新疆，传播正能量,
87,3,OemComma,1,，,1558185388,2019/5/18 13:16:27,中文(简体) - 百度输入法,本次跨年派对是全国首次由政府微博与草根微博、民间力量联手举办的网络活动，也是2013年度新疆网络文化系列活动之一。借助网络平台和派对模式，主打时尚新疆，传播正能量，,
88,3,"R'A'N'G'Space",5,让,1558185389,2019/5/18 13:16:28,中文(简体) - 百度输入法,本次跨年派对是全国首次由政府微博与草根微博、民间力量联手举办的网络活动，也是2013年度新疆网络文化系列活动之一。借助网络平台和派对模式，主打时尚新疆，传播正能量，让,
89,3,"G'E'N'G'D'U'O'Space",8,更多,1558185391,2019/5/18 13:16:30,中文(简体) - 百度输入法,本次跨年派对是全国首次由政府微博与草根微博、民间力量联手举办的网络活动，也是2013年度新疆网络文化系列活动之一。借助网络平台和派对模式，主打时尚新疆，传播正能量，让更多,
90,3,"D'E'Space",3,的,1558185391,2019/5/18 13:16:31,中文(简体) - 百度输入法,本次跨年派对是全国首次由政府微博与草根微博、民间力量联手举办的网络活动，也是2013年度新疆网络文化系列活动之一。借助网络平台和派对模式，主打时尚新疆，传播正能量，让更多的,
91,3,"R'E'N'Space",4,人,1558185392,2019/5/18 13:16:31,中文(简体) - 百度输入法,本次跨年派对是全国首次由政府微博与草根微博、民间力量联手举办的网络活动，也是2013年度新疆网络文化系列活动之一。借助网络平台和派对模式，主打时尚新疆，传播正能量，让更多的人,
92,3,"K'A'N'D'Space",5,看到,1558185395,2019/5/18 13:16:34,中文(简体) - 百度输入法,本次跨年派对是全国首次由政府微博与草根微博、民间力量联手举办的网络活动，也是2013年度新疆网络文化系列活动之一。借助网络平台和派对模式，主打时尚新疆，传播正能量，让更多的人看到,
93,3,"X'I'N'J'Space",5,新疆,1558185396,2019/5/18 13:16:35,中文(简体) - 百度输入法,本次跨年派对是全国首次由政府微博与草根微博、民间力量联手举办的网络活动，也是2013年度新疆网络文化系列活动之一。借助网络平台和派对模式，主打时尚新疆，传播正能量，让更多的人看到新疆,
94,3,"D'E'Space",3,的,1558185396,2019/5/18 13:16:36,中文(简体) - 百度输入法,本次跨年派对是全国首次由政府微博与草根微博、民间力量联手举办的网络活动，也是2013年度新疆网络文化系列活动之一。借助网络平台和派对模式，主打时尚新疆，传播正能量，让更多的人看到新疆的,
95,3,"F'A'Z'H'A'N'Space",7,发展,1558185398,2019/5/18 13:16:38,中文(简体) - 百度输入法,本次跨年派对是全国首次由政府微博与草根微博、民间力量联手举办的网络活动，也是2013年度新疆网络文化系列活动之一。借助网络平台和派对模式，主打时尚新疆，传播正能量，让更多的人看到新疆的发展,
96,3,"B'I'A'N'H'Space",6,变化,1558185400,2019/5/18 13:16:39,中文(简体) - 百度输入法,本次跨年派对是全国首次由政府微博与草根微博、民间力量联手举办的网络活动，也是2013年度新疆网络文化系列活动之一。借助网络平台和派对模式，主打时尚新疆，传播正能量，让更多的人看到新疆的发展变化,
97,3,OemPeriod,1,。,1558185401,2019/5/18 13:16:40,中文(简体) - 百度输入法,本次跨年派对是全国首次由政府微博与草根微博、民间力量联手举办的网络活动，也是2013年度新疆网络文化系列活动之一。借助网络平台和派对模式，主打时尚新疆，传播正能量，让更多的人看到新疆的发展变化。,
