﻿ID,TID,Keyboard,KeyLength,MapText,TimeStamp,Time,IME,CurText
1,7,"W'U'X'U'K'E'Z'H'E'N'G'Space",12,无许可证,1558187534,2019/5/18 13:52:13,搜狗输入法医生版,无许可证,
2,7,"P'A'I'W'U'S'H'U'D2",9,排污水,1558187538,2019/5/18 13:52:17,搜狗输入法医生版,无许可证排污水,
3,7,"Z'U'I'G'Space",5,最高,1558187540,2019/5/18 13:52:19,搜狗输入法医生版,无许可证排污水最高,
4,7,"K'E'F'A'N'OemPlus'Back'D3'D3",9,可罚,1558187549,2019/5/18 13:52:29,搜狗输入法医生版,无许可证排污水最高可罚,
5,7,D5,1,5,1558187551,2019/5/18 13:52:30,搜狗输入法医生版,无许可证排污水最高可罚5,
6,7,D0,1,0,1558187552,2019/5/18 13:52:32,搜狗输入法医生版,无许可证排污水最高可罚50,
7,7,"W'A'N'Y'U'A'N'Space",8,万元,1558187554,2019/5/18 13:52:34,搜狗输入法医生版,无许可证排污水最高可罚50万元,
8,1,"R'A'N'G'Space",5,让,1558187560,2019/5/18 13:52:40,搜狗输入法医生版,让,
9,1,"W'O'M'E'N'Space",6,我们,1558187564,2019/5/18 13:52:43,搜狗输入法医生版,让我们,
10,1,"G'O'N'G'T'Space",6,共同,1558187566,2019/5/18 13:52:46,搜狗输入法医生版,让我们共同,
11,1,"W'E'I'Space",4,为,1558187567,2019/5/18 13:52:47,搜狗输入法医生版,让我们共同为,
12,1,"J'I'A'N'S'H'E'Space",8,建设,1558187569,2019/5/18 13:52:48,搜狗输入法医生版,让我们共同为建设,
13,1,"Y'I'G'E'Space",5,一个,1558187571,2019/5/18 13:52:50,搜狗输入法医生版,让我们共同为建设一个,
14,1,"G'E'N'G'J'I'A'Space",8,更加,1558187573,2019/5/18 13:52:52,搜狗输入法医生版,让我们共同为建设一个更加,
15,1,"F'U'Y'U'Space",5,富裕,1558187576,2019/5/18 13:52:56,搜狗输入法医生版,让我们共同为建设一个更加富裕,
16,1,OemQuestion,1, ,1558187577,2019/5/18 13:52:56,搜狗输入法医生版,让我们共同为建设一个更加富裕 ,
17,1,"H'E'X'I'E'Space",6,、和谐,1558187579,2019/5/18 13:52:58,搜狗输入法医生版,让我们共同为建设一个更加富裕、和谐,
18,1,OemQuestion,1, ,1558187579,2019/5/18 13:52:59,搜狗输入法医生版,让我们共同为建设一个更加富裕、和谐 ,
19,1,"X'I'N'G'D'Back'F'U'Space",9,、幸福,1558187583,2019/5/18 13:53:03,搜狗输入法医生版,让我们共同为建设一个更加富裕、和谐、幸福,
20,1,OemQuestion,1, ,1558187584,2019/5/18 13:53:04,搜狗输入法医生版,让我们共同为建设一个更加富裕、和谐、幸福 ,
21,1,"F'A'Z'H'I'D3",6,、法治,1558187588,2019/5/18 13:53:07,搜狗输入法医生版,让我们共同为建设一个更加富裕、和谐、幸福、法治,
22,1,OemQuestion,1, ,1558187589,2019/5/18 13:53:09,搜狗输入法医生版,让我们共同为建设一个更加富裕、和谐、幸福、法治 ,
23,1,"W'E'N'M'Space",5,、文明,1558187591,2019/5/18 13:53:10,搜狗输入法医生版,让我们共同为建设一个更加富裕、和谐、幸福、法治、文明,
24,1,OemQuestion,1, ,1558187592,2019/5/18 13:53:11,搜狗输入法医生版,让我们共同为建设一个更加富裕、和谐、幸福、法治、文明 ,
25,1,"M'E'I'L'I'Space",6,、美丽,1558187593,2019/5/18 13:53:13,搜狗输入法医生版,让我们共同为建设一个更加富裕、和谐、幸福、法治、文明、美丽,
26,1,"D'E'Space",3,的,1558187594,2019/5/18 13:53:13,搜狗输入法医生版,让我们共同为建设一个更加富裕、和谐、幸福、法治、文明、美丽的,
27,1,"S'H'E'H'U'I'Z'H'U'Y'O'Space",12,社会主哟,1558187598,2019/5/18 13:53:18,搜狗输入法医生版,让我们共同为建设一个更加富裕、和谐、幸福、法治、文明、美丽的社会主哟,
28,1,Back,1,-哟,1558187599,2019/5/18 13:53:19,搜狗输入法医生版,让我们共同为建设一个更加富裕、和谐、幸福、法治、文明、美丽的社会主,
29,1,Back,1,-主,1558187600,2019/5/18 13:53:19,搜狗输入法医生版,让我们共同为建设一个更加富裕、和谐、幸福、法治、文明、美丽的社会,
30,1,"Z'H'U'Y'I'Space",6,主义,1558187602,2019/5/18 13:53:21,搜狗输入法医生版,让我们共同为建设一个更加富裕、和谐、幸福、法治、文明、美丽的社会主义,
31,1,"X'I'N'X'I'Z'A'N'G'Space",10,新西藏,1558187605,2019/5/18 13:53:25,搜狗输入法医生版,让我们共同为建设一个更加富裕、和谐、幸福、法治、文明、美丽的社会主义新西藏,
32,1,"E'R'D3",3,而,1558187608,2019/5/18 13:53:28,搜狗输入法医生版,让我们共同为建设一个更加富裕、和谐、幸福、法治、文明、美丽的社会主义新西藏而,
33,1,"N'U'L'I'Space",5,努力,1558187610,2019/5/18 13:53:30,搜狗输入法医生版,让我们共同为建设一个更加富裕、和谐、幸福、法治、文明、美丽的社会主义新西藏而努力,
34,1,"F'E'N'G'D'Space",6,封顶,1558187611,2019/5/18 13:53:31,搜狗输入法医生版,让我们共同为建设一个更加富裕、和谐、幸福、法治、文明、美丽的社会主义新西藏而努力封顶,
35,1,Back,1,-顶,1558187613,2019/5/18 13:53:32,搜狗输入法医生版,让我们共同为建设一个更加富裕、和谐、幸福、法治、文明、美丽的社会主义新西藏而努力封,
36,1,Back,1,-封,1558187613,2019/5/18 13:53:32,搜狗输入法医生版,让我们共同为建设一个更加富裕、和谐、幸福、法治、文明、美丽的社会主义新西藏而努力,
37,1,"F'E'N'D'Space",5,奋斗,1558187616,2019/5/18 13:53:35,搜狗输入法医生版,让我们共同为建设一个更加富裕、和谐、幸福、法治、文明、美丽的社会主义新西藏而努力奋斗,
38,1,"LeftShift'D1",2, ,1558187617,2019/5/18 13:53:36,搜狗输入法医生版,让我们共同为建设一个更加富裕、和谐、幸福、法治、文明、美丽的社会主义新西藏而努力奋斗 ,
