﻿ID,TID,Keyboard,KeyLength,MapText,TimeStamp,Time,IME,CurText
1,8,"S'H'U'S'Back'H'O'U'Z'H'E'N'D'U'A'N'Space",17,术后诊断,1558187943,2019/5/18 13:59:02,搜狗拼音输入法,术后诊断,
2,8,"LeftShift'LeftShift'LeftShift'LeftShift'Oem1",5, ,1558187944,2019/5/18 13:59:04,搜狗拼音输入法,术后诊断 ,
3,8,"S'H'U'A'N'G'L'U'A'N'C'H'A'O'Space",15,：双卵巢,1558187950,2019/5/18 13:59:10,搜狗拼音输入法,术后诊断：双卵巢,
4,8,"X'I'A'N'A'I'D3",7,腺癌,1558187954,2019/5/18 13:59:13,搜狗拼音输入法,术后诊断：双卵巢腺癌,
5,8,"Capital'I",2,I,1558187955,2019/5/18 13:59:14,搜狗拼音输入法,术后诊断：双卵巢腺癌I,
6,8,I,1,I,1558187955,2019/5/18 13:59:14,搜狗拼音输入法,术后诊断：双卵巢腺癌II,
7,8,B,1,B,1558187955,2019/5/18 13:59:15,搜狗拼音输入法,术后诊断：双卵巢腺癌IIB,
8,8,V,1,V,1558187955,2019/5/18 13:59:15,搜狗拼音输入法,术后诊断：双卵巢腺癌IIBV,
9,8,Back,1,-V,1558187957,2019/5/18 13:59:16,搜狗拼音输入法,术后诊断：双卵巢腺癌IIB,
10,8,"Capital'Q'I'OemPlus'D1",5,期,1558187960,2019/5/18 13:59:20,搜狗拼音输入法,术后诊断：双卵巢腺癌IIB期,
11,8,OemPeriod,1, ,1558187962,2019/5/18 13:59:21,搜狗拼音输入法,术后诊断：双卵巢腺癌IIB期 ,
12,2,"H'U'A'N'E'R'Space",7,患儿,1558187967,2019/5/18 13:59:26,搜狗拼音输入法,患儿,
13,2,D1,1,1,1558187967,2019/5/18 13:59:27,搜狗拼音输入法,患儿1,
14,2,"T'I'A'N'Q'I'A'N'D2",9,天前,1558187971,2019/5/18 13:59:30,搜狗拼音输入法,患儿1天前,
15,2,"W'U'Space",3,无,1558187973,2019/5/18 13:59:33,搜狗拼音输入法,患儿1天前无,
16,2,"M'I'N'G'X'I'A'N'Space",9,明显,1558187976,2019/5/18 13:59:36,搜狗拼音输入法,患儿1天前无明显,
17,2,"Y'O'U'Y'I'N'Space",7,诱因,1558187979,2019/5/18 13:59:39,搜狗拼音输入法,患儿1天前无明显诱因,
18,2,"C'H'U'X'I'A'N'Space",8,出现,1558187982,2019/5/18 13:59:41,搜狗拼音输入法,患儿1天前无明显诱因出现,
19,2,"Z'H'E'N'F'A'I'N'G'Back'Back'Back'X'I'N'G'Space",17,阵发性,1558187989,2019/5/18 13:59:48,搜狗拼音输入法,患儿1天前无明显诱因出现阵发性,
20,2,"K'U'N'A'O'D2",6,哭闹,1558187992,2019/5/18 13:59:51,搜狗拼音输入法,患儿1天前无明显诱因出现阵发性哭闹,
21,2,OemComma,1, ,1558187993,2019/5/18 13:59:53,搜狗拼音输入法,患儿1天前无明显诱因出现阵发性哭闹 ,
22,2,"B'A'N'O'U'T'U'Space",8,，伴呕吐,1558187995,2019/5/18 13:59:55,搜狗拼音输入法,患儿1天前无明显诱因出现阵发性哭闹，伴呕吐,
23,2,OemComma,1, ,1558187996,2019/5/18 13:59:55,搜狗拼音输入法,患儿1天前无明显诱因出现阵发性哭闹，伴呕吐 ,
24,2,"O'U'T'U'W'U'Space",7,，呕吐物,1558187998,2019/5/18 13:59:58,搜狗拼音输入法,患儿1天前无明显诱因出现阵发性哭闹，伴呕吐，呕吐物,
25,2,"W'E'I'Space",4,为,1558187999,2019/5/18 13:59:59,搜狗拼音输入法,患儿1天前无明显诱因出现阵发性哭闹，伴呕吐，呕吐物为,
26,2,"W'E'I'N'E'I'R'O'N'G'W'E'U'Back'Back'U'Space",17,胃内容物,1558188008,2019/5/18 14:00:07,搜狗拼音输入法,患儿1天前无明显诱因出现阵发性哭闹，伴呕吐，呕吐物为胃内容物,
27,2,OemComma,1, ,1558188009,2019/5/18 14:00:08,搜狗拼音输入法,患儿1天前无明显诱因出现阵发性哭闹，伴呕吐，呕吐物为胃内容物 ,
28,2,"W'U'Space",3,，无,1558188010,2019/5/18 14:00:09,搜狗拼音输入法,患儿1天前无明显诱因出现阵发性哭闹，伴呕吐，呕吐物为胃内容物，无,
29,2,"K'A'F'E'I'Y'A'N'G'W'U'Space",12,咖啡样物,1558188014,2019/5/18 14:00:13,搜狗拼音输入法,患儿1天前无明显诱因出现阵发性哭闹，伴呕吐，呕吐物为胃内容物，无咖啡样物,
30,2,OemComma,1, ,1558188014,2019/5/18 14:00:14,搜狗拼音输入法,患儿1天前无明显诱因出现阵发性哭闹，伴呕吐，呕吐物为胃内容物，无咖啡样物 ,
31,2,"G'O'N'G'D2",5,，共,1558188016,2019/5/18 14:00:16,搜狗拼音输入法,患儿1天前无明显诱因出现阵发性哭闹，伴呕吐，呕吐物为胃内容物，无咖啡样物，共,
32,2,D5,1,5,1558188017,2019/5/18 14:00:16,搜狗拼音输入法,患儿1天前无明显诱因出现阵发性哭闹，伴呕吐，呕吐物为胃内容物，无咖啡样物，共5,
33,2,"C'I'Space",3,词,1558188018,2019/5/18 14:00:17,搜狗拼音输入法,患儿1天前无明显诱因出现阵发性哭闹，伴呕吐，呕吐物为胃内容物，无咖啡样物，共5词,
34,2,OemPeriod,1, ,1558188019,2019/5/18 14:00:19,搜狗拼音输入法,患儿1天前无明显诱因出现阵发性哭闹，伴呕吐，呕吐物为胃内容物，无咖啡样物，共5词 ,
35,2,Back,1,- ,1558188020,2019/5/18 14:00:20,搜狗拼音输入法,患儿1天前无明显诱因出现阵发性哭闹，伴呕吐，呕吐物为胃内容物，无咖啡样物，共5词,
36,2,Back,1,-词,1558188020,2019/5/18 14:00:20,搜狗拼音输入法,患儿1天前无明显诱因出现阵发性哭闹，伴呕吐，呕吐物为胃内容物，无咖啡样物，共5,
37,2,Back,1,-5,1558188020,2019/5/18 14:00:20,搜狗拼音输入法,患儿1天前无明显诱因出现阵发性哭闹，伴呕吐，呕吐物为胃内容物，无咖啡样物，共,
38,2,D5,1,5,1558188021,2019/5/18 14:00:21,搜狗拼音输入法,患儿1天前无明显诱因出现阵发性哭闹，伴呕吐，呕吐物为胃内容物，无咖啡样物，共5,
39,2,"C'I'D2",3,次,1558188023,2019/5/18 14:00:23,搜狗拼音输入法,患儿1天前无明显诱因出现阵发性哭闹，伴呕吐，呕吐物为胃内容物，无咖啡样物，共5次,
40,2,OemPeriod,1, ,1558188024,2019/5/18 14:00:23,搜狗拼音输入法,患儿1天前无明显诱因出现阵发性哭闹，伴呕吐，呕吐物为胃内容物，无咖啡样物，共5次 ,
41,6,"S'H'U'H'O'U'Space",7,术后,1558188032,2019/5/18 14:00:31,搜狗拼音输入法,术后,
42,6,"Z'H'E'N'D'U'A'N'Space",9,诊断,1558188034,2019/5/18 14:00:33,搜狗拼音输入法,术后诊断,
43,6,"LeftShift'Oem1",2, ,1558188034,2019/5/18 14:00:34,搜狗拼音输入法,术后诊断 ,
44,6,"S'H'U'A'N'G'L'U'A'N'C'H'A'O'Space",15,：双卵巢,1558188038,2019/5/18 14:00:38,搜狗拼音输入法,术后诊断：双卵巢,
45,6,"X'I'A'N'A'I'Space",7,腺癌,1558188040,2019/5/18 14:00:39,搜狗拼音输入法,术后诊断：双卵巢腺癌,
46,6,"Capital'I",2,I,1558188041,2019/5/18 14:00:40,搜狗拼音输入法,术后诊断：双卵巢腺癌I,
47,6,I,1,I,1558188041,2019/5/18 14:00:40,搜狗拼音输入法,术后诊断：双卵巢腺癌II,
48,6,D8,1,8,1558188042,2019/5/18 14:00:41,搜狗拼音输入法,术后诊断：双卵巢腺癌II8,
49,6,"Capital'Q'I'Space",4,期,1558188043,2019/5/18 14:00:42,搜狗拼音输入法,术后诊断：双卵巢腺癌II8期,
50,6,Back,1,-8,1558188045,2019/5/18 14:00:45,搜狗拼音输入法,术后诊断：双卵巢腺癌II期,
51,6,"Capital'B",2,B,1558188046,2019/5/18 14:00:45,搜狗拼音输入法,术后诊断：双卵巢腺癌IIB期,
52,6,"Capital'OemPeriod",2, ,1558188051,2019/5/18 14:00:51,搜狗拼音输入法,术后诊断：双卵巢腺癌IIB期 ,
53,4,"G'Back'Back'H'U'A'N'Z'H'E'Space",11,患者,1558188059,2019/5/18 14:00:58,搜狗拼音输入法,患者,
54,4,"Y'I'N'Space",4,因,1558188061,2019/5/18 14:01:00,搜狗拼音输入法,患者因,
55,4,"LeftShift'OemQuotes",2, ,1558188062,2019/5/18 14:01:01,搜狗拼音输入法,患者因 ,
56,4,"B'U'G'U'I'Z'E'Space",8,“不规则,1558188066,2019/5/18 14:01:06,搜狗拼音输入法,患者因“不规则,
57,4,"Y'I'N'D'A'O'L'I'U'X'U'E'OemPlus'D3'D2",15,阴道流血,1558188078,2019/5/18 14:01:17,搜狗拼音输入法,患者因“不规则阴道流血,
58,4,"B'A'N'OemPlus'D4",5,伴,1558188083,2019/5/18 14:01:23,搜狗拼音输入法,患者因“不规则阴道流血伴,
59,4,"Y'I'N'D'A'O'OemPlus'D1",8,阴道,1558188093,2019/5/18 14:01:32,搜狗拼音输入法,患者因“不规则阴道流血伴阴道,
60,4,"P'A'I'Y'E'Space",6,排液,1558188095,2019/5/18 14:01:35,搜狗拼音输入法,患者因“不规则阴道流血伴阴道排液,
61,4,D1,1,1,1558188096,2019/5/18 14:01:36,搜狗拼音输入法,患者因“不规则阴道流血伴阴道排液1,
62,4,"LeftShift'OemPlus",2, ,1558188098,2019/5/18 14:01:37,搜狗拼音输入法,患者因“不规则阴道流血伴阴道排液1 ,
63,4,"N'I'A'N'Space",5,+年,1558188100,2019/5/18 14:01:39,搜狗拼音输入法,患者因“不规则阴道流血伴阴道排液1+年,
64,4,"LeftShift'LeftShift'LeftShift'LeftShift'LeftShift'LeftShift'LeftShift'LeftShift'LeftShift'LeftShift'LeftShift'LeftShift'LeftShift'OemQuotes",14, ,1558188101,2019/5/18 14:01:41,搜狗拼音输入法,患者因“不规则阴道流血伴阴道排液1+年 ,
65,4,OemComma,1,”,1558188102,2019/5/18 14:01:41,搜狗拼音输入法,患者因“不规则阴道流血伴阴道排液1+年” ,
66,4,"Z'H'E'N'D'U'A'N'X'I'N'G'Space",13,，诊断性,1558188106,2019/5/18 14:01:45,搜狗拼音输入法,患者因“不规则阴道流血伴阴道排液1+年”，诊断性,
67,4,"G'U'A'G'O'N'G'Space",8,刮宫,1558188109,2019/5/18 14:01:48,搜狗拼音输入法,患者因“不规则阴道流血伴阴道排液1+年”，诊断性刮宫,
68,4,"B'I'N'G'L'I'T'I'S'H'I'Space",12,病理提示,1558188112,2019/5/18 14:01:51,搜狗拼音输入法,患者因“不规则阴道流血伴阴道排液1+年”，诊断性刮宫病理提示,
69,4,"LeftShift'Oem1",2, ,1558188113,2019/5/18 14:01:52,搜狗拼音输入法,患者因“不规则阴道流血伴阴道排液1+年”，诊断性刮宫病理提示 ,
70,4,D9,1,：,1558188113,2019/5/18 14:01:53,搜狗拼音输入法,患者因“不规则阴道流血伴阴道排液1+年”，诊断性刮宫病理提示： ,
71,4,"G'O'N'G'Q'I'A'N'G'Space",10,（宫腔,1558188116,2019/5/18 14:01:55,搜狗拼音输入法,患者因“不规则阴道流血伴阴道排液1+年”，诊断性刮宫病理提示：（宫腔,
72,4,"LeftShift'D0",2, ,1558188116,2019/5/18 14:01:56,搜狗拼音输入法,患者因“不规则阴道流血伴阴道排液1+年”，诊断性刮宫病理提示：（宫腔 ,
73,4,"Z'I'G'O'N'G'N'E'I'Space",10,）子宫内,1558188120,2019/5/18 14:01:59,搜狗拼音输入法,患者因“不规则阴道流血伴阴道排液1+年”，诊断性刮宫病理提示：（宫腔）子宫内,
74,4,"M'U'Y'A'N'G'Space",7,模样,1558188123,2019/5/18 14:02:02,搜狗拼音输入法,患者因“不规则阴道流血伴阴道排液1+年”，诊断性刮宫病理提示：（宫腔）子宫内模样,
75,4,"X'I'A'N'A'I'Space",7,腺癌,1558188125,2019/5/18 14:02:05,搜狗拼音输入法,患者因“不规则阴道流血伴阴道排液1+年”，诊断性刮宫病理提示：（宫腔）子宫内模样腺癌,
76,4,"Capital'G",2,G,1558188126,2019/5/18 14:02:05,搜狗拼音输入法,患者因“不规则阴道流血伴阴道排液1+年”，诊断性刮宫病理提示：（宫腔）子宫内模样腺癌G,
77,4,"Capital'D2",2,2,1558188126,2019/5/18 14:02:06,搜狗拼音输入法,患者因“不规则阴道流血伴阴道排液1+年”，诊断性刮宫病理提示：（宫腔）子宫内模样腺癌G2,
78,4,Oem1,1, ,1558188127,2019/5/18 14:02:07,搜狗拼音输入法,患者因“不规则阴道流血伴阴道排液1+年”，诊断性刮宫病理提示：（宫腔）子宫内模样腺癌G2 ,
79,4,"W'O'Y'U'A'N'Space",7,；我院,1558188130,2019/5/18 14:02:09,搜狗拼音输入法,患者因“不规则阴道流血伴阴道排液1+年”，诊断性刮宫病理提示：（宫腔）子宫内模样腺癌G2；我院,
80,4,"B'I'N'G'L'I'H'U'I'Z'H'E'N'Space",14,病理会诊,1558188134,2019/5/18 14:02:13,搜狗拼音输入法,患者因“不规则阴道流血伴阴道排液1+年”，诊断性刮宫病理提示：（宫腔）子宫内模样腺癌G2；我院病理会诊,
81,4,"T'I'S'H'I'Space",6,提示,1558188135,2019/5/18 14:02:15,搜狗拼音输入法,患者因“不规则阴道流血伴阴道排液1+年”，诊断性刮宫病理提示：（宫腔）子宫内模样腺癌G2；我院病理会诊提示,
82,4,"LeftShift'Oem1",2, ,1558188136,2019/5/18 14:02:15,搜狗拼音输入法,患者因“不规则阴道流血伴阴道排液1+年”，诊断性刮宫病理提示：（宫腔）子宫内模样腺癌G2；我院病理会诊提示 ,
83,4,"Z'I'G'O'N'G'Space",7,：子宫,1558188138,2019/5/18 14:02:18,搜狗拼音输入法,患者因“不规则阴道流血伴阴道排液1+年”，诊断性刮宫病理提示：（宫腔）子宫内模样腺癌G2；我院病理会诊提示：子宫,
84,4,"N'E'I'Space",4,内,1558188140,2019/5/18 14:02:20,搜狗拼音输入法,患者因“不规则阴道流血伴阴道排液1+年”，诊断性刮宫病理提示：（宫腔）子宫内模样腺癌G2；我院病理会诊提示：子宫内,
85,4,"M'O'Y'A'N'G'D3",7,模样,1558188144,2019/5/18 14:02:24,搜狗拼音输入法,患者因“不规则阴道流血伴阴道排液1+年”，诊断性刮宫病理提示：（宫腔）子宫内模样腺癌G2；我院病理会诊提示：子宫内模样,
86,4,"X'I'A'N'A'I'Space",7,腺癌,1558188148,2019/5/18 14:02:27,搜狗拼音输入法,患者因“不规则阴道流血伴阴道排液1+年”，诊断性刮宫病理提示：（宫腔）子宫内模样腺癌G2；我院病理会诊提示：子宫内模样腺癌,
87,4,"LeftShift'G",2,g,1558188148,2019/5/18 14:02:28,搜狗拼音输入法,患者因“不规则阴道流血伴阴道排液1+年”，诊断性刮宫病理提示：（宫腔）子宫内模样腺癌G2；我院病理会诊提示：子宫内模样腺癌g,
88,4,D2,1,2,1558188149,2019/5/18 14:02:28,搜狗拼音输入法,患者因“不规则阴道流血伴阴道排液1+年”，诊断性刮宫病理提示：（宫腔）子宫内模样腺癌G2；我院病理会诊提示：子宫内模样腺癌g2,
89,4,OemMinus,1,-,1558188149,2019/5/18 14:02:28,搜狗拼音输入法,患者因“不规则阴道流血伴阴道排液1+年”，诊断性刮宫病理提示：（宫腔）子宫内模样腺癌G2；我院病理会诊提示：子宫内模样腺癌g2-,
90,4,D3,1,3,1558188149,2019/5/18 14:02:29,搜狗拼音输入法,患者因“不规则阴道流血伴阴道排液1+年”，诊断性刮宫病理提示：（宫腔）子宫内模样腺癌G2；我院病理会诊提示：子宫内模样腺癌g2-3,
91,4,Back,1,-3,1558188150,2019/5/18 14:02:30,搜狗拼音输入法,患者因“不规则阴道流血伴阴道排液1+年”，诊断性刮宫病理提示：（宫腔）子宫内模样腺癌G2；我院病理会诊提示：子宫内模样腺癌g2-,
92,4,Back,1,--,1558188151,2019/5/18 14:02:30,搜狗拼音输入法,患者因“不规则阴道流血伴阴道排液1+年”，诊断性刮宫病理提示：（宫腔）子宫内模样腺癌G2；我院病理会诊提示：子宫内模样腺癌g2,
93,4,Back,1,-2,1558188151,2019/5/18 14:02:30,搜狗拼音输入法,患者因“不规则阴道流血伴阴道排液1+年”，诊断性刮宫病理提示：（宫腔）子宫内模样腺癌G2；我院病理会诊提示：子宫内模样腺癌g,
94,4,Back,1,-g,1558188151,2019/5/18 14:02:31,搜狗拼音输入法,患者因“不规则阴道流血伴阴道排液1+年”，诊断性刮宫病理提示：（宫腔）子宫内模样腺癌G2；我院病理会诊提示：子宫内模样腺癌,
95,4,"Capital'G",2,G,1558188152,2019/5/18 14:02:32,搜狗拼音输入法,患者因“不规则阴道流血伴阴道排液1+年”，诊断性刮宫病理提示：（宫腔）子宫内模样腺癌G2；我院病理会诊提示：子宫内模样腺癌G,
96,4,"Capital'D2",2,2,1558188153,2019/5/18 14:02:33,搜狗拼音输入法,患者因“不规则阴道流血伴阴道排液1+年”，诊断性刮宫病理提示：（宫腔）子宫内模样腺癌G2；我院病理会诊提示：子宫内模样腺癌G2,
97,4,OemMinus,1,-,1558188154,2019/5/18 14:02:33,搜狗拼音输入法,患者因“不规则阴道流血伴阴道排液1+年”，诊断性刮宫病理提示：（宫腔）子宫内模样腺癌G2；我院病理会诊提示：子宫内模样腺癌G2-,
98,4,D3,1,3,1558188154,2019/5/18 14:02:33,搜狗拼音输入法,患者因“不规则阴道流血伴阴道排液1+年”，诊断性刮宫病理提示：（宫腔）子宫内模样腺癌G2；我院病理会诊提示：子宫内模样腺癌G2-3,
99,4,OemComma,1,",",1558188155,2019/5/18 14:02:35,搜狗拼音输入法,"患者因“不规则阴道流血伴阴道排液1+年”，诊断性刮宫病理提示：（宫腔）子宫内模样腺癌G2；我院病理会诊提示：子宫内模样腺癌G2-3,",
100,4,G,1,g,1558188155,2019/5/18 14:02:35,搜狗拼音输入法,"患者因“不规则阴道流血伴阴道排液1+年”，诊断性刮宫病理提示：（宫腔）子宫内模样腺癌G2；我院病理会诊提示：子宫内模样腺癌G2-3,g",
101,4,O,1,o,1558188156,2019/5/18 14:02:35,搜狗拼音输入法,"患者因“不规则阴道流血伴阴道排液1+年”，诊断性刮宫病理提示：（宫腔）子宫内模样腺癌G2；我院病理会诊提示：子宫内模样腺癌G2-3,go",
102,4,N,1,n,1558188156,2019/5/18 14:02:35,搜狗拼音输入法,"患者因“不规则阴道流血伴阴道排液1+年”，诊断性刮宫病理提示：（宫腔）子宫内模样腺癌G2；我院病理会诊提示：子宫内模样腺癌G2-3,gon",
103,4,G,1,g,1558188156,2019/5/18 14:02:35,搜狗拼音输入法,"患者因“不规则阴道流血伴阴道排液1+年”，诊断性刮宫病理提示：（宫腔）子宫内模样腺癌G2；我院病理会诊提示：子宫内模样腺癌G2-3,gong",
104,4,J,1,j,1558188156,2019/5/18 14:02:36,搜狗拼音输入法,"患者因“不规则阴道流血伴阴道排液1+年”，诊断性刮宫病理提示：（宫腔）子宫内模样腺癌G2；我院病理会诊提示：子宫内模样腺癌G2-3,gongj",
105,4,I,1,i,1558188156,2019/5/18 14:02:36,搜狗拼音输入法,"患者因“不规则阴道流血伴阴道排液1+年”，诊断性刮宫病理提示：（宫腔）子宫内模样腺癌G2；我院病理会诊提示：子宫内模样腺癌G2-3,gongji",
106,4,Back,1,-i,1558188157,2019/5/18 14:02:36,搜狗拼音输入法,"患者因“不规则阴道流血伴阴道排液1+年”，诊断性刮宫病理提示：（宫腔）子宫内模样腺癌G2；我院病理会诊提示：子宫内模样腺癌G2-3,gongj",
107,4,Back,1,-j,1558188157,2019/5/18 14:02:37,搜狗拼音输入法,"患者因“不规则阴道流血伴阴道排液1+年”，诊断性刮宫病理提示：（宫腔）子宫内模样腺癌G2；我院病理会诊提示：子宫内模样腺癌G2-3,gong",
108,4,Back,1,-g,1558188157,2019/5/18 14:02:37,搜狗拼音输入法,"患者因“不规则阴道流血伴阴道排液1+年”，诊断性刮宫病理提示：（宫腔）子宫内模样腺癌G2；我院病理会诊提示：子宫内模样腺癌G2-3,gon",
109,4,Back,1,-n,1558188158,2019/5/18 14:02:37,搜狗拼音输入法,"患者因“不规则阴道流血伴阴道排液1+年”，诊断性刮宫病理提示：（宫腔）子宫内模样腺癌G2；我院病理会诊提示：子宫内模样腺癌G2-3,go",
110,4,Back,1,-o,1558188158,2019/5/18 14:02:37,搜狗拼音输入法,"患者因“不规则阴道流血伴阴道排液1+年”，诊断性刮宫病理提示：（宫腔）子宫内模样腺癌G2；我院病理会诊提示：子宫内模样腺癌G2-3,g",
111,4,Back,1,-g,1558188158,2019/5/18 14:02:38,搜狗拼音输入法,"患者因“不规则阴道流血伴阴道排液1+年”，诊断性刮宫病理提示：（宫腔）子宫内模样腺癌G2；我院病理会诊提示：子宫内模样腺癌G2-3,",
112,4,Back,1,"-,",1558188159,2019/5/18 14:02:38,搜狗拼音输入法,患者因“不规则阴道流血伴阴道排液1+年”，诊断性刮宫病理提示：（宫腔）子宫内模样腺癌G2；我院病理会诊提示：子宫内模样腺癌G2-3,
113,4,"LeftShift'OemComma",2, ,1558188160,2019/5/18 14:02:39,搜狗拼音输入法,患者因“不规则阴道流血伴阴道排液1+年”，诊断性刮宫病理提示：（宫腔）子宫内模样腺癌G2；我院病理会诊提示：子宫内模样腺癌G2-3 ,
114,4,"G'O'N'G'J'I'N'G'U'A'N'S'A'O'G'U'A'Back'Back'Back'Back'Back'Back'Back'Back'Back'Back'G'G'U'A'N'S'A'O'G'U'A'Space",39,，宫颈管搔刮,1558188176,2019/5/18 14:02:55,搜狗拼音输入法,患者因“不规则阴道流血伴阴道排液1+年”，诊断性刮宫病理提示：（宫腔）子宫内模样腺癌G2；我院病理会诊提示：子宫内模样腺癌G2-3，宫颈管搔刮,
115,4,"Z'U'Z'H'I'Space",6,组织,1558188178,2019/5/18 14:02:58,搜狗拼音输入法,患者因“不规则阴道流血伴阴道排液1+年”，诊断性刮宫病理提示：（宫腔）子宫内模样腺癌G2；我院病理会诊提示：子宫内模样腺癌G2-3，宫颈管搔刮组织,
116,4,"J'I'A'N'D2",5,见,1558188180,2019/5/18 14:03:00,搜狗拼音输入法,患者因“不规则阴道流血伴阴道排液1+年”，诊断性刮宫病理提示：（宫腔）子宫内模样腺癌G2；我院病理会诊提示：子宫内模样腺癌G2-3，宫颈管搔刮组织见,
117,4,"S'H'A'O'L'I'A'N'G'Space",10,少量,1558188183,2019/5/18 14:03:03,搜狗拼音输入法,患者因“不规则阴道流血伴阴道排液1+年”，诊断性刮宫病理提示：（宫腔）子宫内模样腺癌G2；我院病理会诊提示：子宫内模样腺癌G2-3，宫颈管搔刮组织见少量,
118,4,"L'I'A'N'M'O'OemPlus'OemPlus'Back'Back'Back'Back'Back'Back'N'I'A'N'M'O'D2",21,粘膜,1558188191,2019/5/18 14:03:11,搜狗拼音输入法,患者因“不规则阴道流血伴阴道排液1+年”，诊断性刮宫病理提示：（宫腔）子宫内模样腺癌G2；我院病理会诊提示：子宫内模样腺癌G2-3，宫颈管搔刮组织见少量粘膜,
119,4,"Z'U'Z'H'I'Space",6,组织,1558188193,2019/5/18 14:03:13,搜狗拼音输入法,患者因“不规则阴道流血伴阴道排液1+年”，诊断性刮宫病理提示：（宫腔）子宫内模样腺癌G2；我院病理会诊提示：子宫内模样腺癌G2-3，宫颈管搔刮组织见少量粘膜组织,
120,4,"J'I'Space",3,及,1558188194,2019/5/18 14:03:14,搜狗拼音输入法,患者因“不规则阴道流血伴阴道排液1+年”，诊断性刮宫病理提示：（宫腔）子宫内模样腺癌G2；我院病理会诊提示：子宫内模样腺癌G2-3，宫颈管搔刮组织见少量粘膜组织及,
121,4,"S'H'A'O'L'I'A'N'G'Space",10,少量,1558188197,2019/5/18 14:03:16,搜狗拼音输入法,患者因“不规则阴道流血伴阴道排液1+年”，诊断性刮宫病理提示：（宫腔）子宫内模样腺癌G2；我院病理会诊提示：子宫内模样腺癌G2-3，宫颈管搔刮组织见少量粘膜组织及少量,
122,4,"Y'I'X'I'N'G'OemPlus'Space",8,异型,1558188202,2019/5/18 14:03:22,搜狗拼音输入法,患者因“不规则阴道流血伴阴道排液1+年”，诊断性刮宫病理提示：（宫腔）子宫内模样腺癌G2；我院病理会诊提示：子宫内模样腺癌G2-3，宫颈管搔刮组织见少量粘膜组织及少量异型,
123,4,"D'E'Space",3,的,1558188204,2019/5/18 14:03:23,搜狗拼音输入法,患者因“不规则阴道流血伴阴道排液1+年”，诊断性刮宫病理提示：（宫腔）子宫内模样腺癌G2；我院病理会诊提示：子宫内模样腺癌G2-3，宫颈管搔刮组织见少量粘膜组织及少量异型的,
124,4,"N'E'I'M'O'Space",6,内膜,1558188206,2019/5/18 14:03:25,搜狗拼音输入法,患者因“不规则阴道流血伴阴道排液1+年”，诊断性刮宫病理提示：（宫腔）子宫内模样腺癌G2；我院病理会诊提示：子宫内模样腺癌G2-3，宫颈管搔刮组织见少量粘膜组织及少量异型的内膜,
125,4,"X'I'A'N'T'I'D3",7,腺体,1558188209,2019/5/18 14:03:28,搜狗拼音输入法,患者因“不规则阴道流血伴阴道排液1+年”，诊断性刮宫病理提示：（宫腔）子宫内模样腺癌G2；我院病理会诊提示：子宫内模样腺癌G2-3，宫颈管搔刮组织见少量粘膜组织及少量异型的内膜腺体,
126,4,OemPeriod,1, ,1558188210,2019/5/18 14:03:29,搜狗拼音输入法,患者因“不规则阴道流血伴阴道排液1+年”，诊断性刮宫病理提示：（宫腔）子宫内模样腺癌G2；我院病理会诊提示：子宫内模样腺癌G2-3，宫颈管搔刮组织见少量粘膜组织及少量异型的内膜腺体 ,
