﻿ID,TID,Keyboard,KeyLength,MapText,TimeStamp,Time,IME,CurText
1,7,"W'U'Y'U'K'E'Z'H'E'N'G'Space",12,无语可证,1558185125,2019/5/18 13:12:05,中文(简体) - 百度输入法,无语可证,
2,7,"P'A'I'W'U'S'H'U'I'Space",10,排污水,1558185131,2019/5/18 13:12:10,中文(简体) - 百度输入法,无语可证排污水,
3,7,"Z'U'I'G'A'I'Back'O'Space",9,最高,1558185136,2019/5/18 13:12:16,中文(简体) - 百度输入法,无语可证排污水最高,
4,7,"K'E'F'A'N'Back'D5'D4",8,可罚,1558185145,2019/5/18 13:12:24,中文(简体) - 百度输入法,无语可证排污水最高可罚,
5,7,D5,1,5,1558185146,2019/5/18 13:12:25,中文(简体) - 百度输入法,无语可证排污水最高可罚5,
6,7,D0,1,0,1558185146,2019/5/18 13:12:26,中文(简体) - 百度输入法,无语可证排污水最高可罚50,
7,7,"W'A'N'Y'U'A'N'Space",8,万元,1558185148,2019/5/18 13:12:28,中文(简体) - 百度输入法,无语可证排污水最高可罚50万元,
8,7,X,1,,1558185156,2019/5/18 13:12:35,中文(简体) - 百度输入法,无语可证排污水最高可罚50万元,
9,7,"U'K'E'Space",4,许,1558185157,2019/5/18 13:12:37,中文(简体) - 百度输入法,无许可证排污水最高可罚50万元,
