﻿ID,TID,Keyboard,KeyLength,MapText,TimeStamp,Time,IME,CurText
1,8,"S'H'U'S'Back'H'O'U'Z'H'E'N'D'U'A'N'Space",17,术后诊断,1558187943,2019/5/18 13:59:02,搜狗拼音输入法,术后诊断,
2,8,"LeftShift'LeftShift'LeftShift'LeftShift'Oem1",5, ,1558187944,2019/5/18 13:59:04,搜狗拼音输入法,术后诊断 ,
3,8,"S'H'U'A'N'G'L'U'A'N'C'H'A'O'Space",15,：双卵巢,1558187950,2019/5/18 13:59:10,搜狗拼音输入法,术后诊断：双卵巢,
4,8,"X'I'A'N'A'I'D3",7,腺癌,1558187954,2019/5/18 13:59:13,搜狗拼音输入法,术后诊断：双卵巢腺癌,
5,8,"Capital'I",2,I,1558187955,2019/5/18 13:59:14,搜狗拼音输入法,术后诊断：双卵巢腺癌I,
6,8,I,1,I,1558187955,2019/5/18 13:59:14,搜狗拼音输入法,术后诊断：双卵巢腺癌II,
7,8,B,1,B,1558187955,2019/5/18 13:59:15,搜狗拼音输入法,术后诊断：双卵巢腺癌IIB,
8,8,V,1,V,1558187955,2019/5/18 13:59:15,搜狗拼音输入法,术后诊断：双卵巢腺癌IIBV,
9,8,Back,1,-V,1558187957,2019/5/18 13:59:16,搜狗拼音输入法,术后诊断：双卵巢腺癌IIB,
10,8,"Capital'Q'I'OemPlus'D1",5,期,1558187960,2019/5/18 13:59:20,搜狗拼音输入法,术后诊断：双卵巢腺癌IIB期,
11,8,OemPeriod,1, ,1558187962,2019/5/18 13:59:21,搜狗拼音输入法,术后诊断：双卵巢腺癌IIB期 ,
