﻿ID,TID,Keyboard,KeyLength,MapText,TimeStamp,Time,IME,CurText
1,8,"S'H'U'H'O'U'Space",7,术后,1558278666,2019/5/19 15:11:06,搜狗输入法医生版,术后,
2,8,"Z'H'E'N'D'U'A'N'Space",9,诊断,1558278668,2019/5/19 15:11:08,搜狗输入法医生版,术后诊断,
3,8,"LeftShift'Oem1",2, ,1558278669,2019/5/19 15:11:09,搜狗输入法医生版,术后诊断 ,
4,8,"S'H'U'A'N'G'L'U'A'N'C'Space",12,：双卵巢,1558278673,2019/5/19 15:11:13,搜狗输入法医生版,术后诊断：双卵巢,
5,8,"X'I'A'N'A'I'Back'Back'A'I'Back'Back'OemQuotes'A'I'Space",16,腺癌,1558278679,2019/5/19 15:11:18,搜狗输入法医生版,术后诊断：双卵巢腺癌,
6,8,"Capital'I",2,I,1558278680,2019/5/19 15:11:20,搜狗输入法医生版,术后诊断：双卵巢腺癌I,
7,8,I,1,I,1558278681,2019/5/19 15:11:20,搜狗输入法医生版,术后诊断：双卵巢腺癌II,
8,8,B,1,B,1558278681,2019/5/19 15:11:21,搜狗输入法医生版,术后诊断：双卵巢腺癌IIB,
9,8,"Capital'Q'I'OemPlus'Space",5,期,1558278684,2019/5/19 15:11:23,搜狗输入法医生版,术后诊断：双卵巢腺癌IIB期,
10,8,OemPeriod,1, ,1558278685,2019/5/19 15:11:25,搜狗输入法医生版,术后诊断：双卵巢腺癌IIB期 ,
