﻿ID,TID,Keyboard,KeyLength,MapText,TimeStamp,Time,IME,CurText
1,7,"W'U'X'U'J'E'Z'H'E'G'OemPlus'OemPlus'OemPlus'OemPlus'OemPlus'OemPlus'OemPlus'Back'Back'Back'Back'Back'Back'K'E'Z'H'E'N'G'Space",31,无许可证,1558278316,2019/5/19 15:05:15,中文(简体) - 百度输入法,无许可证,
2,7,"P'A'I'W'U'S'H'U'I'Space",10,排污水,1558278319,2019/5/19 15:05:18,中文(简体) - 百度输入法,无许可证排污水,
3,7,"Z'U'I'G'A'O'K'E'F'A'Space",11,最高可罚,1558278322,2019/5/19 15:05:21,中文(简体) - 百度输入法,无许可证排污水最高可罚,
4,7,D5,1,5,1558278323,2019/5/19 15:05:23,中文(简体) - 百度输入法,无许可证排污水最高可罚5,
5,7,D0,1,0,1558278324,2019/5/19 15:05:23,中文(简体) - 百度输入法,无许可证排污水最高可罚50,
6,7,"W'A'N'Y'U'A'N'Space",8,万元,1558278325,2019/5/19 15:05:25,中文(简体) - 百度输入法,无许可证排污水最高可罚50万元,
7,1,"R'A'B'G'F'W'I'N'OemMinus'OemMinus'OemMinus'OemMinus'OemMinus'OemMinus'OemMinus'OemMinus'OemMinus'OemMinus'OemPlus'Back'Back'Back'Back'Back'Back'Back'Back'Back'Back'Back'Back'Back'Back'Back'Back'Back'Back'Back'Back'Back'Back'Back'Back'Back'Back'Back'R'W'M'Space",50,让我们,1558278338,2019/5/19 15:05:37,中文(简体) - 百度输入法,让我们,
8,1,"G'O'N'G'T'Space",6,共同,1558278339,2019/5/19 15:05:39,中文(简体) - 百度输入法,让我们共同,
9,1,"W'E'I'J'I'A'N'S'H'E'D2",11,为建设,1558278344,2019/5/19 15:05:43,中文(简体) - 百度输入法,让我们共同为建设,
10,1,"Y'I'G'Space",4,一个,1558278345,2019/5/19 15:05:44,中文(简体) - 百度输入法,让我们共同为建设一个,
11,1,"G'E'N'G'J'Space",6,更加,1558278346,2019/5/19 15:05:46,中文(简体) - 百度输入法,让我们共同为建设一个更加,
12,1,"F'U'Y'U'Space",5,富裕,1558278348,2019/5/19 15:05:48,中文(简体) - 百度输入法,让我们共同为建设一个更加富裕,
13,1,OemQuestion,1,、,1558278349,2019/5/19 15:05:49,中文(简体) - 百度输入法,让我们共同为建设一个更加富裕、,
14,1,"H'E'X'I'E'Space",6,和谐,1558278352,2019/5/19 15:05:52,中文(简体) - 百度输入法,让我们共同为建设一个更加富裕、和谐,
15,1,OemQuestion,1,、,1558278353,2019/5/19 15:05:52,中文(简体) - 百度输入法,让我们共同为建设一个更加富裕、和谐、,
16,1,"X'I'N'G'F'U'Space",7,幸福,1558278355,2019/5/19 15:05:55,中文(简体) - 百度输入法,让我们共同为建设一个更加富裕、和谐、幸福,
17,1,OemQuestion,1,、,1558278356,2019/5/19 15:05:55,中文(简体) - 百度输入法,让我们共同为建设一个更加富裕、和谐、幸福、,
18,1,"F'A'Z'H'I'D3",6,法治,1558278360,2019/5/19 15:06:00,中文(简体) - 百度输入法,让我们共同为建设一个更加富裕、和谐、幸福、法治,
19,1,OemQuestion,1,、,1558278361,2019/5/19 15:06:00,中文(简体) - 百度输入法,让我们共同为建设一个更加富裕、和谐、幸福、法治、,
20,1,"W'E'N'M'Space",5,文明,1558278362,2019/5/19 15:06:02,中文(简体) - 百度输入法,让我们共同为建设一个更加富裕、和谐、幸福、法治、文明,
21,1,OemQuestion,1,、,1558278363,2019/5/19 15:06:02,中文(简体) - 百度输入法,让我们共同为建设一个更加富裕、和谐、幸福、法治、文明、,
22,1,"M'E'I'L'I'Space",6,美丽,1558278364,2019/5/19 15:06:04,中文(简体) - 百度输入法,让我们共同为建设一个更加富裕、和谐、幸福、法治、文明、美丽,
23,1,"D'E'Space",3,的,1558278365,2019/5/19 15:06:04,中文(简体) - 百度输入法,让我们共同为建设一个更加富裕、和谐、幸福、法治、文明、美丽的,
24,1,"S'H'E'H'U'I'Z'H'U'Y'I'Space",12,社会主义,1558278367,2019/5/19 15:06:07,中文(简体) - 百度输入法,让我们共同为建设一个更加富裕、和谐、幸福、法治、文明、美丽的社会主义,
25,1,"X'I'N'X'I'Z'A'N'G'Space",10,新西藏,1558278370,2019/5/19 15:06:10,中文(简体) - 百度输入法,让我们共同为建设一个更加富裕、和谐、幸福、法治、文明、美丽的社会主义新西藏,
26,1,"E'R'Space",3,二,1558278371,2019/5/19 15:06:10,中文(简体) - 百度输入法,让我们共同为建设一个更加富裕、和谐、幸福、法治、文明、美丽的社会主义新西藏二,
27,1,Back,1,-二,1558278372,2019/5/19 15:06:11,中文(简体) - 百度输入法,让我们共同为建设一个更加富裕、和谐、幸福、法治、文明、美丽的社会主义新西藏,
28,1,"E'R'Space",3,二,1558278373,2019/5/19 15:06:12,中文(简体) - 百度输入法,让我们共同为建设一个更加富裕、和谐、幸福、法治、文明、美丽的社会主义新西藏二,
29,1,Back,1,-二,1558278373,2019/5/19 15:06:13,中文(简体) - 百度输入法,让我们共同为建设一个更加富裕、和谐、幸福、法治、文明、美丽的社会主义新西藏,
30,1,"E'R'D2",3,而,1558278374,2019/5/19 15:06:14,中文(简体) - 百度输入法,让我们共同为建设一个更加富裕、和谐、幸福、法治、文明、美丽的社会主义新西藏而,
31,1,"N'U'L'I'F'E'N'D'Space",9,努力奋斗,1558278377,2019/5/19 15:06:16,中文(简体) - 百度输入法,让我们共同为建设一个更加富裕、和谐、幸福、法治、文明、美丽的社会主义新西藏而努力奋斗,
32,1,"Capital'LeftShift'D1",3,!,1558278379,2019/5/19 15:06:19,中文(简体) - 百度输入法,让我们共同为建设一个更加富裕、和谐、幸福、法治、文明、美丽的社会主义新西藏而努力奋斗!,
33,5,W,1,W,1558278386,2019/5/19 15:06:25,中文(简体) - 百度输入法,W,
34,5,Y,1,Y,1558278386,2019/5/19 15:06:25,中文(简体) - 百度输入法,WY,
35,5,OemPlus,1,=,1558278387,2019/5/19 15:06:26,中文(简体) - 百度输入法,WY=,
36,5,OemPlus,1,=,1558278387,2019/5/19 15:06:26,中文(简体) - 百度输入法,WY==,
37,5,OemPlus,1,=,1558278387,2019/5/19 15:06:26,中文(简体) - 百度输入法,WY===,
38,5,Back,1,-=,1558278387,2019/5/19 15:06:27,中文(简体) - 百度输入法,WY==,
39,5,Back,1,-=,1558278387,2019/5/19 15:06:27,中文(简体) - 百度输入法,WY=,
40,5,Back,1,-=,1558278388,2019/5/19 15:06:27,中文(简体) - 百度输入法,WY,
41,5,Back,1,-Y,1558278388,2019/5/19 15:06:27,中文(简体) - 百度输入法,W,
42,5,Back,1,-W,1558278388,2019/5/19 15:06:27,中文(简体) - 百度输入法,,
43,5,"Back'Back'Capital'W'U'X'U'K'E'Z'Space",11,无许可证,1558278392,2019/5/19 15:06:31,中文(简体) - 百度输入法,无许可证,
44,5,"P'A'I'W'U'S'H'U'I'Space",10,排污水,1558278396,2019/5/19 15:06:35,中文(简体) - 百度输入法,无许可证排污水,
45,5,"Z'U'I'G'A'O'Space",7,最高,1558278397,2019/5/19 15:06:36,中文(简体) - 百度输入法,无许可证排污水最高,
46,5,"K'E'F'A'D5'D4",6,可罚,1558278401,2019/5/19 15:06:41,中文(简体) - 百度输入法,无许可证排污水最高可罚,
47,5,D5,1,5,1558278402,2019/5/19 15:06:41,中文(简体) - 百度输入法,无许可证排污水最高可罚5,
48,5,D0,1,0,1558278402,2019/5/19 15:06:42,中文(简体) - 百度输入法,无许可证排污水最高可罚50,
49,5,"W'A'N'Y'A'U'N'Space",8,万元,1558278404,2019/5/19 15:06:44,中文(简体) - 百度输入法,无许可证排污水最高可罚50万元,
