﻿ID,TID,Keyboard,KeyLength,MapText,TimeStamp,Time,IME,CurText
1,7,"W'U'X'U'K'E'Z'Space",8,无许可证,1558279053,2019/5/19 15:17:32,搜狗拼音输入法,无许可证,
2,7,"P'A'I'W'U'S'D2",7,排污水,1558279056,2019/5/19 15:17:36,搜狗拼音输入法,无许可证排污水,
3,7,"Z'U'I'G'A'O'Space",7,最高,1558279058,2019/5/19 15:17:37,搜狗拼音输入法,无许可证排污水最高,
4,7,"K'E'F'A'K'Back'U'A'N'Back'Back'Back'K'U'A'N'Space",17,可罚款,1558279066,2019/5/19 15:17:45,搜狗拼音输入法,无许可证排污水最高可罚款,
5,7,Back,1,-款,1558279066,2019/5/19 15:17:45,搜狗拼音输入法,无许可证排污水最高可罚,
6,7,D5,1,5,1558279068,2019/5/19 15:17:47,搜狗拼音输入法,无许可证排污水最高可罚5,
7,7,D0,1,0,1558279068,2019/5/19 15:17:47,搜狗拼音输入法,无许可证排污水最高可罚50,
8,7,"W'A'N'Y'A'U'N'Space",8,万元,1558279071,2019/5/19 15:17:50,搜狗拼音输入法,无许可证排污水最高可罚50万元,
