﻿ID,TID,Keyboard,KeyLength,MapText,TimeStamp,Time,IME,CurText
1,7,"W'U'X'U'K'E'Back'Z'D2",9,无许可证,1558279700,2019/5/19 15:28:19,搜狗输入法医生版,无许可证,
2,7,"P'A'I'W'S'H'U'I'Space",9,排污水,1558279703,2019/5/19 15:28:23,搜狗输入法医生版,无许可证排污水,
3,7,"Z'U'I'G'A'O'Space",7,最高,1558279705,2019/5/19 15:28:25,搜狗输入法医生版,无许可证排污水最高,
4,7,"K'E'F'A'D3'D3",6,可罚,1558279709,2019/5/19 15:28:29,搜狗输入法医生版,无许可证排污水最高可罚,
5,7,D5,1,5,1558279710,2019/5/19 15:28:29,搜狗输入法医生版,无许可证排污水最高可罚5,
6,7,D0,1,0,1558279710,2019/5/19 15:28:30,搜狗输入法医生版,无许可证排污水最高可罚50,
7,7,"W'A'N'Y'U'A'N'Space",8,万元,1558279712,2019/5/19 15:28:32,搜狗输入法医生版,无许可证排污水最高可罚50万元,
