﻿ID,TID,Keyboard,KeyLength,MapText,TimeStamp,Time,IME,CurText
1,7,"W'U'X'U'K'E'Z'Space",8,无许可证,1558279053,2019/5/19 15:17:32,搜狗拼音输入法,无许可证,
2,7,"P'A'I'W'U'S'D2",7,排污水,1558279056,2019/5/19 15:17:36,搜狗拼音输入法,无许可证排污水,
3,7,"Z'U'I'G'A'O'Space",7,最高,1558279058,2019/5/19 15:17:37,搜狗拼音输入法,无许可证排污水最高,
4,7,"K'E'F'A'K'Back'U'A'N'Back'Back'Back'K'U'A'N'Space",17,可罚款,1558279066,2019/5/19 15:17:45,搜狗拼音输入法,无许可证排污水最高可罚款,
5,7,Back,1,-款,1558279066,2019/5/19 15:17:45,搜狗拼音输入法,无许可证排污水最高可罚,
6,7,D5,1,5,1558279068,2019/5/19 15:17:47,搜狗拼音输入法,无许可证排污水最高可罚5,
7,7,D0,1,0,1558279068,2019/5/19 15:17:47,搜狗拼音输入法,无许可证排污水最高可罚50,
8,7,"W'A'N'Y'A'U'N'Space",8,万元,1558279071,2019/5/19 15:17:50,搜狗拼音输入法,无许可证排污水最高可罚50万元,
9,1,"R'A'N'G'W'O'M'Space",8,让我们,1558279076,2019/5/19 15:17:56,搜狗拼音输入法,让我们,
10,1,"G'O'N'G'T'Space",6,共同,1558279077,2019/5/19 15:17:57,搜狗拼音输入法,让我们共同,
11,1,"W'E'I'Space",4,为,1558279078,2019/5/19 15:17:58,搜狗拼音输入法,让我们共同为,
12,1,"J'I'A'N'S'H'E'Y'I'G'Space",11,建设一个,1558279080,2019/5/19 15:17:59,搜狗拼音输入法,让我们共同为建设一个,
13,1,"G'E'N'G'J'I'A'Space",8,更加,1558279081,2019/5/19 15:18:01,搜狗拼音输入法,让我们共同为建设一个更加,
14,1,"F'U'Y'Space",4,富有,1558279082,2019/5/19 15:18:02,搜狗拼音输入法,让我们共同为建设一个更加富有,
15,1,Back,1,-有,1558279083,2019/5/19 15:18:02,搜狗拼音输入法,让我们共同为建设一个更加富,
16,1,Back,1,-富,1558279083,2019/5/19 15:18:03,搜狗拼音输入法,让我们共同为建设一个更加,
17,1,"F'U'U'Space",4,付,1558279084,2019/5/19 15:18:04,搜狗拼音输入法,让我们共同为建设一个更加付,
18,1,Back,1,-付,1558279085,2019/5/19 15:18:04,搜狗拼音输入法,让我们共同为建设一个更加,
19,1,"F'U'U'Back'Y'U'Space",7,富裕,1558279087,2019/5/19 15:18:07,搜狗拼音输入法,让我们共同为建设一个更加富裕,
20,1,OemQuestion,1, ,1558279088,2019/5/19 15:18:07,搜狗拼音输入法,让我们共同为建设一个更加富裕 ,
21,1,"H'E'X'I'E'Space",6,、和谐,1558279091,2019/5/19 15:18:10,搜狗拼音输入法,让我们共同为建设一个更加富裕、和谐,
22,1,OemQuestion,1, ,1558279091,2019/5/19 15:18:11,搜狗拼音输入法,让我们共同为建设一个更加富裕、和谐 ,
23,1,"X'I'N'G'F'U'Space",7,、幸福,1558279093,2019/5/19 15:18:12,搜狗拼音输入法,让我们共同为建设一个更加富裕、和谐、幸福,
24,1,OemQuestion,1, ,1558279094,2019/5/19 15:18:13,搜狗拼音输入法,让我们共同为建设一个更加富裕、和谐、幸福 ,
25,1,"F'A'Z'H'I'D2",6,、发至,1558279096,2019/5/19 15:18:16,搜狗拼音输入法,让我们共同为建设一个更加富裕、和谐、幸福、发至,
26,1,Back,1,-至,1558279097,2019/5/19 15:18:16,搜狗拼音输入法,让我们共同为建设一个更加富裕、和谐、幸福、发,
27,1,Back,1,-发,1558279097,2019/5/19 15:18:16,搜狗拼音输入法,让我们共同为建设一个更加富裕、和谐、幸福、,
28,1,"F'A'Z'H'I'D3",6,法治,1558279099,2019/5/19 15:18:18,搜狗拼音输入法,让我们共同为建设一个更加富裕、和谐、幸福、法治,
29,1,OemQuestion,1, ,1558279099,2019/5/19 15:18:18,搜狗拼音输入法,让我们共同为建设一个更加富裕、和谐、幸福、法治 ,
30,1,"W'E'N'M'Space",5,、文明,1558279100,2019/5/19 15:18:20,搜狗拼音输入法,让我们共同为建设一个更加富裕、和谐、幸福、法治、文明,
31,1,OemQuestion,1, ,1558279101,2019/5/19 15:18:21,搜狗拼音输入法,让我们共同为建设一个更加富裕、和谐、幸福、法治、文明 ,
32,1,"M'E'I'L'I'Space",6,、美丽,1558279102,2019/5/19 15:18:22,搜狗拼音输入法,让我们共同为建设一个更加富裕、和谐、幸福、法治、文明、美丽,
33,1,"D'E'Space",3,的,1558279103,2019/5/19 15:18:22,搜狗拼音输入法,让我们共同为建设一个更加富裕、和谐、幸福、法治、文明、美丽的,
34,1,"S'H'E'H'U'I'Z'H'U'Y'Space",11,社会主义,1558279105,2019/5/19 15:18:25,搜狗拼音输入法,让我们共同为建设一个更加富裕、和谐、幸福、法治、文明、美丽的社会主义,
35,1,"X'I'N'X'I'Z'A'N'G'Space",10,新西藏,1558279107,2019/5/19 15:18:27,搜狗拼音输入法,让我们共同为建设一个更加富裕、和谐、幸福、法治、文明、美丽的社会主义新西藏,
36,1,"E'R'Space",3,二,1558279109,2019/5/19 15:18:28,搜狗拼音输入法,让我们共同为建设一个更加富裕、和谐、幸福、法治、文明、美丽的社会主义新西藏二,
37,1,Back,1,-二,1558279109,2019/5/19 15:18:29,搜狗拼音输入法,让我们共同为建设一个更加富裕、和谐、幸福、法治、文明、美丽的社会主义新西藏,
38,1,"E'R'D3",3,而,1558279111,2019/5/19 15:18:30,搜狗拼音输入法,让我们共同为建设一个更加富裕、和谐、幸福、法治、文明、美丽的社会主义新西藏而,
39,1,"N'U'L'I'Space",5,努力,1558279112,2019/5/19 15:18:32,搜狗拼音输入法,让我们共同为建设一个更加富裕、和谐、幸福、法治、文明、美丽的社会主义新西藏而努力,
40,1,"F'E'N'D'Space",5,奋斗,1558279114,2019/5/19 15:18:33,搜狗拼音输入法,让我们共同为建设一个更加富裕、和谐、幸福、法治、文明、美丽的社会主义新西藏而努力奋斗,
41,1,"LeftShift'Oem3",2, ,1558279115,2019/5/19 15:18:34,搜狗拼音输入法,让我们共同为建设一个更加富裕、和谐、幸福、法治、文明、美丽的社会主义新西藏而努力奋斗 ,
42,1,Back,1,- ,1558279115,2019/5/19 15:18:35,搜狗拼音输入法,让我们共同为建设一个更加富裕、和谐、幸福、法治、文明、美丽的社会主义新西藏而努力奋斗,
43,1,"LeftShift'D1",2, ,1558279116,2019/5/19 15:18:35,搜狗拼音输入法,让我们共同为建设一个更加富裕、和谐、幸福、法治、文明、美丽的社会主义新西藏而努力奋斗 ,
44,5,"W'U'X'U'K'E'Z'Space",8,无许可证,1558279120,2019/5/19 15:18:40,搜狗拼音输入法,无许可证,
45,5,"P'A'I'S'Back'W'U'S'H'U'I'Space",12,排污水,1558279122,2019/5/19 15:18:42,搜狗拼音输入法,无许可证排污水,
46,5,"Z'U'I'G'Space",5,最高,1558279124,2019/5/19 15:18:43,搜狗拼音输入法,无许可证排污水最高,
47,5,"K'E'F'A'Space",5,可罚,1558279125,2019/5/19 15:18:45,搜狗拼音输入法,无许可证排污水最高可罚,
48,5,D5,1,5,1558279126,2019/5/19 15:18:46,搜狗拼音输入法,无许可证排污水最高可罚5,
49,5,D0,1,0,1558279127,2019/5/19 15:18:46,搜狗拼音输入法,无许可证排污水最高可罚50,
50,5,"W'A'N'Y'A'U'N'Space",8,万元,1558279128,2019/5/19 15:18:48,搜狗拼音输入法,无许可证排污水最高可罚50万元,
51,3,"B'E'N'C'I'Space",6,本次,1558279135,2019/5/19 15:18:54,搜狗拼音输入法,本次,
52,3,"G'Back'L'K'Back'Back'K'U'A'N'I'A'N'Space",14,跨年,1558279139,2019/5/19 15:18:58,搜狗拼音输入法,本次跨年,
53,3,"A'I'D'Back'Back'Back'P'A'I'D'F'Back'Space",13,派对,1558279144,2019/5/19 15:19:03,搜狗拼音输入法,本次跨年派对,
54,3,"S'Space",2,是,1558279145,2019/5/19 15:19:04,搜狗拼音输入法,本次跨年派对是,
55,3,"Q'U'A'N'G'Space",6,去昂,1558279146,2019/5/19 15:19:06,搜狗拼音输入法,本次跨年派对是去昂,
56,3,Back,1,-昂,1558279146,2019/5/19 15:19:06,搜狗拼音输入法,本次跨年派对是去,
57,3,Back,1,-去,1558279147,2019/5/19 15:19:06,搜狗拼音输入法,本次跨年派对是,
58,3,"Q'U'A'N'G'U'O'Space",8,全国,1558279148,2019/5/19 15:19:08,搜狗拼音输入法,本次跨年派对是全国,
59,3,"S'H'O'U'C'Space",6,首创,1558279149,2019/5/19 15:19:09,搜狗拼音输入法,本次跨年派对是全国首创,
60,3,"C'I'Back'Back'Back",5,-创,1558279151,2019/5/19 15:19:10,搜狗拼音输入法,本次跨年派对是全国首,
61,3,"C'O'I'Back'Back'I'Space",7,次,1558279154,2019/5/19 15:19:14,搜狗拼音输入法,本次跨年派对是全国首次,
62,3,"Y'O'U'D3",4,由,1558279157,2019/5/19 15:19:16,搜狗拼音输入法,本次跨年派对是全国首次由,
63,3,"Z'H'E'N'G'W'U'Space",8,政务,1558279159,2019/5/19 15:19:18,搜狗拼音输入法,本次跨年派对是全国首次由政务,
64,3,"W'E'I'B'Space",5,微博,1558279160,2019/5/19 15:19:19,搜狗拼音输入法,本次跨年派对是全国首次由政务微博,
65,3,"Y'U'Space",3,与,1558279161,2019/5/19 15:19:20,搜狗拼音输入法,本次跨年派对是全国首次由政务微博与,
66,3,"C'A'O'G'Space",5,草根,1558279163,2019/5/19 15:19:23,搜狗拼音输入法,本次跨年派对是全国首次由政务微博与草根,
67,3,"W'E'I'B'Space",5,微博,1558279165,2019/5/19 15:19:24,搜狗拼音输入法,本次跨年派对是全国首次由政务微博与草根微博,
68,3,OemQuestion,1, ,1558279165,2019/5/19 15:19:25,搜狗拼音输入法,本次跨年派对是全国首次由政务微博与草根微博 ,
69,3,"M'I'N'J'I'A'N'L'I'L'D2",11,、民间力量,1558279169,2019/5/19 15:19:28,搜狗拼音输入法,本次跨年派对是全国首次由政务微博与草根微博、民间力量,
70,3,"L'I'A'N'S'H'O'U'Space",9,练手,1558279171,2019/5/19 15:19:30,搜狗拼音输入法,本次跨年派对是全国首次由政务微博与草根微博、民间力量练手,
71,3,Back,1,-手,1558279171,2019/5/19 15:19:31,搜狗拼音输入法,本次跨年派对是全国首次由政务微博与草根微博、民间力量练,
72,3,Back,1,-练,1558279171,2019/5/19 15:19:31,搜狗拼音输入法,本次跨年派对是全国首次由政务微博与草根微博、民间力量,
73,3,"L'I'A'N'S'H'O'U'D2",9,联手,1558279173,2019/5/19 15:19:33,搜狗拼音输入法,本次跨年派对是全国首次由政务微博与草根微博、民间力量联手,
74,3,"J'U'B'Space",4,举报,1558279174,2019/5/19 15:19:34,搜狗拼音输入法,本次跨年派对是全国首次由政务微博与草根微博、民间力量联手举报,
75,3,"D'Back'Back",3,-报,1558279175,2019/5/19 15:19:35,搜狗拼音输入法,本次跨年派对是全国首次由政务微博与草根微博、民间力量联手举,
76,3,Back,1,-举,1558279175,2019/5/19 15:19:35,搜狗拼音输入法,本次跨年派对是全国首次由政务微博与草根微博、民间力量联手,
77,3,"J'U'B'A'N'Space",6,举办,1558279177,2019/5/19 15:19:36,搜狗拼音输入法,本次跨年派对是全国首次由政务微博与草根微博、民间力量联手举办,
78,3,"D'E'Space",3,的,1558279177,2019/5/19 15:19:36,搜狗拼音输入法,本次跨年派对是全国首次由政务微博与草根微博、民间力量联手举办的,
79,3,"A'Back'W'A'N'G'L'U'O'H'U'O'D'Space",14,网络活动,1558279181,2019/5/19 15:19:40,搜狗拼音输入法,本次跨年派对是全国首次由政务微博与草根微博、民间力量联手举办的网络活动,
80,3,"B'OemComma",2,吧，,1558279181,2019/5/19 15:19:41,搜狗拼音输入法,本次跨年派对是全国首次由政务微博与草根微博、民间力量联手举办的网络活动吧，,
81,3,"Y'E'S'H'I'Space",6,也是,1558279183,2019/5/19 15:19:42,搜狗拼音输入法,本次跨年派对是全国首次由政务微博与草根微博、民间力量联手举办的网络活动吧，也是,
82,3,D2,1,2,1558279184,2019/5/19 15:19:43,搜狗拼音输入法,本次跨年派对是全国首次由政务微博与草根微博、民间力量联手举办的网络活动吧，也是2,
83,3,D0,1,0,1558279184,2019/5/19 15:19:43,搜狗拼音输入法,本次跨年派对是全国首次由政务微博与草根微博、民间力量联手举办的网络活动吧，也是20,
84,3,D1,1,1,1558279184,2019/5/19 15:19:43,搜狗拼音输入法,本次跨年派对是全国首次由政务微博与草根微博、民间力量联手举办的网络活动吧，也是201,
85,3,D3,1,3,1558279184,2019/5/19 15:19:44,搜狗拼音输入法,本次跨年派对是全国首次由政务微博与草根微博、民间力量联手举办的网络活动吧，也是2013,
86,3,"N'A'I'N'Space",5,年,1558279185,2019/5/19 15:19:45,搜狗拼音输入法,本次跨年派对是全国首次由政务微博与草根微博、民间力量联手举办的网络活动吧，也是2013年,
87,3,"D'U'Space",3,度,1558279187,2019/5/19 15:19:46,搜狗拼音输入法,本次跨年派对是全国首次由政务微博与草根微博、民间力量联手举办的网络活动吧，也是2013年度,
88,3,"X'I'N'J'Space",5,新疆,1558279188,2019/5/19 15:19:48,搜狗拼音输入法,本次跨年派对是全国首次由政务微博与草根微博、民间力量联手举办的网络活动吧，也是2013年度新疆,
89,3,"W'A'N'G'L'U'O'W'H'D2",10,网络文化,1558279191,2019/5/19 15:19:50,搜狗拼音输入法,本次跨年派对是全国首次由政务微博与草根微博、民间力量联手举办的网络活动吧，也是2013年度新疆网络文化,
90,3,"X'I'L'I'E'Space",6,系列,1558279192,2019/5/19 15:19:52,搜狗拼音输入法,本次跨年派对是全国首次由政务微博与草根微博、民间力量联手举办的网络活动吧，也是2013年度新疆网络文化系列,
91,3,"H'U'O'D'O'N'G'Space",8,活动,1558279193,2019/5/19 15:19:53,搜狗拼音输入法,本次跨年派对是全国首次由政务微博与草根微博、民间力量联手举办的网络活动吧，也是2013年度新疆网络文化系列活动,
92,3,"Z'H'I'Y'I'Space",6,之一,1558279194,2019/5/19 15:19:54,搜狗拼音输入法,本次跨年派对是全国首次由政务微博与草根微博、民间力量联手举办的网络活动吧，也是2013年度新疆网络文化系列活动之一,
93,3,OemComma,1, ,1558279195,2019/5/19 15:19:54,搜狗拼音输入法,本次跨年派对是全国首次由政务微博与草根微博、民间力量联手举办的网络活动吧，也是2013年度新疆网络文化系列活动之一 ,
94,3,Back,1,- ,1558279195,2019/5/19 15:19:55,搜狗拼音输入法,本次跨年派对是全国首次由政务微博与草根微博、民间力量联手举办的网络活动吧，也是2013年度新疆网络文化系列活动之一,
95,3,OemPeriod,1, ,1558279195,2019/5/19 15:19:55,搜狗拼音输入法,本次跨年派对是全国首次由政务微博与草根微博、民间力量联手举办的网络活动吧，也是2013年度新疆网络文化系列活动之一 ,
96,3,"J'I'E'Z'H'U'Space",7,。借助,1558279197,2019/5/19 15:19:56,搜狗拼音输入法,本次跨年派对是全国首次由政务微博与草根微博、民间力量联手举办的网络活动吧，也是2013年度新疆网络文化系列活动之一。借助,
97,3,"W'N'A'G'L'U'O'P'Y'T'Back'T'Back'Back'T'Space",16,网络平台,1558279200,2019/5/19 15:20:00,搜狗拼音输入法,本次跨年派对是全国首次由政务微博与草根微博、民间力量联手举办的网络活动吧，也是2013年度新疆网络文化系列活动之一。借助网络平台,
98,3,"H'E'Space",3,和,1558279201,2019/5/19 15:20:01,搜狗拼音输入法,本次跨年派对是全国首次由政务微博与草根微博、民间力量联手举办的网络活动吧，也是2013年度新疆网络文化系列活动之一。借助网络平台和,
99,3,"P'A'I'D'U'I'M'S'H'I'D3'D3",12,排队模式,1558279207,2019/5/19 15:20:07,搜狗拼音输入法,本次跨年派对是全国首次由政务微博与草根微博、民间力量联手举办的网络活动吧，也是2013年度新疆网络文化系列活动之一。借助网络平台和排队模式,
100,3,OemComma,1, ,1558279208,2019/5/19 15:20:08,搜狗拼音输入法,本次跨年派对是全国首次由政务微博与草根微博、民间力量联手举办的网络活动吧，也是2013年度新疆网络文化系列活动之一。借助网络平台和排队模式 ,
101,3,"Z'H'U'D'A'Space",6,，主打,1558279210,2019/5/19 15:20:09,搜狗拼音输入法,本次跨年派对是全国首次由政务微博与草根微博、民间力量联手举办的网络活动吧，也是2013年度新疆网络文化系列活动之一。借助网络平台和排队模式，主打,
102,3,"S'H'I'S'H'A'N'G'Space",9,时尚,1558279211,2019/5/19 15:20:11,搜狗拼音输入法,本次跨年派对是全国首次由政务微博与草根微博、民间力量联手举办的网络活动吧，也是2013年度新疆网络文化系列活动之一。借助网络平台和排队模式，主打时尚,
103,3,"X'I'N'J'Space",5,新疆,1558279212,2019/5/19 15:20:12,搜狗拼音输入法,本次跨年派对是全国首次由政务微博与草根微博、民间力量联手举办的网络活动吧，也是2013年度新疆网络文化系列活动之一。借助网络平台和排队模式，主打时尚新疆,
104,3,OemComma,1, ,1558279212,2019/5/19 15:20:12,搜狗拼音输入法,本次跨年派对是全国首次由政务微博与草根微博、民间力量联手举办的网络活动吧，也是2013年度新疆网络文化系列活动之一。借助网络平台和排队模式，主打时尚新疆 ,
105,3,"C'H'U'A'N'V'B'O'Back'Back'Back'B'Space",13,，传播,1558279215,2019/5/19 15:20:15,搜狗拼音输入法,本次跨年派对是全国首次由政务微博与草根微博、民间力量联手举办的网络活动吧，也是2013年度新疆网络文化系列活动之一。借助网络平台和排队模式，主打时尚新疆，传播,
106,3,"Z'H'E'N'G'N'L'Space",8,正能量,1558279217,2019/5/19 15:20:16,搜狗拼音输入法,本次跨年派对是全国首次由政务微博与草根微博、民间力量联手举办的网络活动吧，也是2013年度新疆网络文化系列活动之一。借助网络平台和排队模式，主打时尚新疆，传播正能量,
107,3,OemComma,1, ,1558279217,2019/5/19 15:20:16,搜狗拼音输入法,本次跨年派对是全国首次由政务微博与草根微博、民间力量联手举办的网络活动吧，也是2013年度新疆网络文化系列活动之一。借助网络平台和排队模式，主打时尚新疆，传播正能量 ,
108,3,"R'A'N'G'Space",5,，让,1558279218,2019/5/19 15:20:18,搜狗拼音输入法,本次跨年派对是全国首次由政务微博与草根微博、民间力量联手举办的网络活动吧，也是2013年度新疆网络文化系列活动之一。借助网络平台和排队模式，主打时尚新疆，传播正能量，让,
109,3,"G'E'N'G'D'D'R'D2",8,更多的人,1558279221,2019/5/19 15:20:21,搜狗拼音输入法,本次跨年派对是全国首次由政务微博与草根微博、民间力量联手举办的网络活动吧，也是2013年度新疆网络文化系列活动之一。借助网络平台和排队模式，主打时尚新疆，传播正能量，让更多的人,
110,3,"K'A'N'D'Space",5,看到,1558279223,2019/5/19 15:20:23,搜狗拼音输入法,本次跨年派对是全国首次由政务微博与草根微博、民间力量联手举办的网络活动吧，也是2013年度新疆网络文化系列活动之一。借助网络平台和排队模式，主打时尚新疆，传播正能量，让更多的人看到,
111,3,"X'I'N'J'Space",5,新疆,1558279224,2019/5/19 15:20:24,搜狗拼音输入法,本次跨年派对是全国首次由政务微博与草根微博、民间力量联手举办的网络活动吧，也是2013年度新疆网络文化系列活动之一。借助网络平台和排队模式，主打时尚新疆，传播正能量，让更多的人看到新疆,
112,3,"D'Space",2,的,1558279225,2019/5/19 15:20:24,搜狗拼音输入法,本次跨年派对是全国首次由政务微博与草根微博、民间力量联手举办的网络活动吧，也是2013年度新疆网络文化系列活动之一。借助网络平台和排队模式，主打时尚新疆，传播正能量，让更多的人看到新疆的,
113,3,"F'A'Z'B'H'Space",6,发展变化,1558279228,2019/5/19 15:20:27,搜狗拼音输入法,本次跨年派对是全国首次由政务微博与草根微博、民间力量联手举办的网络活动吧，也是2013年度新疆网络文化系列活动之一。借助网络平台和排队模式，主打时尚新疆，传播正能量，让更多的人看到新疆的发展变化,
114,3,OemPeriod,1, ,1558279228,2019/5/19 15:20:28,搜狗拼音输入法,本次跨年派对是全国首次由政务微博与草根微博、民间力量联手举办的网络活动吧，也是2013年度新疆网络文化系列活动之一。借助网络平台和排队模式，主打时尚新疆，传播正能量，让更多的人看到新疆的发展变化 ,
