﻿ID,TID,Keyboard,KeyLength,MapText,TimeStamp,Time,IME,CurText
1,7,"W'U'X'U'K'E'Back'Z'D2",9,无许可证,1558279700,2019/5/19 15:28:19,搜狗输入法医生版,无许可证,
2,7,"P'A'I'W'S'H'U'I'Space",9,排污水,1558279703,2019/5/19 15:28:23,搜狗输入法医生版,无许可证排污水,
3,7,"Z'U'I'G'A'O'Space",7,最高,1558279705,2019/5/19 15:28:25,搜狗输入法医生版,无许可证排污水最高,
4,7,"K'E'F'A'D3'D3",6,可罚,1558279709,2019/5/19 15:28:29,搜狗输入法医生版,无许可证排污水最高可罚,
5,7,D5,1,5,1558279710,2019/5/19 15:28:29,搜狗输入法医生版,无许可证排污水最高可罚5,
6,7,D0,1,0,1558279710,2019/5/19 15:28:30,搜狗输入法医生版,无许可证排污水最高可罚50,
7,7,"W'A'N'Y'U'A'N'Space",8,万元,1558279712,2019/5/19 15:28:32,搜狗输入法医生版,无许可证排污水最高可罚50万元,
8,1,"R'A'N'G'W'M'Space",7,让我们,1558279718,2019/5/19 15:28:37,搜狗输入法医生版,让我们,
9,1,"G'O'N'G'T'R'OemPlus'Back'Space",9,共同,1558279721,2019/5/19 15:28:40,搜狗输入法医生版,让我们共同,
10,1,"W'E'I'Space",4,为,1558279722,2019/5/19 15:28:41,搜狗输入法医生版,让我们共同为,
11,1,"J'I'A'N'S'Space",6,建设,1558279723,2019/5/19 15:28:42,搜狗输入法医生版,让我们共同为建设,
12,1,"Y'I'G'Space",4,一个,1558279724,2019/5/19 15:28:43,搜狗输入法医生版,让我们共同为建设一个,
13,1,"G'E'N'G'J'Space",6,更加,1558279725,2019/5/19 15:28:44,搜狗输入法医生版,让我们共同为建设一个更加,
14,1,"F'D'Back'Y'U'Space",6,富裕,1558279728,2019/5/19 15:28:47,搜狗输入法医生版,让我们共同为建设一个更加富裕,
15,1,OemQuestion,1, ,1558279729,2019/5/19 15:28:48,搜狗输入法医生版,让我们共同为建设一个更加富裕 ,
16,1,"H'E'X'D2",4,、和谐,1558279731,2019/5/19 15:28:50,搜狗输入法医生版,让我们共同为建设一个更加富裕、和谐,
17,1,OemQuestion,1, ,1558279731,2019/5/19 15:28:50,搜狗输入法医生版,让我们共同为建设一个更加富裕、和谐 ,
18,1,"X'F'D2",3,、幸福,1558279733,2019/5/19 15:28:53,搜狗输入法医生版,让我们共同为建设一个更加富裕、和谐、幸福,
19,1,OemQuestion,1, ,1558279734,2019/5/19 15:28:53,搜狗输入法医生版,让我们共同为建设一个更加富裕、和谐、幸福 ,
20,1,"F'A'Z'H'I'D3",6,、法治,1558279738,2019/5/19 15:28:57,搜狗输入法医生版,让我们共同为建设一个更加富裕、和谐、幸福、法治,
21,1,OemQuestion,1, ,1558279738,2019/5/19 15:28:57,搜狗输入法医生版,让我们共同为建设一个更加富裕、和谐、幸福、法治 ,
22,1,"W'E'N'M'Space",5,、文明,1558279740,2019/5/19 15:28:59,搜狗输入法医生版,让我们共同为建设一个更加富裕、和谐、幸福、法治、文明,
23,1,OemQuestion,1, ,1558279740,2019/5/19 15:29:00,搜狗输入法医生版,让我们共同为建设一个更加富裕、和谐、幸福、法治、文明 ,
24,1,"M'E'I'L'I'Space",6,、美丽,1558279741,2019/5/19 15:29:01,搜狗输入法医生版,让我们共同为建设一个更加富裕、和谐、幸福、法治、文明、美丽,
25,1,"D'Space",2,的,1558279741,2019/5/19 15:29:01,搜狗输入法医生版,让我们共同为建设一个更加富裕、和谐、幸福、法治、文明、美丽的,
26,1,"S'H'E'H'U'I'Z'H'U'Y'Space",11,社会主义,1558279743,2019/5/19 15:29:03,搜狗输入法医生版,让我们共同为建设一个更加富裕、和谐、幸福、法治、文明、美丽的社会主义,
27,1,"X'I'N'X'I'Z'A'N'G'F'Space",11,新西藏分,1558279747,2019/5/19 15:29:07,搜狗输入法医生版,让我们共同为建设一个更加富裕、和谐、幸福、法治、文明、美丽的社会主义新西藏分,
28,1,Back,1,-分,1558279748,2019/5/19 15:29:07,搜狗输入法医生版,让我们共同为建设一个更加富裕、和谐、幸福、法治、文明、美丽的社会主义新西藏,
29,1,"E'R'D3",3,而,1558279750,2019/5/19 15:29:09,搜狗输入法医生版,让我们共同为建设一个更加富裕、和谐、幸福、法治、文明、美丽的社会主义新西藏而,
30,1,"N'U'L'I'F'D'Space",7,努力奋斗,1558279751,2019/5/19 15:29:11,搜狗输入法医生版,让我们共同为建设一个更加富裕、和谐、幸福、法治、文明、美丽的社会主义新西藏而努力奋斗,
31,1,"LeftShift'D1",2, ,1558279752,2019/5/19 15:29:12,搜狗输入法医生版,让我们共同为建设一个更加富裕、和谐、幸福、法治、文明、美丽的社会主义新西藏而努力奋斗 ,
32,5,"W'U'X'U'K'Z'Space",7,无许可证,1558279758,2019/5/19 15:29:17,搜狗输入法医生版,无许可证,
33,5,"P'A'I'W'S'Space",6,排污水,1558279760,2019/5/19 15:29:19,搜狗输入法医生版,无许可证排污水,
34,5,"Z'I'Back'G'A'O'Space",7,最高,1558279762,2019/5/19 15:29:22,搜狗输入法医生版,无许可证排污水最高,
35,5,"K'E'F'A'Space",5,可罚,1558279763,2019/5/19 15:29:23,搜狗输入法医生版,无许可证排污水最高可罚,
36,5,D5,1,5,1558279764,2019/5/19 15:29:24,搜狗输入法医生版,无许可证排污水最高可罚5,
37,5,D0,1,0,1558279765,2019/5/19 15:29:24,搜狗输入法医生版,无许可证排污水最高可罚50,
38,5,"A'W'Back'Back'W'A'N'Y'U'A'N'Space",12,万元,1558279767,2019/5/19 15:29:27,搜狗输入法医生版,无许可证排污水最高可罚50万元,
39,3,"B'E'N'C'I'Space",6,本次,1558279771,2019/5/19 15:29:30,搜狗输入法医生版,本次,
40,3,"K'U'A'N'I'A'N'Space",8,跨年,1558279773,2019/5/19 15:29:33,搜狗输入法医生版,本次跨年,
41,3,"P'A'I'D'Space",5,派对,1558279775,2019/5/19 15:29:35,搜狗输入法医生版,本次跨年派对,
42,3,"S'H'I'Space",4,是,1558279776,2019/5/19 15:29:36,搜狗输入法医生版,本次跨年派对是,
43,3,"Q'U'A'N'G'Back'G'U'O'Space",10,全国,1558279780,2019/5/19 15:29:39,搜狗输入法医生版,本次跨年派对是全国,
44,3,"S'H'O'U'C'I'Space",7,首次,1558279782,2019/5/19 15:29:41,搜狗输入法医生版,本次跨年派对是全国首次,
45,3,"Y'O'U'D2",4,由,1558279783,2019/5/19 15:29:42,搜狗输入法医生版,本次跨年派对是全国首次由,
46,3,"Z'H'E'N'G'W'U'Z'Back'Space",10,政务,1558279785,2019/5/19 15:29:45,搜狗输入法医生版,本次跨年派对是全国首次由政务,
47,3,"W'E'I'B'Space",5,微博,1558279787,2019/5/19 15:29:46,搜狗输入法医生版,本次跨年派对是全国首次由政务微博,
48,3,"H'E'Back'Back'Y'D8",6,用户,1558279789,2019/5/19 15:29:48,搜狗输入法医生版,本次跨年派对是全国首次由政务微博用户,
49,3,"U'Back'Back",3,-户,1558279790,2019/5/19 15:29:49,搜狗输入法医生版,本次跨年派对是全国首次由政务微博用,
50,3,Back,1,-用,1558279790,2019/5/19 15:29:49,搜狗输入法医生版,本次跨年派对是全国首次由政务微博,
51,3,"Y'U'Space",3,与,1558279791,2019/5/19 15:29:50,搜狗输入法医生版,本次跨年派对是全国首次由政务微博与,
52,3,"C'A'O'G'Space",5,草根,1558279792,2019/5/19 15:29:52,搜狗输入法医生版,本次跨年派对是全国首次由政务微博与草根,
53,3,"W'E'I'B'Space",5,微博,1558279794,2019/5/19 15:29:53,搜狗输入法医生版,本次跨年派对是全国首次由政务微博与草根微博,
54,3,OemQuestion,1, ,1558279794,2019/5/19 15:29:54,搜狗输入法医生版,本次跨年派对是全国首次由政务微博与草根微博 ,
55,3,"M'I'N'J'Space",5,、民间,1558279796,2019/5/19 15:29:55,搜狗输入法医生版,本次跨年派对是全国首次由政务微博与草根微博、民间,
56,3,"L'I'L'Space",4,力量,1558279797,2019/5/19 15:29:56,搜狗输入法医生版,本次跨年派对是全国首次由政务微博与草根微博、民间力量,
57,3,"L'I'A'N'S'H'O'U'Space",9,练手,1558279798,2019/5/19 15:29:58,搜狗输入法医生版,本次跨年派对是全国首次由政务微博与草根微博、民间力量练手,
58,3,Back,1,-手,1558279798,2019/5/19 15:29:58,搜狗输入法医生版,本次跨年派对是全国首次由政务微博与草根微博、民间力量练,
59,3,Back,1,-练,1558279799,2019/5/19 15:29:58,搜狗输入法医生版,本次跨年派对是全国首次由政务微博与草根微博、民间力量,
60,3,"L'I'A'N'S'H'O'U'D2",9,联手,1558279800,2019/5/19 15:30:00,搜狗输入法医生版,本次跨年派对是全国首次由政务微博与草根微博、民间力量联手,
61,3,"J'U'B'Space",4,举办,1558279801,2019/5/19 15:30:01,搜狗输入法医生版,本次跨年派对是全国首次由政务微博与草根微博、民间力量联手举办,
62,3,"D'E'Space",3,的,1558279802,2019/5/19 15:30:01,搜狗输入法医生版,本次跨年派对是全国首次由政务微博与草根微博、民间力量联手举办的,
63,3,"W'A'N'G'L'Space",6,网络,1558279803,2019/5/19 15:30:03,搜狗输入法医生版,本次跨年派对是全国首次由政务微博与草根微博、民间力量联手举办的网络,
64,3,"H'U'O'D'Space",5,活动,1558279805,2019/5/19 15:30:04,搜狗输入法医生版,本次跨年派对是全国首次由政务微博与草根微博、民间力量联手举办的网络活动,
65,3,OemComma,1, ,1558279805,2019/5/19 15:30:05,搜狗输入法医生版,本次跨年派对是全国首次由政务微博与草根微博、民间力量联手举办的网络活动 ,
66,3,"Y'E'S'Space",4,，也是,1558279807,2019/5/19 15:30:06,搜狗输入法医生版,本次跨年派对是全国首次由政务微博与草根微博、民间力量联手举办的网络活动，也是,
67,3,D2,1,2,1558279807,2019/5/19 15:30:07,搜狗输入法医生版,本次跨年派对是全国首次由政务微博与草根微博、民间力量联手举办的网络活动，也是2,
68,3,D0,1,0,1558279807,2019/5/19 15:30:07,搜狗输入法医生版,本次跨年派对是全国首次由政务微博与草根微博、民间力量联手举办的网络活动，也是20,
69,3,D1,1,1,1558279808,2019/5/19 15:30:07,搜狗输入法医生版,本次跨年派对是全国首次由政务微博与草根微博、民间力量联手举办的网络活动，也是201,
70,3,D3,1,3,1558279808,2019/5/19 15:30:07,搜狗输入法医生版,本次跨年派对是全国首次由政务微博与草根微博、民间力量联手举办的网络活动，也是2013,
71,3,"N'I'A'N'D'Space",6,年度,1558279810,2019/5/19 15:30:09,搜狗输入法医生版,本次跨年派对是全国首次由政务微博与草根微博、民间力量联手举办的网络活动，也是2013年度,
72,3,"X'I'N'J'Space",5,新建,1558279811,2019/5/19 15:30:11,搜狗输入法医生版,本次跨年派对是全国首次由政务微博与草根微博、民间力量联手举办的网络活动，也是2013年度新建,
73,3,"W'N'A'G'L'U'O'Space",8,网络,1558279813,2019/5/19 15:30:12,搜狗输入法医生版,本次跨年派对是全国首次由政务微博与草根微博、民间力量联手举办的网络活动，也是2013年度新建网络,
74,3,"W'H'Space",3,文化,1558279814,2019/5/19 15:30:14,搜狗输入法医生版,本次跨年派对是全国首次由政务微博与草根微博、民间力量联手举办的网络活动，也是2013年度新建网络文化,
75,3,"X'I'H'Back'L'H'D'Space",8,系列活动,1558279817,2019/5/19 15:30:16,搜狗输入法医生版,本次跨年派对是全国首次由政务微博与草根微博、民间力量联手举办的网络活动，也是2013年度新建网络文化系列活动,
76,3,"Z'H'I'Y'Space",5,之一,1558279818,2019/5/19 15:30:17,搜狗输入法医生版,本次跨年派对是全国首次由政务微博与草根微博、民间力量联手举办的网络活动，也是2013年度新建网络文化系列活动之一,
77,3,OemPeriod,1, ,1558279818,2019/5/19 15:30:18,搜狗输入法医生版,本次跨年派对是全国首次由政务微博与草根微博、民间力量联手举办的网络活动，也是2013年度新建网络文化系列活动之一 ,
78,3,"J'I'E'Z'H'U'Space",7,。借助,1558279821,2019/5/19 15:30:20,搜狗输入法医生版,本次跨年派对是全国首次由政务微博与草根微博、民间力量联手举办的网络活动，也是2013年度新建网络文化系列活动之一。借助,
79,3,"W'A'N'G'L'P'Y'T'Back'Back'T'Space",12,网络平台,1558279825,2019/5/19 15:30:24,搜狗输入法医生版,本次跨年派对是全国首次由政务微博与草根微博、民间力量联手举办的网络活动，也是2013年度新建网络文化系列活动之一。借助网络平台,
80,3,"H'E'Space",3,和,1558279826,2019/5/19 15:30:25,搜狗输入法医生版,本次跨年派对是全国首次由政务微博与草根微博、民间力量联手举办的网络活动，也是2013年度新建网络文化系列活动之一。借助网络平台和,
81,3,"P'A'I'T'D'U'Back'Back'D'Back'D'Back'Back'D'Space",15,派对,1558279830,2019/5/19 15:30:29,搜狗输入法医生版,本次跨年派对是全国首次由政务微博与草根微博、民间力量联手举办的网络活动，也是2013年度新建网络文化系列活动之一。借助网络平台和派对,
82,3,"M'O'S'Space",4,模式,1558279831,2019/5/19 15:30:31,搜狗输入法医生版,本次跨年派对是全国首次由政务微博与草根微博、民间力量联手举办的网络活动，也是2013年度新建网络文化系列活动之一。借助网络平台和派对模式,
83,3,OemComma,1, ,1558279832,2019/5/19 15:30:31,搜狗输入法医生版,本次跨年派对是全国首次由政务微博与草根微博、民间力量联手举办的网络活动，也是2013年度新建网络文化系列活动之一。借助网络平台和派对模式 ,
84,3,"Z'H'U'D'A'Space",6,，主打,1558279833,2019/5/19 15:30:32,搜狗输入法医生版,本次跨年派对是全国首次由政务微博与草根微博、民间力量联手举办的网络活动，也是2013年度新建网络文化系列活动之一。借助网络平台和派对模式，主打,
85,3,"S'H'I'S'Space",5,时尚,1558279834,2019/5/19 15:30:34,搜狗输入法医生版,本次跨年派对是全国首次由政务微博与草根微博、民间力量联手举办的网络活动，也是2013年度新建网络文化系列活动之一。借助网络平台和派对模式，主打时尚,
86,3,"X'I'N'J'Space",5,新建,1558279835,2019/5/19 15:30:35,搜狗输入法医生版,本次跨年派对是全国首次由政务微博与草根微博、民间力量联手举办的网络活动，也是2013年度新建网络文化系列活动之一。借助网络平台和派对模式，主打时尚新建,
87,3,Back,1,-建,1558279836,2019/5/19 15:30:35,搜狗输入法医生版,本次跨年派对是全国首次由政务微博与草根微博、民间力量联手举办的网络活动，也是2013年度新建网络文化系列活动之一。借助网络平台和派对模式，主打时尚新,
88,3,Back,1,-新,1558279836,2019/5/19 15:30:36,搜狗输入法医生版,本次跨年派对是全国首次由政务微博与草根微博、民间力量联手举办的网络活动，也是2013年度新建网络文化系列活动之一。借助网络平台和派对模式，主打时尚,
89,3,"X'I'J'Back'N'J'I'A'N'G'Space",11,新疆,1558279839,2019/5/19 15:30:38,搜狗输入法医生版,本次跨年派对是全国首次由政务微博与草根微博、民间力量联手举办的网络活动，也是2013年度新建网络文化系列活动之一。借助网络平台和派对模式，主打时尚新疆,
90,3,OemComma,1, ,1558279839,2019/5/19 15:30:39,搜狗输入法医生版,本次跨年派对是全国首次由政务微博与草根微博、民间力量联手举办的网络活动，也是2013年度新建网络文化系列活动之一。借助网络平台和派对模式，主打时尚新疆 ,
91,3,"C'H'U'A'B'V'B'Back'Back'Back'N'B'Space",13,，传播,1558279842,2019/5/19 15:30:42,搜狗输入法医生版,本次跨年派对是全国首次由政务微博与草根微博、民间力量联手举办的网络活动，也是2013年度新建网络文化系列活动之一。借助网络平台和派对模式，主打时尚新疆，传播,
92,3,"Z'H'E'N'G'N'L'Space",8,正能量,1558279844,2019/5/19 15:30:43,搜狗输入法医生版,本次跨年派对是全国首次由政务微博与草根微博、民间力量联手举办的网络活动，也是2013年度新建网络文化系列活动之一。借助网络平台和派对模式，主打时尚新疆，传播正能量,
93,3,OemComma,1, ,1558279844,2019/5/19 15:30:43,搜狗输入法医生版,本次跨年派对是全国首次由政务微博与草根微博、民间力量联手举办的网络活动，也是2013年度新建网络文化系列活动之一。借助网络平台和派对模式，主打时尚新疆，传播正能量 ,
94,3,"R'A'N'G'Space",5,，让,1558279845,2019/5/19 15:30:45,搜狗输入法医生版,本次跨年派对是全国首次由政务微博与草根微博、民间力量联手举办的网络活动，也是2013年度新建网络文化系列活动之一。借助网络平台和派对模式，主打时尚新疆，传播正能量，让,
95,3,"G'N'Back'E'N'G'D'Space",8,更多,1558279847,2019/5/19 15:30:47,搜狗输入法医生版,本次跨年派对是全国首次由政务微博与草根微博、民间力量联手举办的网络活动，也是2013年度新建网络文化系列活动之一。借助网络平台和派对模式，主打时尚新疆，传播正能量，让更多,
96,3,"D'E'Space",3,的,1558279848,2019/5/19 15:30:47,搜狗输入法医生版,本次跨年派对是全国首次由政务微博与草根微博、民间力量联手举办的网络活动，也是2013年度新建网络文化系列活动之一。借助网络平台和派对模式，主打时尚新疆，传播正能量，让更多的,
97,3,"R'Space",2,人,1558279848,2019/5/19 15:30:48,搜狗输入法医生版,本次跨年派对是全国首次由政务微博与草根微博、民间力量联手举办的网络活动，也是2013年度新建网络文化系列活动之一。借助网络平台和派对模式，主打时尚新疆，传播正能量，让更多的人,
98,3,"K'A'N'D'Space",5,看到,1558279850,2019/5/19 15:30:50,搜狗输入法医生版,本次跨年派对是全国首次由政务微博与草根微博、民间力量联手举办的网络活动，也是2013年度新建网络文化系列活动之一。借助网络平台和派对模式，主打时尚新疆，传播正能量，让更多的人看到,
99,3,"X'I'N'J'Space",5,新疆,1558279851,2019/5/19 15:30:51,搜狗输入法医生版,本次跨年派对是全国首次由政务微博与草根微博、民间力量联手举办的网络活动，也是2013年度新建网络文化系列活动之一。借助网络平台和派对模式，主打时尚新疆，传播正能量，让更多的人看到新疆,
100,3,"D'Space",2,的,1558279851,2019/5/19 15:30:51,搜狗输入法医生版,本次跨年派对是全国首次由政务微博与草根微博、民间力量联手举办的网络活动，也是2013年度新建网络文化系列活动之一。借助网络平台和派对模式，主打时尚新疆，传播正能量，让更多的人看到新疆的,
101,3,"F'A'Z'Space",4,发展,1558279853,2019/5/19 15:30:53,搜狗输入法医生版,本次跨年派对是全国首次由政务微博与草根微博、民间力量联手举办的网络活动，也是2013年度新建网络文化系列活动之一。借助网络平台和派对模式，主打时尚新疆，传播正能量，让更多的人看到新疆的发展,
102,3,"B'I'A'N'H'Space",6,变化,1558279854,2019/5/19 15:30:54,搜狗输入法医生版,本次跨年派对是全国首次由政务微博与草根微博、民间力量联手举办的网络活动，也是2013年度新建网络文化系列活动之一。借助网络平台和派对模式，主打时尚新疆，传播正能量，让更多的人看到新疆的发展变化,
103,3,OemComma,1, ,1558279854,2019/5/19 15:30:54,搜狗输入法医生版,本次跨年派对是全国首次由政务微博与草根微博、民间力量联手举办的网络活动，也是2013年度新建网络文化系列活动之一。借助网络平台和派对模式，主打时尚新疆，传播正能量，让更多的人看到新疆的发展变化 ,
104,3,Back,1,- ,1558279856,2019/5/19 15:30:55,搜狗输入法医生版,本次跨年派对是全国首次由政务微博与草根微博、民间力量联手举办的网络活动，也是2013年度新建网络文化系列活动之一。借助网络平台和派对模式，主打时尚新疆，传播正能量，让更多的人看到新疆的发展变化,
105,3,OemPeriod,1, ,1558279856,2019/5/19 15:30:56,搜狗输入法医生版,本次跨年派对是全国首次由政务微博与草根微博、民间力量联手举办的网络活动，也是2013年度新建网络文化系列活动之一。借助网络平台和派对模式，主打时尚新疆，传播正能量，让更多的人看到新疆的发展变化 ,
