﻿ID,TID,Keyboard,KeyLength,MapText,TimeStamp,Time,IME,CurText
1,8,"S'H'U'H'O'U'Space",7,术后,1558278666,2019/5/19 15:11:06,搜狗输入法医生版,术后,
2,8,"Z'H'E'N'D'U'A'N'Space",9,诊断,1558278668,2019/5/19 15:11:08,搜狗输入法医生版,术后诊断,
3,8,"LeftShift'Oem1",2, ,1558278669,2019/5/19 15:11:09,搜狗输入法医生版,术后诊断 ,
4,8,"S'H'U'A'N'G'L'U'A'N'C'Space",12,：双卵巢,1558278673,2019/5/19 15:11:13,搜狗输入法医生版,术后诊断：双卵巢,
5,8,"X'I'A'N'A'I'Back'Back'A'I'Back'Back'OemQuotes'A'I'Space",16,腺癌,1558278679,2019/5/19 15:11:18,搜狗输入法医生版,术后诊断：双卵巢腺癌,
6,8,"Capital'I",2,I,1558278680,2019/5/19 15:11:20,搜狗输入法医生版,术后诊断：双卵巢腺癌I,
7,8,I,1,I,1558278681,2019/5/19 15:11:20,搜狗输入法医生版,术后诊断：双卵巢腺癌II,
8,8,B,1,B,1558278681,2019/5/19 15:11:21,搜狗输入法医生版,术后诊断：双卵巢腺癌IIB,
9,8,"Capital'Q'I'OemPlus'Space",5,期,1558278684,2019/5/19 15:11:23,搜狗输入法医生版,术后诊断：双卵巢腺癌IIB期,
10,8,OemPeriod,1, ,1558278685,2019/5/19 15:11:25,搜狗输入法医生版,术后诊断：双卵巢腺癌IIB期 ,
11,2,"H'A'U'N'E'R'Space",7,患儿,1558278694,2019/5/19 15:11:33,搜狗输入法医生版,患儿,
12,2,D1,1,1,1558278695,2019/5/19 15:11:35,搜狗输入法医生版,患儿1,
13,2,"T'I'A'N'Space",5,天,1558278696,2019/5/19 15:11:36,搜狗输入法医生版,患儿1天,
14,2,"Q'I'A'N'Space",5,前,1558278697,2019/5/19 15:11:37,搜狗输入法医生版,患儿1天前,
15,2,"W'U'M'I'N'G'N'Back'X'Space",10,无明显,1558278700,2019/5/19 15:11:39,搜狗输入法医生版,患儿1天前无明显,
16,2,"U'Back'Y'O'U'Y'D2",7,诱因,1558278703,2019/5/19 15:11:42,搜狗输入法医生版,患儿1天前无明显诱因,
17,2,"C'H'U'X'Space",5,出现,1558278704,2019/5/19 15:11:44,搜狗输入法医生版,患儿1天前无明显诱因出现,
18,2,"Z'H'E'N'D'A'Back'Back'F'X'I'N'G'D2",14,阵发性,1558278708,2019/5/19 15:11:48,搜狗输入法医生版,患儿1天前无明显诱因出现阵发性,
19,2,"K'U'N'A'O'Space",6,苦恼,1558278710,2019/5/19 15:11:50,搜狗输入法医生版,患儿1天前无明显诱因出现阵发性苦恼,
20,2,Back,1,-恼,1558278711,2019/5/19 15:11:50,搜狗输入法医生版,患儿1天前无明显诱因出现阵发性苦,
21,2,Back,1,-苦,1558278711,2019/5/19 15:11:50,搜狗输入法医生版,患儿1天前无明显诱因出现阵发性,
22,2,"K'U'N'O'Back'A'Capital'Back'A'O'Back'Back'Capital'A'O'D2",16,哭闹,1558278716,2019/5/19 15:11:56,搜狗输入法医生版,患儿1天前无明显诱因出现阵发性哭闹,
23,2,OemQuestion,1, ,1558278716,2019/5/19 15:11:56,搜狗输入法医生版,患儿1天前无明显诱因出现阵发性哭闹 ,
24,2,"B'N'Back'A'N'OemPlus'D4",7,、伴,1558278721,2019/5/19 15:12:01,搜狗输入法医生版,患儿1天前无明显诱因出现阵发性哭闹、伴,
25,2,"O'U'T'U'Space",5,呕吐,1558278722,2019/5/19 15:12:02,搜狗输入法医生版,患儿1天前无明显诱因出现阵发性哭闹、伴呕吐,
26,2,OemComma,1, ,1558278724,2019/5/19 15:12:03,搜狗输入法医生版,患儿1天前无明显诱因出现阵发性哭闹、伴呕吐 ,
27,2,"O'U'T'U'W'U'Space",7,，呕吐物,1558278726,2019/5/19 15:12:05,搜狗输入法医生版,患儿1天前无明显诱因出现阵发性哭闹、伴呕吐，呕吐物,
28,2,"W'E'I'Space",4,为,1558278726,2019/5/19 15:12:06,搜狗输入法医生版,患儿1天前无明显诱因出现阵发性哭闹、伴呕吐，呕吐物为,
29,2,"N'E'I'Back'Back'Back'W'E'I'N'E'I'W'Back'R'W'Space",17,胃内容物,1558278731,2019/5/19 15:12:11,搜狗输入法医生版,患儿1天前无明显诱因出现阵发性哭闹、伴呕吐，呕吐物为胃内容物,
30,2,OemComma,1, ,1558278732,2019/5/19 15:12:12,搜狗输入法医生版,患儿1天前无明显诱因出现阵发性哭闹、伴呕吐，呕吐物为胃内容物 ,
31,2,"W'U'Space",3,，无,1558278733,2019/5/19 15:12:13,搜狗输入法医生版,患儿1天前无明显诱因出现阵发性哭闹、伴呕吐，呕吐物为胃内容物，无,
32,2,"K'A'F'E'I'Y'W'U'Space",9,咖啡样物,1558278736,2019/5/19 15:12:15,搜狗输入法医生版,患儿1天前无明显诱因出现阵发性哭闹、伴呕吐，呕吐物为胃内容物，无咖啡样物,
33,2,OemComma,1, ,1558278737,2019/5/19 15:12:16,搜狗输入法医生版,患儿1天前无明显诱因出现阵发性哭闹、伴呕吐，呕吐物为胃内容物，无咖啡样物 ,
34,2,"G'O'N'G'D2",5,，共,1558278738,2019/5/19 15:12:18,搜狗输入法医生版,患儿1天前无明显诱因出现阵发性哭闹、伴呕吐，呕吐物为胃内容物，无咖啡样物，共,
35,2,D5,1,5,1558278739,2019/5/19 15:12:18,搜狗输入法医生版,患儿1天前无明显诱因出现阵发性哭闹、伴呕吐，呕吐物为胃内容物，无咖啡样物，共5,
36,2,"C'I'Space",3,次,1558278740,2019/5/19 15:12:19,搜狗输入法医生版,患儿1天前无明显诱因出现阵发性哭闹、伴呕吐，呕吐物为胃内容物，无咖啡样物，共5次,
37,2,OemPeriod,1, ,1558278741,2019/5/19 15:12:20,搜狗输入法医生版,患儿1天前无明显诱因出现阵发性哭闹、伴呕吐，呕吐物为胃内容物，无咖啡样物，共5次 ,
38,2,OemQuestion,1,。,1558278741,2019/5/19 15:12:20,搜狗输入法医生版,患儿1天前无明显诱因出现阵发性哭闹、伴呕吐，呕吐物为胃内容物，无咖啡样物，共5次。 ,
39,2,Back,1,- ,1558278742,2019/5/19 15:12:22,搜狗输入法医生版,患儿1天前无明显诱因出现阵发性哭闹、伴呕吐，呕吐物为胃内容物，无咖啡样物，共5次。,
