﻿ID,TID,Keyboard,KeyLength,MapText,TimeStamp,Time,IME,CurText
1,8,"S'H'U'H'O'U'Space",7,术后,1558278666,2019/5/19 15:11:06,搜狗输入法医生版,术后,
2,8,"Z'H'E'N'D'U'A'N'Space",9,诊断,1558278668,2019/5/19 15:11:08,搜狗输入法医生版,术后诊断,
3,8,"LeftShift'Oem1",2, ,1558278669,2019/5/19 15:11:09,搜狗输入法医生版,术后诊断 ,
4,8,"S'H'U'A'N'G'L'U'A'N'C'Space",12,：双卵巢,1558278673,2019/5/19 15:11:13,搜狗输入法医生版,术后诊断：双卵巢,
5,8,"X'I'A'N'A'I'Back'Back'A'I'Back'Back'OemQuotes'A'I'Space",16,腺癌,1558278679,2019/5/19 15:11:18,搜狗输入法医生版,术后诊断：双卵巢腺癌,
6,8,"Capital'I",2,I,1558278680,2019/5/19 15:11:20,搜狗输入法医生版,术后诊断：双卵巢腺癌I,
7,8,I,1,I,1558278681,2019/5/19 15:11:20,搜狗输入法医生版,术后诊断：双卵巢腺癌II,
8,8,B,1,B,1558278681,2019/5/19 15:11:21,搜狗输入法医生版,术后诊断：双卵巢腺癌IIB,
9,8,"Capital'Q'I'OemPlus'Space",5,期,1558278684,2019/5/19 15:11:23,搜狗输入法医生版,术后诊断：双卵巢腺癌IIB期,
10,8,OemPeriod,1, ,1558278685,2019/5/19 15:11:25,搜狗输入法医生版,术后诊断：双卵巢腺癌IIB期 ,
11,2,"H'A'U'N'E'R'Space",7,患儿,1558278694,2019/5/19 15:11:33,搜狗输入法医生版,患儿,
12,2,D1,1,1,1558278695,2019/5/19 15:11:35,搜狗输入法医生版,患儿1,
13,2,"T'I'A'N'Space",5,天,1558278696,2019/5/19 15:11:36,搜狗输入法医生版,患儿1天,
14,2,"Q'I'A'N'Space",5,前,1558278697,2019/5/19 15:11:37,搜狗输入法医生版,患儿1天前,
15,2,"W'U'M'I'N'G'N'Back'X'Space",10,无明显,1558278700,2019/5/19 15:11:39,搜狗输入法医生版,患儿1天前无明显,
16,2,"U'Back'Y'O'U'Y'D2",7,诱因,1558278703,2019/5/19 15:11:42,搜狗输入法医生版,患儿1天前无明显诱因,
17,2,"C'H'U'X'Space",5,出现,1558278704,2019/5/19 15:11:44,搜狗输入法医生版,患儿1天前无明显诱因出现,
18,2,"Z'H'E'N'D'A'Back'Back'F'X'I'N'G'D2",14,阵发性,1558278708,2019/5/19 15:11:48,搜狗输入法医生版,患儿1天前无明显诱因出现阵发性,
19,2,"K'U'N'A'O'Space",6,苦恼,1558278710,2019/5/19 15:11:50,搜狗输入法医生版,患儿1天前无明显诱因出现阵发性苦恼,
20,2,Back,1,-恼,1558278711,2019/5/19 15:11:50,搜狗输入法医生版,患儿1天前无明显诱因出现阵发性苦,
21,2,Back,1,-苦,1558278711,2019/5/19 15:11:50,搜狗输入法医生版,患儿1天前无明显诱因出现阵发性,
22,2,"K'U'N'O'Back'A'Capital'Back'A'O'Back'Back'Capital'A'O'D2",16,哭闹,1558278716,2019/5/19 15:11:56,搜狗输入法医生版,患儿1天前无明显诱因出现阵发性哭闹,
23,2,OemQuestion,1, ,1558278716,2019/5/19 15:11:56,搜狗输入法医生版,患儿1天前无明显诱因出现阵发性哭闹 ,
24,2,"B'N'Back'A'N'OemPlus'D4",7,、伴,1558278721,2019/5/19 15:12:01,搜狗输入法医生版,患儿1天前无明显诱因出现阵发性哭闹、伴,
25,2,"O'U'T'U'Space",5,呕吐,1558278722,2019/5/19 15:12:02,搜狗输入法医生版,患儿1天前无明显诱因出现阵发性哭闹、伴呕吐,
26,2,OemComma,1, ,1558278724,2019/5/19 15:12:03,搜狗输入法医生版,患儿1天前无明显诱因出现阵发性哭闹、伴呕吐 ,
27,2,"O'U'T'U'W'U'Space",7,，呕吐物,1558278726,2019/5/19 15:12:05,搜狗输入法医生版,患儿1天前无明显诱因出现阵发性哭闹、伴呕吐，呕吐物,
28,2,"W'E'I'Space",4,为,1558278726,2019/5/19 15:12:06,搜狗输入法医生版,患儿1天前无明显诱因出现阵发性哭闹、伴呕吐，呕吐物为,
29,2,"N'E'I'Back'Back'Back'W'E'I'N'E'I'W'Back'R'W'Space",17,胃内容物,1558278731,2019/5/19 15:12:11,搜狗输入法医生版,患儿1天前无明显诱因出现阵发性哭闹、伴呕吐，呕吐物为胃内容物,
30,2,OemComma,1, ,1558278732,2019/5/19 15:12:12,搜狗输入法医生版,患儿1天前无明显诱因出现阵发性哭闹、伴呕吐，呕吐物为胃内容物 ,
31,2,"W'U'Space",3,，无,1558278733,2019/5/19 15:12:13,搜狗输入法医生版,患儿1天前无明显诱因出现阵发性哭闹、伴呕吐，呕吐物为胃内容物，无,
32,2,"K'A'F'E'I'Y'W'U'Space",9,咖啡样物,1558278736,2019/5/19 15:12:15,搜狗输入法医生版,患儿1天前无明显诱因出现阵发性哭闹、伴呕吐，呕吐物为胃内容物，无咖啡样物,
33,2,OemComma,1, ,1558278737,2019/5/19 15:12:16,搜狗输入法医生版,患儿1天前无明显诱因出现阵发性哭闹、伴呕吐，呕吐物为胃内容物，无咖啡样物 ,
34,2,"G'O'N'G'D2",5,，共,1558278738,2019/5/19 15:12:18,搜狗输入法医生版,患儿1天前无明显诱因出现阵发性哭闹、伴呕吐，呕吐物为胃内容物，无咖啡样物，共,
35,2,D5,1,5,1558278739,2019/5/19 15:12:18,搜狗输入法医生版,患儿1天前无明显诱因出现阵发性哭闹、伴呕吐，呕吐物为胃内容物，无咖啡样物，共5,
36,2,"C'I'Space",3,次,1558278740,2019/5/19 15:12:19,搜狗输入法医生版,患儿1天前无明显诱因出现阵发性哭闹、伴呕吐，呕吐物为胃内容物，无咖啡样物，共5次,
37,2,OemPeriod,1, ,1558278741,2019/5/19 15:12:20,搜狗输入法医生版,患儿1天前无明显诱因出现阵发性哭闹、伴呕吐，呕吐物为胃内容物，无咖啡样物，共5次 ,
38,2,OemQuestion,1,。,1558278741,2019/5/19 15:12:20,搜狗输入法医生版,患儿1天前无明显诱因出现阵发性哭闹、伴呕吐，呕吐物为胃内容物，无咖啡样物，共5次。 ,
39,2,Back,1,- ,1558278742,2019/5/19 15:12:22,搜狗输入法医生版,患儿1天前无明显诱因出现阵发性哭闹、伴呕吐，呕吐物为胃内容物，无咖啡样物，共5次。,
40,6,"S'U'H'O'U'Back'Back'Back'Back'Back'S'H'H'O'U'Space",16,术后,1558278751,2019/5/19 15:12:30,搜狗输入法医生版,术后,
41,6,"Z'H'D6",3,诊断,1558278754,2019/5/19 15:12:34,搜狗输入法医生版,术后诊断,
42,6,"LeftShift'Oem1",2, ,1558278755,2019/5/19 15:12:35,搜狗输入法医生版,术后诊断 ,
43,6,"S'H'U'A'N'G'D6",7,：双卵巢,1558278759,2019/5/19 15:12:38,搜狗输入法医生版,术后诊断：双卵巢,
44,6,"X'I'A'N'D6",5,腺癌,1558278763,2019/5/19 15:12:42,搜狗输入法医生版,术后诊断：双卵巢腺癌,
45,6,"Capital'I",2,I,1558278764,2019/5/19 15:12:44,搜狗输入法医生版,术后诊断：双卵巢腺癌I,
46,6,I,1,I,1558278765,2019/5/19 15:12:44,搜狗输入法医生版,术后诊断：双卵巢腺癌II,
47,6,B,1,B,1558278765,2019/5/19 15:12:45,搜狗输入法医生版,术后诊断：双卵巢腺癌IIB,
48,6,"Capital'Q'I'Space",4,期,1558278766,2019/5/19 15:12:46,搜狗输入法医生版,术后诊断：双卵巢腺癌IIB期,
49,6,OemPeriod,1, ,1558278767,2019/5/19 15:12:47,搜狗输入法医生版,术后诊断：双卵巢腺癌IIB期 ,
50,4,"H'U'A'N'Z'H'E'Space",8,患者,1558278773,2019/5/19 15:12:52,搜狗输入法医生版,患者,
51,4,"U'I'Back'Back'Y'I'N'Space",8,因,1558278775,2019/5/19 15:12:55,搜狗输入法医生版,患者因,
52,4,"LeftShift'OemQuotes",2, ,1558278778,2019/5/19 15:12:57,搜狗输入法医生版,患者因 ,
53,4,"B'U'G'D6",4,“不规则,1558278781,2019/5/19 15:13:00,搜狗输入法医生版,患者因“不规则,
54,4,"Y'I'N'D'D3",5,阴都,1558278783,2019/5/19 15:13:03,搜狗输入法医生版,患者因“不规则阴都,
55,4,Back,1,-都,1558278784,2019/5/19 15:13:04,搜狗输入法医生版,患者因“不规则阴,
56,4,Back,1,-阴,1558278784,2019/5/19 15:13:04,搜狗输入法医生版,患者因“不规则,
57,4,"Y'I'N'D'D7",5,阴道,1558278787,2019/5/19 15:13:07,搜狗输入法医生版,患者因“不规则阴道,
58,4,"L'I'U'X'D6",5,流血,1558278790,2019/5/19 15:13:09,搜狗输入法医生版,患者因“不规则阴道流血,
59,4,"B'A'N'Space",4,伴,1558278792,2019/5/19 15:13:12,搜狗输入法医生版,患者因“不规则阴道流血伴,
60,4,"Y'I'N'D'E'Back'Space",7,阴道,1558278796,2019/5/19 15:13:15,搜狗输入法医生版,患者因“不规则阴道流血伴阴道,
61,4,"P'A'I'Y'E'Space",6,排液,1558278798,2019/5/19 15:13:17,搜狗输入法医生版,患者因“不规则阴道流血伴阴道排液,
62,4,D1,1,1,1558278799,2019/5/19 15:13:19,搜狗输入法医生版,患者因“不规则阴道流血伴阴道排液1,
63,4,"LeftShift'OemPlus",2, ,1558278800,2019/5/19 15:13:20,搜狗输入法医生版,患者因“不规则阴道流血伴阴道排液1 ,
64,4,"N'I'A'N'Space",5,+年,1558278802,2019/5/19 15:13:22,搜狗输入法医生版,患者因“不规则阴道流血伴阴道排液1+年,
65,4,"LeftShift'OemQuotes",2, ,1558278803,2019/5/19 15:13:23,搜狗输入法医生版,患者因“不规则阴道流血伴阴道排液1+年 ,
66,4,OemComma,1,”,1558278804,2019/5/19 15:13:24,搜狗输入法医生版,患者因“不规则阴道流血伴阴道排液1+年” ,
67,4,"Z'D'Space",3,，诊断,1558278807,2019/5/19 15:13:26,搜狗输入法医生版,患者因“不规则阴道流血伴阴道排液1+年”，诊断,
68,4,"X'I'N'G'Space",5,性,1558278808,2019/5/19 15:13:28,搜狗输入法医生版,患者因“不规则阴道流血伴阴道排液1+年”，诊断性,
69,4,"G'U'A'G'D6",5,刮宫术,1558278813,2019/5/19 15:13:33,搜狗输入法医生版,患者因“不规则阴道流血伴阴道排液1+年”，诊断性刮宫术,
70,4,Back,1,-术,1558278813,2019/5/19 15:13:33,搜狗输入法医生版,患者因“不规则阴道流血伴阴道排液1+年”，诊断性刮宫,
71,4,"B'I'N'G'L'I'D6",7,病理学,1558278816,2019/5/19 15:13:35,搜狗输入法医生版,患者因“不规则阴道流血伴阴道排液1+年”，诊断性刮宫病理学,
72,4,Back,1,-学,1558278816,2019/5/19 15:13:36,搜狗输入法医生版,患者因“不规则阴道流血伴阴道排液1+年”，诊断性刮宫病理,
73,4,"X'I'A'N'Back'Back'Back'Back'T'S'H'I'D4",13,提示,1558278822,2019/5/19 15:13:41,搜狗输入法医生版,患者因“不规则阴道流血伴阴道排液1+年”，诊断性刮宫病理提示,
74,4,"LeftShift'Oem1",2, ,1558278823,2019/5/19 15:13:42,搜狗输入法医生版,患者因“不规则阴道流血伴阴道排液1+年”，诊断性刮宫病理提示 ,
75,4,"LeftShift'D9",2,：,1558278824,2019/5/19 15:13:43,搜狗输入法医生版,患者因“不规则阴道流血伴阴道排液1+年”，诊断性刮宫病理提示： ,
76,4,D0,1,（,1558278824,2019/5/19 15:13:43,搜狗输入法医生版,患者因“不规则阴道流血伴阴道排液1+年”，诊断性刮宫病理提示：（ ,
77,4,"Left'G'RightCtrl",3,给）,1558278825,2019/5/19 15:13:45,搜狗输入法医生版,患者因“不规则阴道流血伴阴道排液1+年”，诊断性刮宫病理提示：（给）,
78,4,"O'N'G'Back'Back'Back'Back",7,-给,1558278826,2019/5/19 15:13:46,搜狗输入法医生版,患者因“不规则阴道流血伴阴道排液1+年”，诊断性刮宫病理提示：（）,
79,4,"G'Q'D7",3,宫腔,1558278829,2019/5/19 15:13:48,搜狗输入法医生版,患者因“不规则阴道流血伴阴道排液1+年”，诊断性刮宫病理提示：（宫腔）,
80,4,"Right'Z'I'G'Back'G'D4",7,籽骨,1558278833,2019/5/19 15:13:53,搜狗输入法医生版,患者因“不规则阴道流血伴阴道排液1+年”，诊断性刮宫病理提示：（宫腔）籽骨,
81,4,"N'E'I'M'O'Space",6,内膜,1558278836,2019/5/19 15:13:55,搜狗输入法医生版,患者因“不规则阴道流血伴阴道排液1+年”，诊断性刮宫病理提示：（宫腔）籽骨内膜,
82,4,"X'Back'Y'A'N'G'Space",7,样,1558278837,2019/5/19 15:13:57,搜狗输入法医生版,患者因“不规则阴道流血伴阴道排液1+年”，诊断性刮宫病理提示：（宫腔）籽骨内膜样,
83,4,"X'I'A'N'A'I'Space",7,腺癌,1558278839,2019/5/19 15:13:59,搜狗输入法医生版,患者因“不规则阴道流血伴阴道排液1+年”，诊断性刮宫病理提示：（宫腔）籽骨内膜样腺癌,
84,4,"Capital'G",2,G,1558278840,2019/5/19 15:14:00,搜狗输入法医生版,患者因“不规则阴道流血伴阴道排液1+年”，诊断性刮宫病理提示：（宫腔）籽骨内膜样腺癌G,
85,4,D2,1,2,1558278841,2019/5/19 15:14:00,搜狗输入法医生版,患者因“不规则阴道流血伴阴道排液1+年”，诊断性刮宫病理提示：（宫腔）籽骨内膜样腺癌G2,
86,4,"Capital'Oem1",2, ,1558278842,2019/5/19 15:14:01,搜狗输入法医生版,患者因“不规则阴道流血伴阴道排液1+年”，诊断性刮宫病理提示：（宫腔）籽骨内膜样腺癌G2 ,
87,4,"W'O'Y'U'A'N'Space",7,；我院,1558278844,2019/5/19 15:14:03,搜狗输入法医生版,患者因“不规则阴道流血伴阴道排液1+年”，诊断性刮宫病理提示：（宫腔）籽骨内膜样腺癌G2；我院,
88,4,"B'I'N'G'L'I'D3",7,病理,1558278848,2019/5/19 15:14:07,搜狗输入法医生版,患者因“不规则阴道流血伴阴道排液1+年”，诊断性刮宫病理提示：（宫腔）籽骨内膜样腺癌G2；我院病理,
89,4,"H'U'I'Z'H'E'N'Space",8,会诊,1558278849,2019/5/19 15:14:09,搜狗输入法医生版,患者因“不规则阴道流血伴阴道排液1+年”，诊断性刮宫病理提示：（宫腔）籽骨内膜样腺癌G2；我院病理会诊,
90,4,"T'I'S'H'I'Space",6,提示,1558278851,2019/5/19 15:14:10,搜狗输入法医生版,患者因“不规则阴道流血伴阴道排液1+年”，诊断性刮宫病理提示：（宫腔）籽骨内膜样腺癌G2；我院病理会诊提示,
91,4,"LeftShift'Oem1",2, ,1558278851,2019/5/19 15:14:11,搜狗输入法医生版,患者因“不规则阴道流血伴阴道排液1+年”，诊断性刮宫病理提示：（宫腔）籽骨内膜样腺癌G2；我院病理会诊提示 ,
92,4,"Z'I'G'O'N'G'D2",7,：子宫,1558278854,2019/5/19 15:14:14,搜狗输入法医生版,患者因“不规则阴道流血伴阴道排液1+年”，诊断性刮宫病理提示：（宫腔）籽骨内膜样腺癌G2；我院病理会诊提示：子宫,
93,4,"N'E'I'M'Space",5,内膜,1558278855,2019/5/19 15:14:15,搜狗输入法医生版,患者因“不规则阴道流血伴阴道排液1+年”，诊断性刮宫病理提示：（宫腔）籽骨内膜样腺癌G2；我院病理会诊提示：子宫内膜,
94,4,"Y'A'N'G'Space",5,样,1558278857,2019/5/19 15:14:16,搜狗输入法医生版,患者因“不规则阴道流血伴阴道排液1+年”，诊断性刮宫病理提示：（宫腔）籽骨内膜样腺癌G2；我院病理会诊提示：子宫内膜样,
95,4,"X'I'A'N'A'I'Space",7,腺癌,1558278859,2019/5/19 15:14:18,搜狗输入法医生版,患者因“不规则阴道流血伴阴道排液1+年”，诊断性刮宫病理提示：（宫腔）籽骨内膜样腺癌G2；我院病理会诊提示：子宫内膜样腺癌,
96,4,"Capital'G",2,G,1558278859,2019/5/19 15:14:19,搜狗输入法医生版,患者因“不规则阴道流血伴阴道排液1+年”，诊断性刮宫病理提示：（宫腔）籽骨内膜样腺癌G2；我院病理会诊提示：子宫内膜样腺癌G,
97,4,"Capital'D2",2,2,1558278860,2019/5/19 15:14:19,搜狗输入法医生版,患者因“不规则阴道流血伴阴道排液1+年”，诊断性刮宫病理提示：（宫腔）籽骨内膜样腺癌G2；我院病理会诊提示：子宫内膜样腺癌G2,
98,4,OemMinus,1, ,1558278860,2019/5/19 15:14:20,搜狗输入法医生版,患者因“不规则阴道流血伴阴道排液1+年”，诊断性刮宫病理提示：（宫腔）籽骨内膜样腺癌G2；我院病理会诊提示：子宫内膜样腺癌G2 ,
99,4,D4,1,-4,1558278861,2019/5/19 15:14:21,搜狗输入法医生版,患者因“不规则阴道流血伴阴道排液1+年”，诊断性刮宫病理提示：（宫腔）籽骨内膜样腺癌G2；我院病理会诊提示：子宫内膜样腺癌G2-4,
100,4,Back,1,-4,1558278862,2019/5/19 15:14:21,搜狗输入法医生版,患者因“不规则阴道流血伴阴道排液1+年”，诊断性刮宫病理提示：（宫腔）籽骨内膜样腺癌G2；我院病理会诊提示：子宫内膜样腺癌G2-,
101,4,D3,1,3,1558278862,2019/5/19 15:14:22,搜狗输入法医生版,患者因“不规则阴道流血伴阴道排液1+年”，诊断性刮宫病理提示：（宫腔）籽骨内膜样腺癌G2；我院病理会诊提示：子宫内膜样腺癌G2-3,
102,4,OemComma,1, ,1558278864,2019/5/19 15:14:23,搜狗输入法医生版,患者因“不规则阴道流血伴阴道排液1+年”，诊断性刮宫病理提示：（宫腔）籽骨内膜样腺癌G2；我院病理会诊提示：子宫内膜样腺癌G2-3 ,
103,4,"G'O'N'G'K'Back'J'D7",8,，宫颈,1558278869,2019/5/19 15:14:28,搜狗输入法医生版,患者因“不规则阴道流血伴阴道排液1+年”，诊断性刮宫病理提示：（宫腔）籽骨内膜样腺癌G2；我院病理会诊提示：子宫内膜样腺癌G2-3，宫颈,
104,4,"G'U'A'N'Space",5,管,1558278871,2019/5/19 15:14:30,搜狗输入法医生版,患者因“不规则阴道流血伴阴道排液1+年”，诊断性刮宫病理提示：（宫腔）籽骨内膜样腺癌G2；我院病理会诊提示：子宫内膜样腺癌G2-3，宫颈管,
105,4,"S'A'O'G'U'A'Space",7,搔刮,1558278873,2019/5/19 15:14:33,搜狗输入法医生版,患者因“不规则阴道流血伴阴道排液1+年”，诊断性刮宫病理提示：（宫腔）籽骨内膜样腺癌G2；我院病理会诊提示：子宫内膜样腺癌G2-3，宫颈管搔刮,
106,4,"Z'U'Z'Space",4,组织,1558278875,2019/5/19 15:14:34,搜狗输入法医生版,患者因“不规则阴道流血伴阴道排液1+年”，诊断性刮宫病理提示：（宫腔）籽骨内膜样腺癌G2；我院病理会诊提示：子宫内膜样腺癌G2-3，宫颈管搔刮组织,
107,4,"J'I'A'N'D2",5,见,1558278876,2019/5/19 15:14:36,搜狗输入法医生版,患者因“不规则阴道流血伴阴道排液1+年”，诊断性刮宫病理提示：（宫腔）籽骨内膜样腺癌G2；我院病理会诊提示：子宫内膜样腺癌G2-3，宫颈管搔刮组织见,
108,4,"S'L'I'A'N'G'D4",7,少量,1558278879,2019/5/19 15:14:39,搜狗输入法医生版,患者因“不规则阴道流血伴阴道排液1+年”，诊断性刮宫病理提示：（宫腔）籽骨内膜样腺癌G2；我院病理会诊提示：子宫内膜样腺癌G2-3，宫颈管搔刮组织见少量,
109,4,"N'I'A'N'M'O'Z'U'Z'Space",10,粘膜组织,1558278882,2019/5/19 15:14:41,搜狗输入法医生版,患者因“不规则阴道流血伴阴道排液1+年”，诊断性刮宫病理提示：（宫腔）籽骨内膜样腺癌G2；我院病理会诊提示：子宫内膜样腺癌G2-3，宫颈管搔刮组织见少量粘膜组织,
110,4,"J'I'Space",3,及,1558278883,2019/5/19 15:14:42,搜狗输入法医生版,患者因“不规则阴道流血伴阴道排液1+年”，诊断性刮宫病理提示：（宫腔）籽骨内膜样腺癌G2；我院病理会诊提示：子宫内膜样腺癌G2-3，宫颈管搔刮组织见少量粘膜组织及,
111,4,"S'H'A'O'L'Space",6,少量,1558278884,2019/5/19 15:14:43,搜狗输入法医生版,患者因“不规则阴道流血伴阴道排液1+年”，诊断性刮宫病理提示：（宫腔）籽骨内膜样腺癌G2；我院病理会诊提示：子宫内膜样腺癌G2-3，宫颈管搔刮组织见少量粘膜组织及少量,
112,4,"Y'I'X'I'N'G'Space",7,异性,1558278885,2019/5/19 15:14:45,搜狗输入法医生版,患者因“不规则阴道流血伴阴道排液1+年”，诊断性刮宫病理提示：（宫腔）籽骨内膜样腺癌G2；我院病理会诊提示：子宫内膜样腺癌G2-3，宫颈管搔刮组织见少量粘膜组织及少量异性,
113,4,"D'E'Space",3,的,1558278886,2019/5/19 15:14:45,搜狗输入法医生版,患者因“不规则阴道流血伴阴道排液1+年”，诊断性刮宫病理提示：（宫腔）籽骨内膜样腺癌G2；我院病理会诊提示：子宫内膜样腺癌G2-3，宫颈管搔刮组织见少量粘膜组织及少量异性的,
114,4,"N'E'I'M'O'X'I'A'N'T'I'Space",12,内膜腺体,1558278889,2019/5/19 15:14:48,搜狗输入法医生版,患者因“不规则阴道流血伴阴道排液1+年”，诊断性刮宫病理提示：（宫腔）籽骨内膜样腺癌G2；我院病理会诊提示：子宫内膜样腺癌G2-3，宫颈管搔刮组织见少量粘膜组织及少量异性的内膜腺体,
115,4,OemPeriod,1, ,1558278889,2019/5/19 15:14:49,搜狗输入法医生版,患者因“不规则阴道流血伴阴道排液1+年”，诊断性刮宫病理提示：（宫腔）籽骨内膜样腺癌G2；我院病理会诊提示：子宫内膜样腺癌G2-3，宫颈管搔刮组织见少量粘膜组织及少量异性的内膜腺体 ,
