﻿ID,TID,Keyboard,KeyLength,MapText,TimeStamp,Time,IME,CurText
1,8,"S'U'H'O'OemPlus'Back'Back'Back'Back'S'H'U'H'D2",14,术后,1558279368,2019/5/19 15:22:48,中文(简体) - 百度输入法,术后,
2,8,"Z'D'U'A'N'D4",6,诊断,1558279371,2019/5/19 15:22:51,中文(简体) - 百度输入法,术后诊断,
3,8,Oem1,1,；,1558279372,2019/5/19 15:22:52,中文(简体) - 百度输入法,术后诊断；,
4,8,Back,1,-；,1558279373,2019/5/19 15:22:53,中文(简体) - 百度输入法,术后诊断,
5,8,"LeftShift'Oem1",2,：,1558279374,2019/5/19 15:22:54,中文(简体) - 百度输入法,术后诊断：,
6,8,"S'H'U'A'N'G'Space",7,双,1558279376,2019/5/19 15:22:55,中文(简体) - 百度输入法,术后诊断：双,
7,8,"L'U'A'N'C'H'A'O'Space",9,卵巢,1558279378,2019/5/19 15:22:57,中文(简体) - 百度输入法,术后诊断：双卵巢,
8,8,"X'I'A'N'A'I'D3",7,腺癌,1558279380,2019/5/19 15:22:59,中文(简体) - 百度输入法,术后诊断：双卵巢腺癌,
9,8,"Capital'I",2,I,1558279381,2019/5/19 15:23:00,中文(简体) - 百度输入法,术后诊断：双卵巢腺癌I,
10,8,I,1,I,1558279381,2019/5/19 15:23:00,中文(简体) - 百度输入法,术后诊断：双卵巢腺癌II,
11,8,B,1,B,1558279381,2019/5/19 15:23:01,中文(简体) - 百度输入法,术后诊断：双卵巢腺癌IIB,
12,8,"Capital'Q'I'D3",4,期,1558279383,2019/5/19 15:23:02,中文(简体) - 百度输入法,术后诊断：双卵巢腺癌IIB期,
13,8,OemPeriod,1,。,1558279384,2019/5/19 15:23:04,中文(简体) - 百度输入法,术后诊断：双卵巢腺癌IIB期。,
14,2,"H'U'A'N'E'R'Space",7,患儿,1558279393,2019/5/19 15:23:12,中文(简体) - 百度输入法,患儿,
15,2,D1,1,1,1558279394,2019/5/19 15:23:13,中文(简体) - 百度输入法,患儿1,
16,2,"T'I'A'N'Q'I'A'N'Space",9,天前,1558279396,2019/5/19 15:23:15,中文(简体) - 百度输入法,患儿1天前,
17,2,"W'U'Space",3,无,1558279397,2019/5/19 15:23:16,中文(简体) - 百度输入法,患儿1天前无,
18,2,"M'I'G'N'Q'X'Back'Back'X'Space",10,明显,1558279399,2019/5/19 15:23:19,中文(简体) - 百度输入法,患儿1天前无明显,
19,2,"Y'O'U'Y'Space",5,诱因,1558279401,2019/5/19 15:23:20,中文(简体) - 百度输入法,患儿1天前无明显诱因,
20,2,"C'H'U'X'Space",5,出现,1558279402,2019/5/19 15:23:21,中文(简体) - 百度输入法,患儿1天前无明显诱因出现,
21,2,"Z'H'E'N'D'Back'F'A'X'Space",10,阵发性,1558279404,2019/5/19 15:23:24,中文(简体) - 百度输入法,患儿1天前无明显诱因出现阵发性,
22,2,"K'U'N'A'O'Space",6,苦恼,1558279405,2019/5/19 15:23:25,中文(简体) - 百度输入法,患儿1天前无明显诱因出现阵发性苦恼,
23,2,Back,1,-恼,1558279406,2019/5/19 15:23:26,中文(简体) - 百度输入法,患儿1天前无明显诱因出现阵发性苦,
24,2,Back,1,-苦,1558279406,2019/5/19 15:23:26,中文(简体) - 百度输入法,患儿1天前无明显诱因出现阵发性,
25,2,"K'U'N'A'O'D2",6,哭闹,1558279408,2019/5/19 15:23:27,中文(简体) - 百度输入法,患儿1天前无明显诱因出现阵发性哭闹,
26,2,OemComma,1,，,1558279409,2019/5/19 15:23:28,中文(简体) - 百度输入法,患儿1天前无明显诱因出现阵发性哭闹，,
27,2,"B'A'N'O'U'T'U'Space",8,伴呕吐,1558279411,2019/5/19 15:23:30,中文(简体) - 百度输入法,患儿1天前无明显诱因出现阵发性哭闹，伴呕吐,
28,2,OemComma,1,，,1558279411,2019/5/19 15:23:30,中文(简体) - 百度输入法,患儿1天前无明显诱因出现阵发性哭闹，伴呕吐，,
29,2,"O'U'T'U'W'U'Space",7,呕吐物,1558279412,2019/5/19 15:23:32,中文(简体) - 百度输入法,患儿1天前无明显诱因出现阵发性哭闹，伴呕吐，呕吐物,
30,2,"W'E'I'Space",4,为,1558279413,2019/5/19 15:23:32,中文(简体) - 百度输入法,患儿1天前无明显诱因出现阵发性哭闹，伴呕吐，呕吐物为,
31,2,"W'E'I'N'E'I'R'O'N'G'W'D2",12,胃内容物,1558279416,2019/5/19 15:23:35,中文(简体) - 百度输入法,患儿1天前无明显诱因出现阵发性哭闹，伴呕吐，呕吐物为胃内容物,
32,2,OemComma,1,，,1558279416,2019/5/19 15:23:36,中文(简体) - 百度输入法,患儿1天前无明显诱因出现阵发性哭闹，伴呕吐，呕吐物为胃内容物，,
33,2,"W'U'Space",3,无,1558279418,2019/5/19 15:23:37,中文(简体) - 百度输入法,患儿1天前无明显诱因出现阵发性哭闹，伴呕吐，呕吐物为胃内容物，无,
34,2,"K'A'F'E'I'W'Back'Y'A'N'G'Space",12,咖啡样,1558279422,2019/5/19 15:23:41,中文(简体) - 百度输入法,患儿1天前无明显诱因出现阵发性哭闹，伴呕吐，呕吐物为胃内容物，无咖啡样,
35,2,"W'U'OemPlus'D3",4,物,1558279425,2019/5/19 15:23:45,中文(简体) - 百度输入法,患儿1天前无明显诱因出现阵发性哭闹，伴呕吐，呕吐物为胃内容物，无咖啡样物,
36,2,OemComma,1,，,1558279426,2019/5/19 15:23:45,中文(简体) - 百度输入法,患儿1天前无明显诱因出现阵发性哭闹，伴呕吐，呕吐物为胃内容物，无咖啡样物，,
37,2,"G'O'N'G'Space",5,工,1558279427,2019/5/19 15:23:46,中文(简体) - 百度输入法,患儿1天前无明显诱因出现阵发性哭闹，伴呕吐，呕吐物为胃内容物，无咖啡样物，工,
38,2,Back,1,-工,1558279427,2019/5/19 15:23:47,中文(简体) - 百度输入法,患儿1天前无明显诱因出现阵发性哭闹，伴呕吐，呕吐物为胃内容物，无咖啡样物，,
39,2,"G'O'N'G'D2",5,共,1558279428,2019/5/19 15:23:48,中文(简体) - 百度输入法,患儿1天前无明显诱因出现阵发性哭闹，伴呕吐，呕吐物为胃内容物，无咖啡样物，共,
40,2,D5,1,5,1558279429,2019/5/19 15:23:49,中文(简体) - 百度输入法,患儿1天前无明显诱因出现阵发性哭闹，伴呕吐，呕吐物为胃内容物，无咖啡样物，共5,
41,2,"C'I'Space",3,次,1558279430,2019/5/19 15:23:50,中文(简体) - 百度输入法,患儿1天前无明显诱因出现阵发性哭闹，伴呕吐，呕吐物为胃内容物，无咖啡样物，共5次,
42,2,OemPeriod,1,。,1558279431,2019/5/19 15:23:51,中文(简体) - 百度输入法,患儿1天前无明显诱因出现阵发性哭闹，伴呕吐，呕吐物为胃内容物，无咖啡样物，共5次。,
