﻿ID,TID,Keyboard,KeyLength,MapText,TimeStamp,Time,IME,CurText
1,8,"S'H'U'H'O'U'Z'D'U'A'N'D2",12,术后诊断,1558279995,2019/5/19 15:33:14,搜狗拼音输入法,术后诊断,
2,8,"LeftShift'Oem1",2, ,1558279995,2019/5/19 15:33:15,搜狗拼音输入法,术后诊断 ,
3,8,"S'H'U'A'N'G'D2",7,：双,1558279997,2019/5/19 15:33:17,搜狗拼音输入法,术后诊断：双,
4,8,"L'U'A'N'C'X'I'A'N'A'Back'Back'Back'Back'Back'H'A'O'X'I'A'N'A'I'Space",25,卵巢腺癌,1558280007,2019/5/19 15:33:26,搜狗拼音输入法,术后诊断：双卵巢腺癌,
5,8,"Capital'I",2,I,1558280008,2019/5/19 15:33:27,搜狗拼音输入法,术后诊断：双卵巢腺癌I,
6,8,I,1,I,1558280008,2019/5/19 15:33:27,搜狗拼音输入法,术后诊断：双卵巢腺癌II,
7,8,B,1,B,1558280008,2019/5/19 15:33:28,搜狗拼音输入法,术后诊断：双卵巢腺癌IIB,
8,8,"Capital'Q'I'OemPlus'Space",5,期,1558280011,2019/5/19 15:33:30,搜狗拼音输入法,术后诊断：双卵巢腺癌IIB期,
9,8,OemPeriod,1, ,1558280012,2019/5/19 15:33:31,搜狗拼音输入法,术后诊断：双卵巢腺癌IIB期 ,
