﻿ID,TID,Keyboard,KeyLength,MapText,TimeStamp,Time,IME,CurText
1,8,"S'U'H'O'OemPlus'Back'Back'Back'Back'S'H'U'H'D2",14,术后,1558279368,2019/5/19 15:22:48,中文(简体) - 百度输入法,术后,
2,8,"Z'D'U'A'N'D4",6,诊断,1558279371,2019/5/19 15:22:51,中文(简体) - 百度输入法,术后诊断,
3,8,Oem1,1,；,1558279372,2019/5/19 15:22:52,中文(简体) - 百度输入法,术后诊断；,
4,8,Back,1,-；,1558279373,2019/5/19 15:22:53,中文(简体) - 百度输入法,术后诊断,
5,8,"LeftShift'Oem1",2,：,1558279374,2019/5/19 15:22:54,中文(简体) - 百度输入法,术后诊断：,
6,8,"S'H'U'A'N'G'Space",7,双,1558279376,2019/5/19 15:22:55,中文(简体) - 百度输入法,术后诊断：双,
7,8,"L'U'A'N'C'H'A'O'Space",9,卵巢,1558279378,2019/5/19 15:22:57,中文(简体) - 百度输入法,术后诊断：双卵巢,
8,8,"X'I'A'N'A'I'D3",7,腺癌,1558279380,2019/5/19 15:22:59,中文(简体) - 百度输入法,术后诊断：双卵巢腺癌,
9,8,"Capital'I",2,I,1558279381,2019/5/19 15:23:00,中文(简体) - 百度输入法,术后诊断：双卵巢腺癌I,
10,8,I,1,I,1558279381,2019/5/19 15:23:00,中文(简体) - 百度输入法,术后诊断：双卵巢腺癌II,
11,8,B,1,B,1558279381,2019/5/19 15:23:01,中文(简体) - 百度输入法,术后诊断：双卵巢腺癌IIB,
12,8,"Capital'Q'I'D3",4,期,1558279383,2019/5/19 15:23:02,中文(简体) - 百度输入法,术后诊断：双卵巢腺癌IIB期,
13,8,OemPeriod,1,。,1558279384,2019/5/19 15:23:04,中文(简体) - 百度输入法,术后诊断：双卵巢腺癌IIB期。,
14,2,"H'U'A'N'E'R'Space",7,患儿,1558279393,2019/5/19 15:23:12,中文(简体) - 百度输入法,患儿,
15,2,D1,1,1,1558279394,2019/5/19 15:23:13,中文(简体) - 百度输入法,患儿1,
16,2,"T'I'A'N'Q'I'A'N'Space",9,天前,1558279396,2019/5/19 15:23:15,中文(简体) - 百度输入法,患儿1天前,
17,2,"W'U'Space",3,无,1558279397,2019/5/19 15:23:16,中文(简体) - 百度输入法,患儿1天前无,
18,2,"M'I'G'N'Q'X'Back'Back'X'Space",10,明显,1558279399,2019/5/19 15:23:19,中文(简体) - 百度输入法,患儿1天前无明显,
19,2,"Y'O'U'Y'Space",5,诱因,1558279401,2019/5/19 15:23:20,中文(简体) - 百度输入法,患儿1天前无明显诱因,
20,2,"C'H'U'X'Space",5,出现,1558279402,2019/5/19 15:23:21,中文(简体) - 百度输入法,患儿1天前无明显诱因出现,
21,2,"Z'H'E'N'D'Back'F'A'X'Space",10,阵发性,1558279404,2019/5/19 15:23:24,中文(简体) - 百度输入法,患儿1天前无明显诱因出现阵发性,
22,2,"K'U'N'A'O'Space",6,苦恼,1558279405,2019/5/19 15:23:25,中文(简体) - 百度输入法,患儿1天前无明显诱因出现阵发性苦恼,
23,2,Back,1,-恼,1558279406,2019/5/19 15:23:26,中文(简体) - 百度输入法,患儿1天前无明显诱因出现阵发性苦,
24,2,Back,1,-苦,1558279406,2019/5/19 15:23:26,中文(简体) - 百度输入法,患儿1天前无明显诱因出现阵发性,
25,2,"K'U'N'A'O'D2",6,哭闹,1558279408,2019/5/19 15:23:27,中文(简体) - 百度输入法,患儿1天前无明显诱因出现阵发性哭闹,
26,2,OemComma,1,，,1558279409,2019/5/19 15:23:28,中文(简体) - 百度输入法,患儿1天前无明显诱因出现阵发性哭闹，,
27,2,"B'A'N'O'U'T'U'Space",8,伴呕吐,1558279411,2019/5/19 15:23:30,中文(简体) - 百度输入法,患儿1天前无明显诱因出现阵发性哭闹，伴呕吐,
28,2,OemComma,1,，,1558279411,2019/5/19 15:23:30,中文(简体) - 百度输入法,患儿1天前无明显诱因出现阵发性哭闹，伴呕吐，,
29,2,"O'U'T'U'W'U'Space",7,呕吐物,1558279412,2019/5/19 15:23:32,中文(简体) - 百度输入法,患儿1天前无明显诱因出现阵发性哭闹，伴呕吐，呕吐物,
30,2,"W'E'I'Space",4,为,1558279413,2019/5/19 15:23:32,中文(简体) - 百度输入法,患儿1天前无明显诱因出现阵发性哭闹，伴呕吐，呕吐物为,
31,2,"W'E'I'N'E'I'R'O'N'G'W'D2",12,胃内容物,1558279416,2019/5/19 15:23:35,中文(简体) - 百度输入法,患儿1天前无明显诱因出现阵发性哭闹，伴呕吐，呕吐物为胃内容物,
32,2,OemComma,1,，,1558279416,2019/5/19 15:23:36,中文(简体) - 百度输入法,患儿1天前无明显诱因出现阵发性哭闹，伴呕吐，呕吐物为胃内容物，,
33,2,"W'U'Space",3,无,1558279418,2019/5/19 15:23:37,中文(简体) - 百度输入法,患儿1天前无明显诱因出现阵发性哭闹，伴呕吐，呕吐物为胃内容物，无,
34,2,"K'A'F'E'I'W'Back'Y'A'N'G'Space",12,咖啡样,1558279422,2019/5/19 15:23:41,中文(简体) - 百度输入法,患儿1天前无明显诱因出现阵发性哭闹，伴呕吐，呕吐物为胃内容物，无咖啡样,
35,2,"W'U'OemPlus'D3",4,物,1558279425,2019/5/19 15:23:45,中文(简体) - 百度输入法,患儿1天前无明显诱因出现阵发性哭闹，伴呕吐，呕吐物为胃内容物，无咖啡样物,
36,2,OemComma,1,，,1558279426,2019/5/19 15:23:45,中文(简体) - 百度输入法,患儿1天前无明显诱因出现阵发性哭闹，伴呕吐，呕吐物为胃内容物，无咖啡样物，,
37,2,"G'O'N'G'Space",5,工,1558279427,2019/5/19 15:23:46,中文(简体) - 百度输入法,患儿1天前无明显诱因出现阵发性哭闹，伴呕吐，呕吐物为胃内容物，无咖啡样物，工,
38,2,Back,1,-工,1558279427,2019/5/19 15:23:47,中文(简体) - 百度输入法,患儿1天前无明显诱因出现阵发性哭闹，伴呕吐，呕吐物为胃内容物，无咖啡样物，,
39,2,"G'O'N'G'D2",5,共,1558279428,2019/5/19 15:23:48,中文(简体) - 百度输入法,患儿1天前无明显诱因出现阵发性哭闹，伴呕吐，呕吐物为胃内容物，无咖啡样物，共,
40,2,D5,1,5,1558279429,2019/5/19 15:23:49,中文(简体) - 百度输入法,患儿1天前无明显诱因出现阵发性哭闹，伴呕吐，呕吐物为胃内容物，无咖啡样物，共5,
41,2,"C'I'Space",3,次,1558279430,2019/5/19 15:23:50,中文(简体) - 百度输入法,患儿1天前无明显诱因出现阵发性哭闹，伴呕吐，呕吐物为胃内容物，无咖啡样物，共5次,
42,2,OemPeriod,1,。,1558279431,2019/5/19 15:23:51,中文(简体) - 百度输入法,患儿1天前无明显诱因出现阵发性哭闹，伴呕吐，呕吐物为胃内容物，无咖啡样物，共5次。,
43,6,"S'U'H'O'U'Z'E'N'Back'Back'Back'Back'Back'Back'Back'H'U'H'O'U'Z'H'E'N'D'Space",26,术后诊断,1558279442,2019/5/19 15:24:01,中文(简体) - 百度输入法,术后诊断,
44,6,"LeftShift'Oem1",2,：,1558279442,2019/5/19 15:24:02,中文(简体) - 百度输入法,术后诊断：,
45,6,"S'H'A'U'N'G'L'U'A'N'C'Back'Back'Back'Back'Back'Back'Back'Back'Back'U'A'N'G'L'U'A'N'V'Back'C'A'Back'H'A'O'A'I'Space",39,双卵巢癌,1558279454,2019/5/19 15:24:13,中文(简体) - 百度输入法,术后诊断：双卵巢癌,
46,6,Back,1,-癌,1558279454,2019/5/19 15:24:14,中文(简体) - 百度输入法,术后诊断：双卵巢,
47,6,"X'I'A'N'A'I'Space",7,腺癌,1558279456,2019/5/19 15:24:16,中文(简体) - 百度输入法,术后诊断：双卵巢腺癌,
48,6,"Capital'I",2,I,1558279457,2019/5/19 15:24:17,中文(简体) - 百度输入法,术后诊断：双卵巢腺癌I,
49,6,I,1,I,1558279457,2019/5/19 15:24:17,中文(简体) - 百度输入法,术后诊断：双卵巢腺癌II,
50,6,B,1,B,1558279458,2019/5/19 15:24:17,中文(简体) - 百度输入法,术后诊断：双卵巢腺癌IIB,
51,6,"Capital'Q'I'Space",4,期,1558279459,2019/5/19 15:24:18,中文(简体) - 百度输入法,术后诊断：双卵巢腺癌IIB期,
52,6,OemPeriod,1,。,1558279459,2019/5/19 15:24:19,中文(简体) - 百度输入法,术后诊断：双卵巢腺癌IIB期。,
53,4,"H'U'A'N'Z'H'E'Space",8,患者,1558279465,2019/5/19 15:24:24,中文(简体) - 百度输入法,患者,
54,4,"Y'I'N'Space",4,因,1558279466,2019/5/19 15:24:25,中文(简体) - 百度输入法,患者因,
55,4,"LeftShift'OemQuotes",2,“,1558279467,2019/5/19 15:24:26,中文(简体) - 百度输入法,患者因“,
56,4,"B'U'G'U'I'Z'E'Space",8,不规则,1558279468,2019/5/19 15:24:28,中文(简体) - 百度输入法,患者因“不规则,
57,4,"Y'I'N'D'A'O'D2",7,阴道,1558279470,2019/5/19 15:24:30,中文(简体) - 百度输入法,患者因“不规则阴道,
58,4,"L'I'U'X'U'E'Space",7,流血,1558279472,2019/5/19 15:24:31,中文(简体) - 百度输入法,患者因“不规则阴道流血,
59,4,"B'G'A'N'Back'Back'Back'B'A'Back'Back'A'N'OemMinus'Back'OemPlus'D4",17,伴,1558279479,2019/5/19 15:24:38,中文(简体) - 百度输入法,患者因“不规则阴道流血伴,
60,4,"Y'I'N'D'A'O'P'A'I'Y'D2",11,阴道排液,1558279481,2019/5/19 15:24:41,中文(简体) - 百度输入法,患者因“不规则阴道流血伴阴道排液,
61,4,D1,1,1,1558279483,2019/5/19 15:24:43,中文(简体) - 百度输入法,患者因“不规则阴道流血伴阴道排液1,
62,4,"LeftShift'OemPlus",2,+,1558279484,2019/5/19 15:24:43,中文(简体) - 百度输入法,患者因“不规则阴道流血伴阴道排液1+,
63,4,"N'I'A'N'Space",5,年,1558279485,2019/5/19 15:24:45,中文(简体) - 百度输入法,患者因“不规则阴道流血伴阴道排液1+年,
64,4,"LeftShift'OemQuotes",2,”,1558279487,2019/5/19 15:24:46,中文(简体) - 百度输入法,患者因“不规则阴道流血伴阴道排液1+年”,
65,4,OemComma,1,，,1558279488,2019/5/19 15:24:47,中文(简体) - 百度输入法,患者因“不规则阴道流血伴阴道排液1+年”，,
66,4,"Z'H'E'N'D'U'A'N'X'I'N'G'Space",13,诊断性,1558279490,2019/5/19 15:24:50,中文(简体) - 百度输入法,患者因“不规则阴道流血伴阴道排液1+年”，诊断性,
67,4,"G'U'A'G'O'N'G'B'I'N'G'L'I'D2",14,刮宫病理,1558279493,2019/5/19 15:24:53,中文(简体) - 百度输入法,患者因“不规则阴道流血伴阴道排液1+年”，诊断性刮宫病理,
68,4,"T'I'S'H'I'Space",6,提示,1558279495,2019/5/19 15:24:54,中文(简体) - 百度输入法,患者因“不规则阴道流血伴阴道排液1+年”，诊断性刮宫病理提示,
69,4,"LeftShift'Oem1",2,：,1558279495,2019/5/19 15:24:55,中文(简体) - 百度输入法,患者因“不规则阴道流血伴阴道排液1+年”，诊断性刮宫病理提示：,
70,4,"LeftShift'D9",2,（,1558279496,2019/5/19 15:24:55,中文(简体) - 百度输入法,患者因“不规则阴道流血伴阴道排液1+年”，诊断性刮宫病理提示：（,
71,4,D0,1,）,1558279496,2019/5/19 15:24:55,中文(简体) - 百度输入法,患者因“不规则阴道流血伴阴道排液1+年”，诊断性刮宫病理提示：（）,
72,4,"Left'G'N'Back'O'N'G'Q'I'A'N'G'Space",13,宫腔,1558279502,2019/5/19 15:25:01,中文(简体) - 百度输入法,患者因“不规则阴道流血伴阴道排液1+年”，诊断性刮宫病理提示：（宫腔）,
73,4,"Right'Z'I'G'O'N'G'N'P'Back'N'Back'M'Space",14,子宫内膜,1558279506,2019/5/19 15:25:05,中文(简体) - 百度输入法,患者因“不规则阴道流血伴阴道排液1+年”，诊断性刮宫病理提示：（宫腔）子宫内膜,
74,4,"Y'A'N'G'Space",5,样,1558279507,2019/5/19 15:25:06,中文(简体) - 百度输入法,患者因“不规则阴道流血伴阴道排液1+年”，诊断性刮宫病理提示：（宫腔）子宫内膜样,
75,4,"X'I'A'N'A'O'Back'Back'A'I'Space",11,腺癌,1558279510,2019/5/19 15:25:10,中文(简体) - 百度输入法,患者因“不规则阴道流血伴阴道排液1+年”，诊断性刮宫病理提示：（宫腔）子宫内膜样腺癌,
76,4,"Capital'G",2,G,1558279511,2019/5/19 15:25:10,中文(简体) - 百度输入法,患者因“不规则阴道流血伴阴道排液1+年”，诊断性刮宫病理提示：（宫腔）子宫内膜样腺癌G,
77,4,D2,1,2,1558279511,2019/5/19 15:25:11,中文(简体) - 百度输入法,患者因“不规则阴道流血伴阴道排液1+年”，诊断性刮宫病理提示：（宫腔）子宫内膜样腺癌G2,
78,4,"Capital'Oem1",2,；,1558279512,2019/5/19 15:25:12,中文(简体) - 百度输入法,患者因“不规则阴道流血伴阴道排液1+年”，诊断性刮宫病理提示：（宫腔）子宫内膜样腺癌G2；,
79,4,"W'O'Y'A'U'N'Space",7,我院,1558279514,2019/5/19 15:25:13,中文(简体) - 百度输入法,患者因“不规则阴道流血伴阴道排液1+年”，诊断性刮宫病理提示：（宫腔）子宫内膜样腺癌G2；我院,
80,4,"B'I'N'G'L'I'D9'Back'Back'D2",10,病理,1558279516,2019/5/19 15:25:16,中文(简体) - 百度输入法,患者因“不规则阴道流血伴阴道排液1+年”，诊断性刮宫病理提示：（宫腔）子宫内膜样腺癌G2；我院病理,
81,4,"H'U'I'Z'H'E'N'Space",8,会诊,1558279518,2019/5/19 15:25:17,中文(简体) - 百度输入法,患者因“不规则阴道流血伴阴道排液1+年”，诊断性刮宫病理提示：（宫腔）子宫内膜样腺癌G2；我院病理会诊,
82,4,"T'I'S'Space",4,提示,1558279519,2019/5/19 15:25:19,中文(简体) - 百度输入法,患者因“不规则阴道流血伴阴道排液1+年”，诊断性刮宫病理提示：（宫腔）子宫内膜样腺癌G2；我院病理会诊提示,
83,4,"LeftShift'Oem1",2,：,1558279521,2019/5/19 15:25:20,中文(简体) - 百度输入法,患者因“不规则阴道流血伴阴道排液1+年”，诊断性刮宫病理提示：（宫腔）子宫内膜样腺癌G2；我院病理会诊提示：,
84,4,"Z'I'G'N'M'Space",6,子宫内膜,1558279526,2019/5/19 15:25:25,中文(简体) - 百度输入法,患者因“不规则阴道流血伴阴道排液1+年”，诊断性刮宫病理提示：（宫腔）子宫内膜样腺癌G2；我院病理会诊提示：子宫内膜,
85,4,"Y'Space",2,样,1558279527,2019/5/19 15:25:26,中文(简体) - 百度输入法,患者因“不规则阴道流血伴阴道排液1+年”，诊断性刮宫病理提示：（宫腔）子宫内膜样腺癌G2；我院病理会诊提示：子宫内膜样,
86,4,"X'I'A'N'A'I'Space",7,腺癌,1558279529,2019/5/19 15:25:29,中文(简体) - 百度输入法,患者因“不规则阴道流血伴阴道排液1+年”，诊断性刮宫病理提示：（宫腔）子宫内膜样腺癌G2；我院病理会诊提示：子宫内膜样腺癌,
87,4,"Capital'G",2,G,1558279530,2019/5/19 15:25:29,中文(简体) - 百度输入法,患者因“不规则阴道流血伴阴道排液1+年”，诊断性刮宫病理提示：（宫腔）子宫内膜样腺癌G2；我院病理会诊提示：子宫内膜样腺癌G,
88,4,D2,1,2,1558279530,2019/5/19 15:25:30,中文(简体) - 百度输入法,患者因“不规则阴道流血伴阴道排液1+年”，诊断性刮宫病理提示：（宫腔）子宫内膜样腺癌G2；我院病理会诊提示：子宫内膜样腺癌G2,
89,4,OemMinus,1,-,1558279530,2019/5/19 15:25:30,中文(简体) - 百度输入法,患者因“不规则阴道流血伴阴道排液1+年”，诊断性刮宫病理提示：（宫腔）子宫内膜样腺癌G2；我院病理会诊提示：子宫内膜样腺癌G2-,
90,4,D4,1,4,1558279531,2019/5/19 15:25:30,中文(简体) - 百度输入法,患者因“不规则阴道流血伴阴道排液1+年”，诊断性刮宫病理提示：（宫腔）子宫内膜样腺癌G2；我院病理会诊提示：子宫内膜样腺癌G2-4,
91,4,Back,1,-4,1558279531,2019/5/19 15:25:30,中文(简体) - 百度输入法,患者因“不规则阴道流血伴阴道排液1+年”，诊断性刮宫病理提示：（宫腔）子宫内膜样腺癌G2；我院病理会诊提示：子宫内膜样腺癌G2-,
92,4,D3,1,3,1558279531,2019/5/19 15:25:30,中文(简体) - 百度输入法,患者因“不规则阴道流血伴阴道排液1+年”，诊断性刮宫病理提示：（宫腔）子宫内膜样腺癌G2；我院病理会诊提示：子宫内膜样腺癌G2-3,
93,4,OemComma,1,",",1558279532,2019/5/19 15:25:32,中文(简体) - 百度输入法,"患者因“不规则阴道流血伴阴道排液1+年”，诊断性刮宫病理提示：（宫腔）子宫内膜样腺癌G2；我院病理会诊提示：子宫内膜样腺癌G2-3,",
94,4,"Capital'G'O'N'G'J'I'N'G'G'Space",11,宫颈管,1558279536,2019/5/19 15:25:36,中文(简体) - 百度输入法,"患者因“不规则阴道流血伴阴道排液1+年”，诊断性刮宫病理提示：（宫腔）子宫内膜样腺癌G2；我院病理会诊提示：子宫内膜样腺癌G2-3,宫颈管",
95,4,"S'A'O'G'U'A'N'Back'Back'A'Space",11,骚呱,1558279539,2019/5/19 15:25:39,中文(简体) - 百度输入法,"患者因“不规则阴道流血伴阴道排液1+年”，诊断性刮宫病理提示：（宫腔）子宫内膜样腺癌G2；我院病理会诊提示：子宫内膜样腺癌G2-3,宫颈管骚呱",
96,4,Back,1,-呱,1558279540,2019/5/19 15:25:40,中文(简体) - 百度输入法,"患者因“不规则阴道流血伴阴道排液1+年”，诊断性刮宫病理提示：（宫腔）子宫内膜样腺癌G2；我院病理会诊提示：子宫内膜样腺癌G2-3,宫颈管骚",
97,4,Back,1,-骚,1558279540,2019/5/19 15:25:40,中文(简体) - 百度输入法,"患者因“不规则阴道流血伴阴道排液1+年”，诊断性刮宫病理提示：（宫腔）子宫内膜样腺癌G2；我院病理会诊提示：子宫内膜样腺癌G2-3,宫颈管",
98,4,"S'A'O'G'U'A'D2",7,搔刮,1558279543,2019/5/19 15:25:43,中文(简体) - 百度输入法,"患者因“不规则阴道流血伴阴道排液1+年”，诊断性刮宫病理提示：（宫腔）子宫内膜样腺癌G2；我院病理会诊提示：子宫内膜样腺癌G2-3,宫颈管搔刮",
99,4,"Z'U'Z'H'I'Space",6,组织,1558279544,2019/5/19 15:25:44,中文(简体) - 百度输入法,"患者因“不规则阴道流血伴阴道排液1+年”，诊断性刮宫病理提示：（宫腔）子宫内膜样腺癌G2；我院病理会诊提示：子宫内膜样腺癌G2-3,宫颈管搔刮组织",
100,4,"J'I'A'N'Space",5,见,1558279546,2019/5/19 15:25:45,中文(简体) - 百度输入法,"患者因“不规则阴道流血伴阴道排液1+年”，诊断性刮宫病理提示：（宫腔）子宫内膜样腺癌G2；我院病理会诊提示：子宫内膜样腺癌G2-3,宫颈管搔刮组织见",
101,4,"S'H'A'O'L'Space",6,少量,1558279547,2019/5/19 15:25:47,中文(简体) - 百度输入法,"患者因“不规则阴道流血伴阴道排液1+年”，诊断性刮宫病理提示：（宫腔）子宫内膜样腺癌G2；我院病理会诊提示：子宫内膜样腺癌G2-3,宫颈管搔刮组织见少量",
102,4,"N'I'N'A'M'O'Back'Back'Back'Back'A'N'M'D2",14,粘膜,1558279551,2019/5/19 15:25:51,中文(简体) - 百度输入法,"患者因“不规则阴道流血伴阴道排液1+年”，诊断性刮宫病理提示：（宫腔）子宫内膜样腺癌G2；我院病理会诊提示：子宫内膜样腺癌G2-3,宫颈管搔刮组织见少量粘膜",
103,4,"Z'U'Z'Space",4,组织,1558279552,2019/5/19 15:25:51,中文(简体) - 百度输入法,"患者因“不规则阴道流血伴阴道排液1+年”，诊断性刮宫病理提示：（宫腔）子宫内膜样腺癌G2；我院病理会诊提示：子宫内膜样腺癌G2-3,宫颈管搔刮组织见少量粘膜组织",
104,4,"J'I'Space",3,及,1558279553,2019/5/19 15:25:52,中文(简体) - 百度输入法,"患者因“不规则阴道流血伴阴道排液1+年”，诊断性刮宫病理提示：（宫腔）子宫内膜样腺癌G2；我院病理会诊提示：子宫内膜样腺癌G2-3,宫颈管搔刮组织见少量粘膜组织及",
105,4,"S'H'A'O'L'Space",6,少量,1558279554,2019/5/19 15:25:53,中文(简体) - 百度输入法,"患者因“不规则阴道流血伴阴道排液1+年”，诊断性刮宫病理提示：（宫腔）子宫内膜样腺癌G2；我院病理会诊提示：子宫内膜样腺癌G2-3,宫颈管搔刮组织见少量粘膜组织及少量",
106,4,"Y'I'X'I'N'G'OemMinus'Back'OemPlus'OemPlus'OemMinus'D5",12,异型,1558279562,2019/5/19 15:26:01,中文(简体) - 百度输入法,"患者因“不规则阴道流血伴阴道排液1+年”，诊断性刮宫病理提示：（宫腔）子宫内膜样腺癌G2；我院病理会诊提示：子宫内膜样腺癌G2-3,宫颈管搔刮组织见少量粘膜组织及少量异型",
107,4,"D'E'Space",3,的,1558279562,2019/5/19 15:26:02,中文(简体) - 百度输入法,"患者因“不规则阴道流血伴阴道排液1+年”，诊断性刮宫病理提示：（宫腔）子宫内膜样腺癌G2；我院病理会诊提示：子宫内膜样腺癌G2-3,宫颈管搔刮组织见少量粘膜组织及少量异型的",
108,4,"N'B'E'I'Back'Back'Back'E'I'N'Back'M'O'Space",14,内膜,1558279567,2019/5/19 15:26:07,中文(简体) - 百度输入法,"患者因“不规则阴道流血伴阴道排液1+年”，诊断性刮宫病理提示：（宫腔）子宫内膜样腺癌G2；我院病理会诊提示：子宫内膜样腺癌G2-3,宫颈管搔刮组织见少量粘膜组织及少量异型的内膜",
109,4,"X'I'A'N'T'I'D3",7,腺体,1558279570,2019/5/19 15:26:10,中文(简体) - 百度输入法,"患者因“不规则阴道流血伴阴道排液1+年”，诊断性刮宫病理提示：（宫腔）子宫内膜样腺癌G2；我院病理会诊提示：子宫内膜样腺癌G2-3,宫颈管搔刮组织见少量粘膜组织及少量异型的内膜腺体",
110,4,OemPeriod,1,。,1558279571,2019/5/19 15:26:10,中文(简体) - 百度输入法,"患者因“不规则阴道流血伴阴道排液1+年”，诊断性刮宫病理提示：（宫腔）子宫内膜样腺癌G2；我院病理会诊提示：子宫内膜样腺癌G2-3,宫颈管搔刮组织见少量粘膜组织及少量异型的内膜腺体。",
