﻿ID,TID,Keyboard,KeyLength,MapText,TimeStamp,Time,IME,CurText
1,8,"S'H'U'H'O'U'Z'D'U'A'N'D2",12,术后诊断,1558279995,2019/5/19 15:33:14,搜狗拼音输入法,术后诊断,
2,8,"LeftShift'Oem1",2, ,1558279995,2019/5/19 15:33:15,搜狗拼音输入法,术后诊断 ,
3,8,"S'H'U'A'N'G'D2",7,：双,1558279997,2019/5/19 15:33:17,搜狗拼音输入法,术后诊断：双,
4,8,"L'U'A'N'C'X'I'A'N'A'Back'Back'Back'Back'Back'H'A'O'X'I'A'N'A'I'Space",25,卵巢腺癌,1558280007,2019/5/19 15:33:26,搜狗拼音输入法,术后诊断：双卵巢腺癌,
5,8,"Capital'I",2,I,1558280008,2019/5/19 15:33:27,搜狗拼音输入法,术后诊断：双卵巢腺癌I,
6,8,I,1,I,1558280008,2019/5/19 15:33:27,搜狗拼音输入法,术后诊断：双卵巢腺癌II,
7,8,B,1,B,1558280008,2019/5/19 15:33:28,搜狗拼音输入法,术后诊断：双卵巢腺癌IIB,
8,8,"Capital'Q'I'OemPlus'Space",5,期,1558280011,2019/5/19 15:33:30,搜狗拼音输入法,术后诊断：双卵巢腺癌IIB期,
9,8,OemPeriod,1, ,1558280012,2019/5/19 15:33:31,搜狗拼音输入法,术后诊断：双卵巢腺癌IIB期 ,
10,2,"H'U'A'N'E'R'Space",7,患儿,1558280018,2019/5/19 15:33:38,搜狗拼音输入法,患儿,
11,2,D1,1,1,1558280019,2019/5/19 15:33:39,搜狗拼音输入法,患儿1,
12,2,"T'I'A'N'Space",5,天,1558280020,2019/5/19 15:33:40,搜狗拼音输入法,患儿1天,
13,2,"I'Back'Q'I'A'N'Space",7,前,1558280022,2019/5/19 15:33:41,搜狗拼音输入法,患儿1天前,
14,2,"W'U'Space",3,五,1558280023,2019/5/19 15:33:43,搜狗拼音输入法,患儿1天前五,
15,2,Back,1,-五,1558280024,2019/5/19 15:33:43,搜狗拼音输入法,患儿1天前,
16,2,"W'U'D3",3,无,1558280025,2019/5/19 15:33:45,搜狗拼音输入法,患儿1天前无,
17,2,"M'I'N'G'X'I'A'N'Space",9,明显,1558280027,2019/5/19 15:33:46,搜狗拼音输入法,患儿1天前无明显,
18,2,"Y'O'U'Y'I'N'Space",7,诱因,1558280028,2019/5/19 15:33:48,搜狗拼音输入法,患儿1天前无明显诱因,
19,2,"C'H'U'X'I'A'N'Space",8,出现,1558280029,2019/5/19 15:33:49,搜狗拼音输入法,患儿1天前无明显诱因出现,
20,2,"Z'H'E'N'D'Back'F'A'X'Space",10,阵发性,1558280032,2019/5/19 15:33:51,搜狗拼音输入法,患儿1天前无明显诱因出现阵发性,
21,2,"K'U'N'A'O'Space",6,苦恼,1558280034,2019/5/19 15:33:53,搜狗拼音输入法,患儿1天前无明显诱因出现阵发性苦恼,
22,2,Back,1,-恼,1558280034,2019/5/19 15:33:54,搜狗拼音输入法,患儿1天前无明显诱因出现阵发性苦,
23,2,Back,1,-苦,1558280034,2019/5/19 15:33:54,搜狗拼音输入法,患儿1天前无明显诱因出现阵发性,
24,2,"K'U'N'A'P'O'O'Back'Back'Back'O'D2",12,哭闹,1558280038,2019/5/19 15:33:57,搜狗拼音输入法,患儿1天前无明显诱因出现阵发性哭闹,
25,2,OemPeriod,1, ,1558280038,2019/5/19 15:33:57,搜狗拼音输入法,患儿1天前无明显诱因出现阵发性哭闹 ,
26,2,Back,1,- ,1558280039,2019/5/19 15:33:59,搜狗拼音输入法,患儿1天前无明显诱因出现阵发性哭闹,
27,2,OemQuestion,1, ,1558280039,2019/5/19 15:33:59,搜狗拼音输入法,患儿1天前无明显诱因出现阵发性哭闹 ,
28,2,"B'A'N'O'U'T'Space",7,、伴呕吐,1558280041,2019/5/19 15:34:01,搜狗拼音输入法,患儿1天前无明显诱因出现阵发性哭闹、伴呕吐,
29,2,OemComma,1, ,1558280042,2019/5/19 15:34:02,搜狗拼音输入法,患儿1天前无明显诱因出现阵发性哭闹、伴呕吐 ,
30,2,"O'U'T'W'Space",5,，呕吐物,1558280044,2019/5/19 15:34:03,搜狗拼音输入法,患儿1天前无明显诱因出现阵发性哭闹、伴呕吐，呕吐物,
31,2,"W'E'I'Space",4,为,1558280045,2019/5/19 15:34:04,搜狗拼音输入法,患儿1天前无明显诱因出现阵发性哭闹、伴呕吐，呕吐物为,
32,2,"K'A'Back'Back'W'E'I'N'E'I'R'Q'W'Back'W'Back'Back'W'D2",19,胃内容物,1558280050,2019/5/19 15:34:10,搜狗拼音输入法,患儿1天前无明显诱因出现阵发性哭闹、伴呕吐，呕吐物为胃内容物,
33,2,OemComma,1, ,1558280051,2019/5/19 15:34:11,搜狗拼音输入法,患儿1天前无明显诱因出现阵发性哭闹、伴呕吐，呕吐物为胃内容物 ,
34,2,"W'U'Space",3,，无,1558280053,2019/5/19 15:34:12,搜狗拼音输入法,患儿1天前无明显诱因出现阵发性哭闹、伴呕吐，呕吐物为胃内容物，无,
35,2,"K'A'F'E'I'Y'A'N'G'Space",10,咖啡样,1558280055,2019/5/19 15:34:15,搜狗拼音输入法,患儿1天前无明显诱因出现阵发性哭闹、伴呕吐，呕吐物为胃内容物，无咖啡样,
36,2,"W'U'D2",3,物,1558280056,2019/5/19 15:34:16,搜狗拼音输入法,患儿1天前无明显诱因出现阵发性哭闹、伴呕吐，呕吐物为胃内容物，无咖啡样物,
37,2,OemComma,1, ,1558280057,2019/5/19 15:34:17,搜狗拼音输入法,患儿1天前无明显诱因出现阵发性哭闹、伴呕吐，呕吐物为胃内容物，无咖啡样物 ,
38,2,"G'O'N'G'D2",5,，共,1558280059,2019/5/19 15:34:18,搜狗拼音输入法,患儿1天前无明显诱因出现阵发性哭闹、伴呕吐，呕吐物为胃内容物，无咖啡样物，共,
39,2,D5,1,5,1558280059,2019/5/19 15:34:19,搜狗拼音输入法,患儿1天前无明显诱因出现阵发性哭闹、伴呕吐，呕吐物为胃内容物，无咖啡样物，共5,
40,2,"C'I'Space",3,次,1558280060,2019/5/19 15:34:20,搜狗拼音输入法,患儿1天前无明显诱因出现阵发性哭闹、伴呕吐，呕吐物为胃内容物，无咖啡样物，共5次,
41,2,OemPeriod,1, ,1558280060,2019/5/19 15:34:20,搜狗拼音输入法,患儿1天前无明显诱因出现阵发性哭闹、伴呕吐，呕吐物为胃内容物，无咖啡样物，共5次 ,
42,6,"S'H'U'H'O'U'Z'D'Space",9,术后诊断,1558280065,2019/5/19 15:34:25,搜狗拼音输入法,术后诊断,
43,6,"LeftShift'Oem1",2, ,1558280066,2019/5/19 15:34:25,搜狗拼音输入法,术后诊断 ,
44,6,"S'H'U'A'N'G'Space",7,：双,1558280068,2019/5/19 15:34:27,搜狗拼音输入法,术后诊断：双,
45,6,"L'U'A'N'C'X'A'D3",8,卵巢腺癌,1558280071,2019/5/19 15:34:30,搜狗拼音输入法,术后诊断：双卵巢腺癌,
46,6,"Capital'I",2,I,1558280072,2019/5/19 15:34:31,搜狗拼音输入法,术后诊断：双卵巢腺癌I,
47,6,B,1,B,1558280072,2019/5/19 15:34:31,搜狗拼音输入法,术后诊断：双卵巢腺癌IB,
48,6,"Capital'Q'I'Space",4,期,1558280073,2019/5/19 15:34:33,搜狗拼音输入法,术后诊断：双卵巢腺癌IB期,
49,6,OemPeriod,1, ,1558280074,2019/5/19 15:34:33,搜狗拼音输入法,术后诊断：双卵巢腺癌IB期 ,
50,6,"Capital'I",2,。,1558280076,2019/5/19 15:34:36,搜狗拼音输入法,术后诊断：双卵巢腺癌IIB期。,
51,4,H,1,H,1558280080,2019/5/19 15:34:39,搜狗拼音输入法,H,
52,4,Back,1,-H,1558280080,2019/5/19 15:34:40,搜狗拼音输入法,,
53,4,"Capital'H'U'A'N'Z'E'Back'Space",9,患者,1558280082,2019/5/19 15:34:42,搜狗拼音输入法,患者,
54,4,"Y'I'N'Space",4,因,1558280083,2019/5/19 15:34:42,搜狗拼音输入法,患者因,
55,4,"LeftShift'OemQuotes",2, ,1558280083,2019/5/19 15:34:43,搜狗拼音输入法,患者因 ,
56,4,OemQuotes,1,“,1558280084,2019/5/19 15:34:43,搜狗拼音输入法,患者因“ ,
57,4,"Left'B'U'G'Z'Space",6,不规则”,1558280086,2019/5/19 15:34:45,搜狗拼音输入法,患者因“不规则”,
58,4,"Y'I'N'D'A'O'L'X'I'U'E'Back'Back'U'Back'Back'U'E'Back'Back'Back'Back'L'I'U'X'U'E'OemPlus'D3'D2",31,阴道流血,1558280099,2019/5/19 15:34:58,搜狗拼音输入法,患者因“不规则阴道流血”,
59,4,"B'A'N'OemPlus'D4",5,伴,1558280103,2019/5/19 15:35:03,搜狗拼音输入法,患者因“不规则阴道流血伴”,
60,4,"Y'I'N'D'A'O'P'A'I'Y'A'I'Back'Back'E'OemPlus'D4'Space",18,阴道排液,1558280113,2019/5/19 15:35:13,搜狗拼音输入法,患者因“不规则阴道流血伴阴道排液”,
61,4,D1,1,1,1558280114,2019/5/19 15:35:14,搜狗拼音输入法,患者因“不规则阴道流血伴阴道排液1”,
62,4,"LeftShift'LeftShift'OemPlus",3,+,1558280115,2019/5/19 15:35:15,搜狗拼音输入法,患者因“不规则阴道流血伴阴道排液1+”,
63,4,OemMinus,1,_,1558280115,2019/5/19 15:35:15,搜狗拼音输入法,患者因“不规则阴道流血伴阴道排液1+_”,
64,4,N,1,n,1558280117,2019/5/19 15:35:16,搜狗拼音输入法,患者因“不规则阴道流血伴阴道排液1+_n”,
65,4,I,1,i,1558280117,2019/5/19 15:35:16,搜狗拼音输入法,患者因“不规则阴道流血伴阴道排液1+_ni”,
66,4,A,1,a,1558280117,2019/5/19 15:35:16,搜狗拼音输入法,患者因“不规则阴道流血伴阴道排液1+_nia”,
67,4,N,1,n,1558280117,2019/5/19 15:35:16,搜狗拼音输入法,患者因“不规则阴道流血伴阴道排液1+_nian”,
68,4,Back,1,-n,1558280117,2019/5/19 15:35:17,搜狗拼音输入法,患者因“不规则阴道流血伴阴道排液1+_nia”,
69,4,Back,1,-a,1558280118,2019/5/19 15:35:17,搜狗拼音输入法,患者因“不规则阴道流血伴阴道排液1+_ni”,
70,4,Back,1,-i,1558280118,2019/5/19 15:35:17,搜狗拼音输入法,患者因“不规则阴道流血伴阴道排液1+_n”,
71,4,Back,1,-n,1558280118,2019/5/19 15:35:17,搜狗拼音输入法,患者因“不规则阴道流血伴阴道排液1+_”,
72,4,Back,1,-_,1558280118,2019/5/19 15:35:18,搜狗拼音输入法,患者因“不规则阴道流血伴阴道排液1+”,
73,4,"LeftShift'N'I'N'A'Back'Back'Back'A'N'Back'Back'I'A'N'Space",16,年,1558280121,2019/5/19 15:35:21,搜狗拼音输入法,患者因“不规则阴道流血伴阴道排液1+年”,
74,4,"Right'OemComma",2, ,1558280123,2019/5/19 15:35:22,搜狗拼音输入法,患者因“不规则阴道流血伴阴道排液1+年” ,
75,4,"Z'H'E'N'D'U'A'N'X'D2",10,，诊断性,1558280125,2019/5/19 15:35:25,搜狗拼音输入法,患者因“不规则阴道流血伴阴道排液1+年”，诊断性,
76,4,"G'U'A'G'O'N'G'Space",8,刮宫,1558280126,2019/5/19 15:35:26,搜狗拼音输入法,患者因“不规则阴道流血伴阴道排液1+年”，诊断性刮宫,
77,4,"B'I'N'G'L'I'D3",7,病理,1558280130,2019/5/19 15:35:29,搜狗拼音输入法,患者因“不规则阴道流血伴阴道排液1+年”，诊断性刮宫病理,
78,4,"T'I'S'H'I'Space",6,提示,1558280132,2019/5/19 15:35:32,搜狗拼音输入法,患者因“不规则阴道流血伴阴道排液1+年”，诊断性刮宫病理提示,
79,4,"LeftShift'Oem1",2, ,1558280133,2019/5/19 15:35:32,搜狗拼音输入法,患者因“不规则阴道流血伴阴道排液1+年”，诊断性刮宫病理提示 ,
80,4,"LeftShift'D9",2,：,1558280133,2019/5/19 15:35:33,搜狗拼音输入法,患者因“不规则阴道流血伴阴道排液1+年”，诊断性刮宫病理提示： ,
81,4,D0,1,（,1558280134,2019/5/19 15:35:33,搜狗拼音输入法,患者因“不规则阴道流血伴阴道排液1+年”，诊断性刮宫病理提示：（ ,
82,4,"Left'G'O'N'G'Q'I'A'N'G'Space",11,宫腔）,1558280137,2019/5/19 15:35:36,搜狗拼音输入法,患者因“不规则阴道流血伴阴道排液1+年”，诊断性刮宫病理提示：（宫腔）,
83,4,"Right'Z'I'G'O'N'G'N'M'Space",10,子宫内膜,1558280139,2019/5/19 15:35:39,搜狗拼音输入法,患者因“不规则阴道流血伴阴道排液1+年”，诊断性刮宫病理提示：（宫腔）子宫内膜,
84,4,"Y'A'N'G'Space",5,样,1558280141,2019/5/19 15:35:40,搜狗拼音输入法,患者因“不规则阴道流血伴阴道排液1+年”，诊断性刮宫病理提示：（宫腔）子宫内膜样,
85,4,"X'I'A'N'A'I'D8'Back'Back'I'D3",11,腺癌,1558280145,2019/5/19 15:35:44,搜狗拼音输入法,患者因“不规则阴道流血伴阴道排液1+年”，诊断性刮宫病理提示：（宫腔）子宫内膜样腺癌,
86,4,"Capital'G",2,G,1558280145,2019/5/19 15:35:45,搜狗拼音输入法,患者因“不规则阴道流血伴阴道排液1+年”，诊断性刮宫病理提示：（宫腔）子宫内膜样腺癌G,
87,4,D2,1,2,1558280146,2019/5/19 15:35:45,搜狗拼音输入法,患者因“不规则阴道流血伴阴道排液1+年”，诊断性刮宫病理提示：（宫腔）子宫内膜样腺癌G2,
88,4,OemMinus,1,-,1558280146,2019/5/19 15:35:45,搜狗拼音输入法,患者因“不规则阴道流血伴阴道排液1+年”，诊断性刮宫病理提示：（宫腔）子宫内膜样腺癌G2-,
89,4,D4,1,4,1558280146,2019/5/19 15:35:46,搜狗拼音输入法,患者因“不规则阴道流血伴阴道排液1+年”，诊断性刮宫病理提示：（宫腔）子宫内膜样腺癌G2-4,
90,4,Back,1,-4,1558280147,2019/5/19 15:35:46,搜狗拼音输入法,患者因“不规则阴道流血伴阴道排液1+年”，诊断性刮宫病理提示：（宫腔）子宫内膜样腺癌G2-,
91,4,D3,1,3,1558280147,2019/5/19 15:35:46,搜狗拼音输入法,患者因“不规则阴道流血伴阴道排液1+年”，诊断性刮宫病理提示：（宫腔）子宫内膜样腺癌G2-3,
92,4,Back,1,-3,1558280148,2019/5/19 15:35:47,搜狗拼音输入法,患者因“不规则阴道流血伴阴道排液1+年”，诊断性刮宫病理提示：（宫腔）子宫内膜样腺癌G2-,
93,4,Back,1,--,1558280148,2019/5/19 15:35:48,搜狗拼音输入法,患者因“不规则阴道流血伴阴道排液1+年”，诊断性刮宫病理提示：（宫腔）子宫内膜样腺癌G2,
94,4,Oem1,1,;,1558280148,2019/5/19 15:35:48,搜狗拼音输入法,患者因“不规则阴道流血伴阴道排液1+年”，诊断性刮宫病理提示：（宫腔）子宫内膜样腺癌G2;,
95,4,"Capital'W'O'Y'U'A'N'Space",8,我院,1558280152,2019/5/19 15:35:51,搜狗拼音输入法,患者因“不规则阴道流血伴阴道排液1+年”，诊断性刮宫病理提示：（宫腔）子宫内膜样腺癌G2;我院,
96,4,"B'I'N'G'L'I'H'U'I'Z'Space",11,病理会诊,1558280154,2019/5/19 15:35:54,搜狗拼音输入法,患者因“不规则阴道流血伴阴道排液1+年”，诊断性刮宫病理提示：（宫腔）子宫内膜样腺癌G2;我院病理会诊,
97,4,"T'I'S'Space",4,提示,1558280156,2019/5/19 15:35:55,搜狗拼音输入法,患者因“不规则阴道流血伴阴道排液1+年”，诊断性刮宫病理提示：（宫腔）子宫内膜样腺癌G2;我院病理会诊提示,
98,4,Oem1,1, ,1558280156,2019/5/19 15:35:56,搜狗拼音输入法,患者因“不规则阴道流血伴阴道排液1+年”，诊断性刮宫病理提示：（宫腔）子宫内膜样腺癌G2;我院病理会诊提示 ,
99,4,"Z'I'G'D2",4,；子宫,1558280158,2019/5/19 15:35:58,搜狗拼音输入法,患者因“不规则阴道流血伴阴道排液1+年”，诊断性刮宫病理提示：（宫腔）子宫内膜样腺癌G2;我院病理会诊提示；子宫,
100,4,"N'E'I'M'O'Y'A'N'G'Space",10,内膜样,1558280161,2019/5/19 15:36:00,搜狗拼音输入法,患者因“不规则阴道流血伴阴道排液1+年”，诊断性刮宫病理提示：（宫腔）子宫内膜样腺癌G2;我院病理会诊提示；子宫内膜样,
101,4,"X'I'A'N'A'I'Space",7,腺癌,1558280162,2019/5/19 15:36:02,搜狗拼音输入法,患者因“不规则阴道流血伴阴道排液1+年”，诊断性刮宫病理提示：（宫腔）子宫内膜样腺癌G2;我院病理会诊提示；子宫内膜样腺癌,
102,4,"Capital'G",2,G,1558280163,2019/5/19 15:36:02,搜狗拼音输入法,患者因“不规则阴道流血伴阴道排液1+年”，诊断性刮宫病理提示：（宫腔）子宫内膜样腺癌G2;我院病理会诊提示；子宫内膜样腺癌G,
103,4,D2,1,2,1558280163,2019/5/19 15:36:02,搜狗拼音输入法,患者因“不规则阴道流血伴阴道排液1+年”，诊断性刮宫病理提示：（宫腔）子宫内膜样腺癌G2;我院病理会诊提示；子宫内膜样腺癌G2,
104,4,OemMinus,1,-,1558280163,2019/5/19 15:36:03,搜狗拼音输入法,患者因“不规则阴道流血伴阴道排液1+年”，诊断性刮宫病理提示：（宫腔）子宫内膜样腺癌G2;我院病理会诊提示；子宫内膜样腺癌G2-,
105,4,D3,1,3,1558280164,2019/5/19 15:36:03,搜狗拼音输入法,患者因“不规则阴道流血伴阴道排液1+年”，诊断性刮宫病理提示：（宫腔）子宫内膜样腺癌G2;我院病理会诊提示；子宫内膜样腺癌G2-3,
106,4,"Capital'OemComma",2, ,1558280165,2019/5/19 15:36:04,搜狗拼音输入法,患者因“不规则阴道流血伴阴道排液1+年”，诊断性刮宫病理提示：（宫腔）子宫内膜样腺癌G2;我院病理会诊提示；子宫内膜样腺癌G2-3 ,
107,4,"G'O'N'G'J'I'N'G'F'Back'Back'G'G'U'A'N'Space",17,，宫颈管,1558280171,2019/5/19 15:36:11,搜狗拼音输入法,患者因“不规则阴道流血伴阴道排液1+年”，诊断性刮宫病理提示：（宫腔）子宫内膜样腺癌G2;我院病理会诊提示；子宫内膜样腺癌G2-3，宫颈管,
108,4,"S'A'O'G'U'A'Z'U'Z'Space",10,搔刮组织,1558280176,2019/5/19 15:36:15,搜狗拼音输入法,患者因“不规则阴道流血伴阴道排液1+年”，诊断性刮宫病理提示：（宫腔）子宫内膜样腺癌G2;我院病理会诊提示；子宫内膜样腺癌G2-3，宫颈管搔刮组织,
109,4,"J'I'A'N'D2",5,见,1558280178,2019/5/19 15:36:17,搜狗拼音输入法,患者因“不规则阴道流血伴阴道排液1+年”，诊断性刮宫病理提示：（宫腔）子宫内膜样腺癌G2;我院病理会诊提示；子宫内膜样腺癌G2-3，宫颈管搔刮组织见,
110,4,"S'H'A'O'L'I'A'N'G'Space",10,少量,1558280180,2019/5/19 15:36:19,搜狗拼音输入法,患者因“不规则阴道流血伴阴道排液1+年”，诊断性刮宫病理提示：（宫腔）子宫内膜样腺癌G2;我院病理会诊提示；子宫内膜样腺癌G2-3，宫颈管搔刮组织见少量,
111,4,"N'I'A'N'N'M'O'Z'U'Z'D2",11,粘膜组织,1558280183,2019/5/19 15:36:22,搜狗拼音输入法,患者因“不规则阴道流血伴阴道排液1+年”，诊断性刮宫病理提示：（宫腔）子宫内膜样腺癌G2;我院病理会诊提示；子宫内膜样腺癌G2-3，宫颈管搔刮组织见少量粘膜组织,
112,4,"J'I'Space",3,及,1558280185,2019/5/19 15:36:24,搜狗拼音输入法,患者因“不规则阴道流血伴阴道排液1+年”，诊断性刮宫病理提示：（宫腔）子宫内膜样腺癌G2;我院病理会诊提示；子宫内膜样腺癌G2-3，宫颈管搔刮组织见少量粘膜组织及,
113,4,"S'H'A'O'L'Space",6,少量,1558280186,2019/5/19 15:36:25,搜狗拼音输入法,患者因“不规则阴道流血伴阴道排液1+年”，诊断性刮宫病理提示：（宫腔）子宫内膜样腺癌G2;我院病理会诊提示；子宫内膜样腺癌G2-3，宫颈管搔刮组织见少量粘膜组织及少量,
114,4,"Y'I'X'I'N'G'Space",7,异性,1558280188,2019/5/19 15:36:27,搜狗拼音输入法,患者因“不规则阴道流血伴阴道排液1+年”，诊断性刮宫病理提示：（宫腔）子宫内膜样腺癌G2;我院病理会诊提示；子宫内膜样腺癌G2-3，宫颈管搔刮组织见少量粘膜组织及少量异性,
115,4,"D'E'Space",3,的,1558280188,2019/5/19 15:36:27,搜狗拼音输入法,患者因“不规则阴道流血伴阴道排液1+年”，诊断性刮宫病理提示：（宫腔）子宫内膜样腺癌G2;我院病理会诊提示；子宫内膜样腺癌G2-3，宫颈管搔刮组织见少量粘膜组织及少量异性的,
116,4,"N'I'A'N'M'O'D2",7,粘膜,1558280190,2019/5/19 15:36:29,搜狗拼音输入法,患者因“不规则阴道流血伴阴道排液1+年”，诊断性刮宫病理提示：（宫腔）子宫内膜样腺癌G2;我院病理会诊提示；子宫内膜样腺癌G2-3，宫颈管搔刮组织见少量粘膜组织及少量异性的粘膜,
117,4,"N'I'A'N'Back'Back'Back'Back'Back",9,-膜,1558280192,2019/5/19 15:36:31,搜狗拼音输入法,患者因“不规则阴道流血伴阴道排液1+年”，诊断性刮宫病理提示：（宫腔）子宫内膜样腺癌G2;我院病理会诊提示；子宫内膜样腺癌G2-3，宫颈管搔刮组织见少量粘膜组织及少量异性的粘,
118,4,Back,1,-粘,1558280192,2019/5/19 15:36:31,搜狗拼音输入法,患者因“不规则阴道流血伴阴道排液1+年”，诊断性刮宫病理提示：（宫腔）子宫内膜样腺癌G2;我院病理会诊提示；子宫内膜样腺癌G2-3，宫颈管搔刮组织见少量粘膜组织及少量异性的,
119,4,Back,1,-的,1558280192,2019/5/19 15:36:32,搜狗拼音输入法,患者因“不规则阴道流血伴阴道排液1+年”，诊断性刮宫病理提示：（宫腔）子宫内膜样腺癌G2;我院病理会诊提示；子宫内膜样腺癌G2-3，宫颈管搔刮组织见少量粘膜组织及少量异性,
120,4,"D'E'Space",3,的,1558280193,2019/5/19 15:36:33,搜狗拼音输入法,患者因“不规则阴道流血伴阴道排液1+年”，诊断性刮宫病理提示：（宫腔）子宫内膜样腺癌G2;我院病理会诊提示；子宫内膜样腺癌G2-3，宫颈管搔刮组织见少量粘膜组织及少量异性的,
121,4,"N'E'I'M'O'Space",6,内膜,1558280194,2019/5/19 15:36:34,搜狗拼音输入法,患者因“不规则阴道流血伴阴道排液1+年”，诊断性刮宫病理提示：（宫腔）子宫内膜样腺癌G2;我院病理会诊提示；子宫内膜样腺癌G2-3，宫颈管搔刮组织见少量粘膜组织及少量异性的内膜,
122,4,"X'I'A'N'T'I'D3",7,腺体,1558280197,2019/5/19 15:36:37,搜狗拼音输入法,患者因“不规则阴道流血伴阴道排液1+年”，诊断性刮宫病理提示：（宫腔）子宫内膜样腺癌G2;我院病理会诊提示；子宫内膜样腺癌G2-3，宫颈管搔刮组织见少量粘膜组织及少量异性的内膜腺体,
123,4,OemPeriod,1, ,1558280198,2019/5/19 15:36:37,搜狗拼音输入法,患者因“不规则阴道流血伴阴道排液1+年”，诊断性刮宫病理提示：（宫腔）子宫内膜样腺癌G2;我院病理会诊提示；子宫内膜样腺癌G2-3，宫颈管搔刮组织见少量粘膜组织及少量异性的内膜腺体 ,
