﻿ID,TID,Keyboard,KeyLength,MapText,TimeStamp,Time,IME,CurText
1,7,"W'U'X'U'K'E'Z'Space",8,无许可证,1558279053,2019/5/19 15:17:32,搜狗拼音输入法,无许可证,
2,7,"P'A'I'W'U'S'D2",7,排污水,1558279056,2019/5/19 15:17:36,搜狗拼音输入法,无许可证排污水,
3,7,"Z'U'I'G'A'O'Space",7,最高,1558279058,2019/5/19 15:17:37,搜狗拼音输入法,无许可证排污水最高,
4,7,"K'E'F'A'K'Back'U'A'N'Back'Back'Back'K'U'A'N'Space",17,可罚款,1558279066,2019/5/19 15:17:45,搜狗拼音输入法,无许可证排污水最高可罚款,
5,7,Back,1,-款,1558279066,2019/5/19 15:17:45,搜狗拼音输入法,无许可证排污水最高可罚,
6,7,D5,1,5,1558279068,2019/5/19 15:17:47,搜狗拼音输入法,无许可证排污水最高可罚5,
7,7,D0,1,0,1558279068,2019/5/19 15:17:47,搜狗拼音输入法,无许可证排污水最高可罚50,
8,7,"W'A'N'Y'A'U'N'Space",8,万元,1558279071,2019/5/19 15:17:50,搜狗拼音输入法,无许可证排污水最高可罚50万元,
9,1,"R'A'N'G'W'O'M'Space",8,让我们,1558279076,2019/5/19 15:17:56,搜狗拼音输入法,让我们,
10,1,"G'O'N'G'T'Space",6,共同,1558279077,2019/5/19 15:17:57,搜狗拼音输入法,让我们共同,
11,1,"W'E'I'Space",4,为,1558279078,2019/5/19 15:17:58,搜狗拼音输入法,让我们共同为,
12,1,"J'I'A'N'S'H'E'Y'I'G'Space",11,建设一个,1558279080,2019/5/19 15:17:59,搜狗拼音输入法,让我们共同为建设一个,
13,1,"G'E'N'G'J'I'A'Space",8,更加,1558279081,2019/5/19 15:18:01,搜狗拼音输入法,让我们共同为建设一个更加,
14,1,"F'U'Y'Space",4,富有,1558279082,2019/5/19 15:18:02,搜狗拼音输入法,让我们共同为建设一个更加富有,
15,1,Back,1,-有,1558279083,2019/5/19 15:18:02,搜狗拼音输入法,让我们共同为建设一个更加富,
16,1,Back,1,-富,1558279083,2019/5/19 15:18:03,搜狗拼音输入法,让我们共同为建设一个更加,
17,1,"F'U'U'Space",4,付,1558279084,2019/5/19 15:18:04,搜狗拼音输入法,让我们共同为建设一个更加付,
18,1,Back,1,-付,1558279085,2019/5/19 15:18:04,搜狗拼音输入法,让我们共同为建设一个更加,
19,1,"F'U'U'Back'Y'U'Space",7,富裕,1558279087,2019/5/19 15:18:07,搜狗拼音输入法,让我们共同为建设一个更加富裕,
20,1,OemQuestion,1, ,1558279088,2019/5/19 15:18:07,搜狗拼音输入法,让我们共同为建设一个更加富裕 ,
21,1,"H'E'X'I'E'Space",6,、和谐,1558279091,2019/5/19 15:18:10,搜狗拼音输入法,让我们共同为建设一个更加富裕、和谐,
22,1,OemQuestion,1, ,1558279091,2019/5/19 15:18:11,搜狗拼音输入法,让我们共同为建设一个更加富裕、和谐 ,
23,1,"X'I'N'G'F'U'Space",7,、幸福,1558279093,2019/5/19 15:18:12,搜狗拼音输入法,让我们共同为建设一个更加富裕、和谐、幸福,
24,1,OemQuestion,1, ,1558279094,2019/5/19 15:18:13,搜狗拼音输入法,让我们共同为建设一个更加富裕、和谐、幸福 ,
25,1,"F'A'Z'H'I'D2",6,、发至,1558279096,2019/5/19 15:18:16,搜狗拼音输入法,让我们共同为建设一个更加富裕、和谐、幸福、发至,
26,1,Back,1,-至,1558279097,2019/5/19 15:18:16,搜狗拼音输入法,让我们共同为建设一个更加富裕、和谐、幸福、发,
27,1,Back,1,-发,1558279097,2019/5/19 15:18:16,搜狗拼音输入法,让我们共同为建设一个更加富裕、和谐、幸福、,
28,1,"F'A'Z'H'I'D3",6,法治,1558279099,2019/5/19 15:18:18,搜狗拼音输入法,让我们共同为建设一个更加富裕、和谐、幸福、法治,
29,1,OemQuestion,1, ,1558279099,2019/5/19 15:18:18,搜狗拼音输入法,让我们共同为建设一个更加富裕、和谐、幸福、法治 ,
30,1,"W'E'N'M'Space",5,、文明,1558279100,2019/5/19 15:18:20,搜狗拼音输入法,让我们共同为建设一个更加富裕、和谐、幸福、法治、文明,
31,1,OemQuestion,1, ,1558279101,2019/5/19 15:18:21,搜狗拼音输入法,让我们共同为建设一个更加富裕、和谐、幸福、法治、文明 ,
32,1,"M'E'I'L'I'Space",6,、美丽,1558279102,2019/5/19 15:18:22,搜狗拼音输入法,让我们共同为建设一个更加富裕、和谐、幸福、法治、文明、美丽,
33,1,"D'E'Space",3,的,1558279103,2019/5/19 15:18:22,搜狗拼音输入法,让我们共同为建设一个更加富裕、和谐、幸福、法治、文明、美丽的,
34,1,"S'H'E'H'U'I'Z'H'U'Y'Space",11,社会主义,1558279105,2019/5/19 15:18:25,搜狗拼音输入法,让我们共同为建设一个更加富裕、和谐、幸福、法治、文明、美丽的社会主义,
35,1,"X'I'N'X'I'Z'A'N'G'Space",10,新西藏,1558279107,2019/5/19 15:18:27,搜狗拼音输入法,让我们共同为建设一个更加富裕、和谐、幸福、法治、文明、美丽的社会主义新西藏,
36,1,"E'R'Space",3,二,1558279109,2019/5/19 15:18:28,搜狗拼音输入法,让我们共同为建设一个更加富裕、和谐、幸福、法治、文明、美丽的社会主义新西藏二,
37,1,Back,1,-二,1558279109,2019/5/19 15:18:29,搜狗拼音输入法,让我们共同为建设一个更加富裕、和谐、幸福、法治、文明、美丽的社会主义新西藏,
38,1,"E'R'D3",3,而,1558279111,2019/5/19 15:18:30,搜狗拼音输入法,让我们共同为建设一个更加富裕、和谐、幸福、法治、文明、美丽的社会主义新西藏而,
39,1,"N'U'L'I'Space",5,努力,1558279112,2019/5/19 15:18:32,搜狗拼音输入法,让我们共同为建设一个更加富裕、和谐、幸福、法治、文明、美丽的社会主义新西藏而努力,
40,1,"F'E'N'D'Space",5,奋斗,1558279114,2019/5/19 15:18:33,搜狗拼音输入法,让我们共同为建设一个更加富裕、和谐、幸福、法治、文明、美丽的社会主义新西藏而努力奋斗,
41,1,"LeftShift'Oem3",2, ,1558279115,2019/5/19 15:18:34,搜狗拼音输入法,让我们共同为建设一个更加富裕、和谐、幸福、法治、文明、美丽的社会主义新西藏而努力奋斗 ,
42,1,Back,1,- ,1558279115,2019/5/19 15:18:35,搜狗拼音输入法,让我们共同为建设一个更加富裕、和谐、幸福、法治、文明、美丽的社会主义新西藏而努力奋斗,
43,1,"LeftShift'D1",2, ,1558279116,2019/5/19 15:18:35,搜狗拼音输入法,让我们共同为建设一个更加富裕、和谐、幸福、法治、文明、美丽的社会主义新西藏而努力奋斗 ,
44,5,"W'U'X'U'K'E'Z'Space",8,无许可证,1558279120,2019/5/19 15:18:40,搜狗拼音输入法,无许可证,
45,5,"P'A'I'S'Back'W'U'S'H'U'I'Space",12,排污水,1558279122,2019/5/19 15:18:42,搜狗拼音输入法,无许可证排污水,
46,5,"Z'U'I'G'Space",5,最高,1558279124,2019/5/19 15:18:43,搜狗拼音输入法,无许可证排污水最高,
47,5,"K'E'F'A'Space",5,可罚,1558279125,2019/5/19 15:18:45,搜狗拼音输入法,无许可证排污水最高可罚,
48,5,D5,1,5,1558279126,2019/5/19 15:18:46,搜狗拼音输入法,无许可证排污水最高可罚5,
49,5,D0,1,0,1558279127,2019/5/19 15:18:46,搜狗拼音输入法,无许可证排污水最高可罚50,
50,5,"W'A'N'Y'A'U'N'Space",8,万元,1558279128,2019/5/19 15:18:48,搜狗拼音输入法,无许可证排污水最高可罚50万元,
