﻿ID,TID,Keyboard,KeyLength,MapText,TimeStamp,Time,IME,CurText
1,7,"W'U'X'U'J'E'Z'H'E'G'OemPlus'OemPlus'OemPlus'OemPlus'OemPlus'OemPlus'OemPlus'Back'Back'Back'Back'Back'Back'K'E'Z'H'E'N'G'Space",31,无许可证,1558278316,2019/5/19 15:05:15,中文(简体) - 百度输入法,无许可证,
2,7,"P'A'I'W'U'S'H'U'I'Space",10,排污水,1558278319,2019/5/19 15:05:18,中文(简体) - 百度输入法,无许可证排污水,
3,7,"Z'U'I'G'A'O'K'E'F'A'Space",11,最高可罚,1558278322,2019/5/19 15:05:21,中文(简体) - 百度输入法,无许可证排污水最高可罚,
4,7,D5,1,5,1558278323,2019/5/19 15:05:23,中文(简体) - 百度输入法,无许可证排污水最高可罚5,
5,7,D0,1,0,1558278324,2019/5/19 15:05:23,中文(简体) - 百度输入法,无许可证排污水最高可罚50,
6,7,"W'A'N'Y'U'A'N'Space",8,万元,1558278325,2019/5/19 15:05:25,中文(简体) - 百度输入法,无许可证排污水最高可罚50万元,
