﻿ID,TID,Keyboard,KeyLength,MapText,TimeStamp,Time,IME,CurText
1,7,"W'U'X'U'K'E'Back'Z'D2",9,无许可证,1558279700,2019/5/19 15:28:19,搜狗输入法医生版,无许可证,
2,7,"P'A'I'W'S'H'U'I'Space",9,排污水,1558279703,2019/5/19 15:28:23,搜狗输入法医生版,无许可证排污水,
3,7,"Z'U'I'G'A'O'Space",7,最高,1558279705,2019/5/19 15:28:25,搜狗输入法医生版,无许可证排污水最高,
4,7,"K'E'F'A'D3'D3",6,可罚,1558279709,2019/5/19 15:28:29,搜狗输入法医生版,无许可证排污水最高可罚,
5,7,D5,1,5,1558279710,2019/5/19 15:28:29,搜狗输入法医生版,无许可证排污水最高可罚5,
6,7,D0,1,0,1558279710,2019/5/19 15:28:30,搜狗输入法医生版,无许可证排污水最高可罚50,
7,7,"W'A'N'Y'U'A'N'Space",8,万元,1558279712,2019/5/19 15:28:32,搜狗输入法医生版,无许可证排污水最高可罚50万元,
8,1,"R'A'N'G'W'M'Space",7,让我们,1558279718,2019/5/19 15:28:37,搜狗输入法医生版,让我们,
9,1,"G'O'N'G'T'R'OemPlus'Back'Space",9,共同,1558279721,2019/5/19 15:28:40,搜狗输入法医生版,让我们共同,
10,1,"W'E'I'Space",4,为,1558279722,2019/5/19 15:28:41,搜狗输入法医生版,让我们共同为,
11,1,"J'I'A'N'S'Space",6,建设,1558279723,2019/5/19 15:28:42,搜狗输入法医生版,让我们共同为建设,
12,1,"Y'I'G'Space",4,一个,1558279724,2019/5/19 15:28:43,搜狗输入法医生版,让我们共同为建设一个,
13,1,"G'E'N'G'J'Space",6,更加,1558279725,2019/5/19 15:28:44,搜狗输入法医生版,让我们共同为建设一个更加,
14,1,"F'D'Back'Y'U'Space",6,富裕,1558279728,2019/5/19 15:28:47,搜狗输入法医生版,让我们共同为建设一个更加富裕,
15,1,OemQuestion,1, ,1558279729,2019/5/19 15:28:48,搜狗输入法医生版,让我们共同为建设一个更加富裕 ,
16,1,"H'E'X'D2",4,、和谐,1558279731,2019/5/19 15:28:50,搜狗输入法医生版,让我们共同为建设一个更加富裕、和谐,
17,1,OemQuestion,1, ,1558279731,2019/5/19 15:28:50,搜狗输入法医生版,让我们共同为建设一个更加富裕、和谐 ,
18,1,"X'F'D2",3,、幸福,1558279733,2019/5/19 15:28:53,搜狗输入法医生版,让我们共同为建设一个更加富裕、和谐、幸福,
19,1,OemQuestion,1, ,1558279734,2019/5/19 15:28:53,搜狗输入法医生版,让我们共同为建设一个更加富裕、和谐、幸福 ,
20,1,"F'A'Z'H'I'D3",6,、法治,1558279738,2019/5/19 15:28:57,搜狗输入法医生版,让我们共同为建设一个更加富裕、和谐、幸福、法治,
21,1,OemQuestion,1, ,1558279738,2019/5/19 15:28:57,搜狗输入法医生版,让我们共同为建设一个更加富裕、和谐、幸福、法治 ,
22,1,"W'E'N'M'Space",5,、文明,1558279740,2019/5/19 15:28:59,搜狗输入法医生版,让我们共同为建设一个更加富裕、和谐、幸福、法治、文明,
23,1,OemQuestion,1, ,1558279740,2019/5/19 15:29:00,搜狗输入法医生版,让我们共同为建设一个更加富裕、和谐、幸福、法治、文明 ,
24,1,"M'E'I'L'I'Space",6,、美丽,1558279741,2019/5/19 15:29:01,搜狗输入法医生版,让我们共同为建设一个更加富裕、和谐、幸福、法治、文明、美丽,
25,1,"D'Space",2,的,1558279741,2019/5/19 15:29:01,搜狗输入法医生版,让我们共同为建设一个更加富裕、和谐、幸福、法治、文明、美丽的,
26,1,"S'H'E'H'U'I'Z'H'U'Y'Space",11,社会主义,1558279743,2019/5/19 15:29:03,搜狗输入法医生版,让我们共同为建设一个更加富裕、和谐、幸福、法治、文明、美丽的社会主义,
27,1,"X'I'N'X'I'Z'A'N'G'F'Space",11,新西藏分,1558279747,2019/5/19 15:29:07,搜狗输入法医生版,让我们共同为建设一个更加富裕、和谐、幸福、法治、文明、美丽的社会主义新西藏分,
28,1,Back,1,-分,1558279748,2019/5/19 15:29:07,搜狗输入法医生版,让我们共同为建设一个更加富裕、和谐、幸福、法治、文明、美丽的社会主义新西藏,
29,1,"E'R'D3",3,而,1558279750,2019/5/19 15:29:09,搜狗输入法医生版,让我们共同为建设一个更加富裕、和谐、幸福、法治、文明、美丽的社会主义新西藏而,
30,1,"N'U'L'I'F'D'Space",7,努力奋斗,1558279751,2019/5/19 15:29:11,搜狗输入法医生版,让我们共同为建设一个更加富裕、和谐、幸福、法治、文明、美丽的社会主义新西藏而努力奋斗,
31,1,"LeftShift'D1",2, ,1558279752,2019/5/19 15:29:12,搜狗输入法医生版,让我们共同为建设一个更加富裕、和谐、幸福、法治、文明、美丽的社会主义新西藏而努力奋斗 ,
32,5,"W'U'X'U'K'Z'Space",7,无许可证,1558279758,2019/5/19 15:29:17,搜狗输入法医生版,无许可证,
33,5,"P'A'I'W'S'Space",6,排污水,1558279760,2019/5/19 15:29:19,搜狗输入法医生版,无许可证排污水,
34,5,"Z'I'Back'G'A'O'Space",7,最高,1558279762,2019/5/19 15:29:22,搜狗输入法医生版,无许可证排污水最高,
35,5,"K'E'F'A'Space",5,可罚,1558279763,2019/5/19 15:29:23,搜狗输入法医生版,无许可证排污水最高可罚,
36,5,D5,1,5,1558279764,2019/5/19 15:29:24,搜狗输入法医生版,无许可证排污水最高可罚5,
37,5,D0,1,0,1558279765,2019/5/19 15:29:24,搜狗输入法医生版,无许可证排污水最高可罚50,
38,5,"A'W'Back'Back'W'A'N'Y'U'A'N'Space",12,万元,1558279767,2019/5/19 15:29:27,搜狗输入法医生版,无许可证排污水最高可罚50万元,
