﻿ID,TID,Keyboard,KeyLength,MapText,TimeStamp,Time,IME,CurText
1,7,"W'U'X'U'J'E'Z'H'E'G'OemPlus'OemPlus'OemPlus'OemPlus'OemPlus'OemPlus'OemPlus'Back'Back'Back'Back'Back'Back'K'E'Z'H'E'N'G'Space",31,无许可证,1558278316,2019/5/19 15:05:15,中文(简体) - 百度输入法,无许可证,
2,7,"P'A'I'W'U'S'H'U'I'Space",10,排污水,1558278319,2019/5/19 15:05:18,中文(简体) - 百度输入法,无许可证排污水,
3,7,"Z'U'I'G'A'O'K'E'F'A'Space",11,最高可罚,1558278322,2019/5/19 15:05:21,中文(简体) - 百度输入法,无许可证排污水最高可罚,
4,7,D5,1,5,1558278323,2019/5/19 15:05:23,中文(简体) - 百度输入法,无许可证排污水最高可罚5,
5,7,D0,1,0,1558278324,2019/5/19 15:05:23,中文(简体) - 百度输入法,无许可证排污水最高可罚50,
6,7,"W'A'N'Y'U'A'N'Space",8,万元,1558278325,2019/5/19 15:05:25,中文(简体) - 百度输入法,无许可证排污水最高可罚50万元,
7,1,"R'A'B'G'F'W'I'N'OemMinus'OemMinus'OemMinus'OemMinus'OemMinus'OemMinus'OemMinus'OemMinus'OemMinus'OemMinus'OemPlus'Back'Back'Back'Back'Back'Back'Back'Back'Back'Back'Back'Back'Back'Back'Back'Back'Back'Back'Back'Back'Back'Back'Back'Back'Back'Back'Back'R'W'M'Space",50,让我们,1558278338,2019/5/19 15:05:37,中文(简体) - 百度输入法,让我们,
8,1,"G'O'N'G'T'Space",6,共同,1558278339,2019/5/19 15:05:39,中文(简体) - 百度输入法,让我们共同,
9,1,"W'E'I'J'I'A'N'S'H'E'D2",11,为建设,1558278344,2019/5/19 15:05:43,中文(简体) - 百度输入法,让我们共同为建设,
10,1,"Y'I'G'Space",4,一个,1558278345,2019/5/19 15:05:44,中文(简体) - 百度输入法,让我们共同为建设一个,
11,1,"G'E'N'G'J'Space",6,更加,1558278346,2019/5/19 15:05:46,中文(简体) - 百度输入法,让我们共同为建设一个更加,
12,1,"F'U'Y'U'Space",5,富裕,1558278348,2019/5/19 15:05:48,中文(简体) - 百度输入法,让我们共同为建设一个更加富裕,
13,1,OemQuestion,1,、,1558278349,2019/5/19 15:05:49,中文(简体) - 百度输入法,让我们共同为建设一个更加富裕、,
14,1,"H'E'X'I'E'Space",6,和谐,1558278352,2019/5/19 15:05:52,中文(简体) - 百度输入法,让我们共同为建设一个更加富裕、和谐,
15,1,OemQuestion,1,、,1558278353,2019/5/19 15:05:52,中文(简体) - 百度输入法,让我们共同为建设一个更加富裕、和谐、,
16,1,"X'I'N'G'F'U'Space",7,幸福,1558278355,2019/5/19 15:05:55,中文(简体) - 百度输入法,让我们共同为建设一个更加富裕、和谐、幸福,
17,1,OemQuestion,1,、,1558278356,2019/5/19 15:05:55,中文(简体) - 百度输入法,让我们共同为建设一个更加富裕、和谐、幸福、,
18,1,"F'A'Z'H'I'D3",6,法治,1558278360,2019/5/19 15:06:00,中文(简体) - 百度输入法,让我们共同为建设一个更加富裕、和谐、幸福、法治,
19,1,OemQuestion,1,、,1558278361,2019/5/19 15:06:00,中文(简体) - 百度输入法,让我们共同为建设一个更加富裕、和谐、幸福、法治、,
20,1,"W'E'N'M'Space",5,文明,1558278362,2019/5/19 15:06:02,中文(简体) - 百度输入法,让我们共同为建设一个更加富裕、和谐、幸福、法治、文明,
21,1,OemQuestion,1,、,1558278363,2019/5/19 15:06:02,中文(简体) - 百度输入法,让我们共同为建设一个更加富裕、和谐、幸福、法治、文明、,
22,1,"M'E'I'L'I'Space",6,美丽,1558278364,2019/5/19 15:06:04,中文(简体) - 百度输入法,让我们共同为建设一个更加富裕、和谐、幸福、法治、文明、美丽,
23,1,"D'E'Space",3,的,1558278365,2019/5/19 15:06:04,中文(简体) - 百度输入法,让我们共同为建设一个更加富裕、和谐、幸福、法治、文明、美丽的,
24,1,"S'H'E'H'U'I'Z'H'U'Y'I'Space",12,社会主义,1558278367,2019/5/19 15:06:07,中文(简体) - 百度输入法,让我们共同为建设一个更加富裕、和谐、幸福、法治、文明、美丽的社会主义,
25,1,"X'I'N'X'I'Z'A'N'G'Space",10,新西藏,1558278370,2019/5/19 15:06:10,中文(简体) - 百度输入法,让我们共同为建设一个更加富裕、和谐、幸福、法治、文明、美丽的社会主义新西藏,
26,1,"E'R'Space",3,二,1558278371,2019/5/19 15:06:10,中文(简体) - 百度输入法,让我们共同为建设一个更加富裕、和谐、幸福、法治、文明、美丽的社会主义新西藏二,
27,1,Back,1,-二,1558278372,2019/5/19 15:06:11,中文(简体) - 百度输入法,让我们共同为建设一个更加富裕、和谐、幸福、法治、文明、美丽的社会主义新西藏,
28,1,"E'R'Space",3,二,1558278373,2019/5/19 15:06:12,中文(简体) - 百度输入法,让我们共同为建设一个更加富裕、和谐、幸福、法治、文明、美丽的社会主义新西藏二,
29,1,Back,1,-二,1558278373,2019/5/19 15:06:13,中文(简体) - 百度输入法,让我们共同为建设一个更加富裕、和谐、幸福、法治、文明、美丽的社会主义新西藏,
30,1,"E'R'D2",3,而,1558278374,2019/5/19 15:06:14,中文(简体) - 百度输入法,让我们共同为建设一个更加富裕、和谐、幸福、法治、文明、美丽的社会主义新西藏而,
31,1,"N'U'L'I'F'E'N'D'Space",9,努力奋斗,1558278377,2019/5/19 15:06:16,中文(简体) - 百度输入法,让我们共同为建设一个更加富裕、和谐、幸福、法治、文明、美丽的社会主义新西藏而努力奋斗,
32,1,"Capital'LeftShift'D1",3,!,1558278379,2019/5/19 15:06:19,中文(简体) - 百度输入法,让我们共同为建设一个更加富裕、和谐、幸福、法治、文明、美丽的社会主义新西藏而努力奋斗!,
33,5,W,1,W,1558278386,2019/5/19 15:06:25,中文(简体) - 百度输入法,W,
34,5,Y,1,Y,1558278386,2019/5/19 15:06:25,中文(简体) - 百度输入法,WY,
35,5,OemPlus,1,=,1558278387,2019/5/19 15:06:26,中文(简体) - 百度输入法,WY=,
36,5,OemPlus,1,=,1558278387,2019/5/19 15:06:26,中文(简体) - 百度输入法,WY==,
37,5,OemPlus,1,=,1558278387,2019/5/19 15:06:26,中文(简体) - 百度输入法,WY===,
38,5,Back,1,-=,1558278387,2019/5/19 15:06:27,中文(简体) - 百度输入法,WY==,
39,5,Back,1,-=,1558278387,2019/5/19 15:06:27,中文(简体) - 百度输入法,WY=,
40,5,Back,1,-=,1558278388,2019/5/19 15:06:27,中文(简体) - 百度输入法,WY,
41,5,Back,1,-Y,1558278388,2019/5/19 15:06:27,中文(简体) - 百度输入法,W,
42,5,Back,1,-W,1558278388,2019/5/19 15:06:27,中文(简体) - 百度输入法,,
43,5,"Back'Back'Capital'W'U'X'U'K'E'Z'Space",11,无许可证,1558278392,2019/5/19 15:06:31,中文(简体) - 百度输入法,无许可证,
44,5,"P'A'I'W'U'S'H'U'I'Space",10,排污水,1558278396,2019/5/19 15:06:35,中文(简体) - 百度输入法,无许可证排污水,
45,5,"Z'U'I'G'A'O'Space",7,最高,1558278397,2019/5/19 15:06:36,中文(简体) - 百度输入法,无许可证排污水最高,
46,5,"K'E'F'A'D5'D4",6,可罚,1558278401,2019/5/19 15:06:41,中文(简体) - 百度输入法,无许可证排污水最高可罚,
47,5,D5,1,5,1558278402,2019/5/19 15:06:41,中文(简体) - 百度输入法,无许可证排污水最高可罚5,
48,5,D0,1,0,1558278402,2019/5/19 15:06:42,中文(简体) - 百度输入法,无许可证排污水最高可罚50,
49,5,"W'A'N'Y'A'U'N'Space",8,万元,1558278404,2019/5/19 15:06:44,中文(简体) - 百度输入法,无许可证排污水最高可罚50万元,
50,3,"B'E'N'C'I'U'Space",7,本次U,1558278409,2019/5/19 15:06:48,中文(简体) - 百度输入法,本次U,
51,3,Back,1,-U,1558278409,2019/5/19 15:06:49,中文(简体) - 百度输入法,本次,
52,3,"K'U'A'N'I'A'N'P'A'I'D'Space",12,跨年派对,1558278413,2019/5/19 15:06:52,中文(简体) - 百度输入法,本次跨年派对,
53,3,"S'H'I'Space",4,是,1558278414,2019/5/19 15:06:53,中文(简体) - 百度输入法,本次跨年派对是,
54,3,"Q'U'A'N'G'U'O'Space",8,全国,1558278416,2019/5/19 15:06:56,中文(简体) - 百度输入法,本次跨年派对是全国,
55,3,"S'H'O'U'V'C'Back'Back'C'I'Space",11,首次,1558278421,2019/5/19 15:07:01,中文(简体) - 百度输入法,本次跨年派对是全国首次,
56,3,"Y'O'U'D3",4,由,1558278424,2019/5/19 15:07:03,中文(简体) - 百度输入法,本次跨年派对是全国首次由,
57,3,"Z'H'E'N'G'W'U'Space",8,政务,1558278425,2019/5/19 15:07:05,中文(简体) - 百度输入法,本次跨年派对是全国首次由政务,
58,3,"W'E'I'B'O'Space",6,微博,1558278427,2019/5/19 15:07:06,中文(简体) - 百度输入法,本次跨年派对是全国首次由政务微博,
59,3,"Y'U'Space",3,与,1558278427,2019/5/19 15:07:07,中文(简体) - 百度输入法,本次跨年派对是全国首次由政务微博与,
60,3,"C'A'O'G'E'N'W'E'I'B'Space",11,草根微博,1558278430,2019/5/19 15:07:10,中文(简体) - 百度输入法,本次跨年派对是全国首次由政务微博与草根微博,
61,3,OemQuestion,1,、,1558278431,2019/5/19 15:07:10,中文(简体) - 百度输入法,本次跨年派对是全国首次由政务微博与草根微博、,
62,3,"M'I'N'J'I'A'N'L'I'L'Space",11,民间力量,1558278433,2019/5/19 15:07:12,中文(简体) - 百度输入法,本次跨年派对是全国首次由政务微博与草根微博、民间力量,
63,3,"L'I'A'N'S'H'O'U'J'U'B'Space",12,联手举办,1558278436,2019/5/19 15:07:15,中文(简体) - 百度输入法,本次跨年派对是全国首次由政务微博与草根微博、民间力量联手举办,
64,3,"D'Space",2,的,1558278436,2019/5/19 15:07:15,中文(简体) - 百度输入法,本次跨年派对是全国首次由政务微博与草根微博、民间力量联手举办的,
65,3,"W'A'N'G'L'U'O'H'U'O'D'Space",12,网络活动,1558278438,2019/5/19 15:07:18,中文(简体) - 百度输入法,本次跨年派对是全国首次由政务微博与草根微博、民间力量联手举办的网络活动,
66,3,OemComma,1,，,1558278439,2019/5/19 15:07:18,中文(简体) - 百度输入法,本次跨年派对是全国首次由政务微博与草根微博、民间力量联手举办的网络活动，,
67,3,"Y'E'S'H'I'Space",6,也是,1558278440,2019/5/19 15:07:19,中文(简体) - 百度输入法,本次跨年派对是全国首次由政务微博与草根微博、民间力量联手举办的网络活动，也是,
68,3,D2,1,2,1558278441,2019/5/19 15:07:20,中文(简体) - 百度输入法,本次跨年派对是全国首次由政务微博与草根微博、民间力量联手举办的网络活动，也是2,
69,3,D0,1,0,1558278441,2019/5/19 15:07:20,中文(简体) - 百度输入法,本次跨年派对是全国首次由政务微博与草根微博、民间力量联手举办的网络活动，也是20,
70,3,D1,1,1,1558278441,2019/5/19 15:07:21,中文(简体) - 百度输入法,本次跨年派对是全国首次由政务微博与草根微博、民间力量联手举办的网络活动，也是201,
71,3,D3,1,3,1558278441,2019/5/19 15:07:21,中文(简体) - 百度输入法,本次跨年派对是全国首次由政务微博与草根微博、民间力量联手举办的网络活动，也是2013,
72,3,"N'I'A'N'Space",5,年,1558278443,2019/5/19 15:07:22,中文(简体) - 百度输入法,本次跨年派对是全国首次由政务微博与草根微博、民间力量联手举办的网络活动，也是2013年,
73,3,"F'Back'Back",3,-年,1558278444,2019/5/19 15:07:24,中文(简体) - 百度输入法,本次跨年派对是全国首次由政务微博与草根微博、民间力量联手举办的网络活动，也是2013,
74,3,"N'I'A'N'D'U'Space",7,年度,1558278446,2019/5/19 15:07:25,中文(简体) - 百度输入法,本次跨年派对是全国首次由政务微博与草根微博、民间力量联手举办的网络活动，也是2013年度,
75,3,"X'I'N'J'Space",5,新建,1558278447,2019/5/19 15:07:26,中文(简体) - 百度输入法,本次跨年派对是全国首次由政务微博与草根微博、民间力量联手举办的网络活动，也是2013年度新建,
76,3,Back,1,-建,1558278447,2019/5/19 15:07:27,中文(简体) - 百度输入法,本次跨年派对是全国首次由政务微博与草根微博、民间力量联手举办的网络活动，也是2013年度新,
77,3,Back,1,-新,1558278448,2019/5/19 15:07:27,中文(简体) - 百度输入法,本次跨年派对是全国首次由政务微博与草根微博、民间力量联手举办的网络活动，也是2013年度,
78,3,"X'I'N'J'I'A'N'G'Space",9,新疆,1558278449,2019/5/19 15:07:29,中文(简体) - 百度输入法,本次跨年派对是全国首次由政务微博与草根微博、民间力量联手举办的网络活动，也是2013年度新疆,
79,3,"W'N'A'G'L'Back'Back'Back'Back'A'N'G'L'W'H'Space",16,网络文化,1558278454,2019/5/19 15:07:33,中文(简体) - 百度输入法,本次跨年派对是全国首次由政务微博与草根微博、民间力量联手举办的网络活动，也是2013年度新疆网络文化,
80,3,"X'I'L'H'U'O'D'Space",8,系列活动,1558278456,2019/5/19 15:07:36,中文(简体) - 百度输入法,本次跨年派对是全国首次由政务微博与草根微博、民间力量联手举办的网络活动，也是2013年度新疆网络文化系列活动,
81,3,"Z'H'I'Y'I'Space",6,之一,1558278457,2019/5/19 15:07:37,中文(简体) - 百度输入法,本次跨年派对是全国首次由政务微博与草根微博、民间力量联手举办的网络活动，也是2013年度新疆网络文化系列活动之一,
82,3,OemPeriod,1,。,1558278458,2019/5/19 15:07:37,中文(简体) - 百度输入法,本次跨年派对是全国首次由政务微博与草根微博、民间力量联手举办的网络活动，也是2013年度新疆网络文化系列活动之一。,
83,3,"J'I'R'Z'Back'Back'Back'Z'S'Back'H'U'D3",13,借助,1558278464,2019/5/19 15:07:44,中文(简体) - 百度输入法,本次跨年派对是全国首次由政务微博与草根微博、民间力量联手举办的网络活动，也是2013年度新疆网络文化系列活动之一。借助,
84,3,"W'A'N'G'L'U'O'M'Back'P'T'Space",12,网络平台,1558278467,2019/5/19 15:07:47,中文(简体) - 百度输入法,本次跨年派对是全国首次由政务微博与草根微博、民间力量联手举办的网络活动，也是2013年度新疆网络文化系列活动之一。借助网络平台,
85,3,"H'R'Back'D2",4,和,1558278469,2019/5/19 15:07:49,中文(简体) - 百度输入法,本次跨年派对是全国首次由政务微博与草根微博、民间力量联手举办的网络活动，也是2013年度新疆网络文化系列活动之一。借助网络平台和,
86,3,"P'A'I'D'U'I'M'O'S'Space",10,派对模式,1558278471,2019/5/19 15:07:51,中文(简体) - 百度输入法,本次跨年派对是全国首次由政务微博与草根微博、民间力量联手举办的网络活动，也是2013年度新疆网络文化系列活动之一。借助网络平台和派对模式,
87,3,OemComma,1,，,1558278472,2019/5/19 15:07:52,中文(简体) - 百度输入法,本次跨年派对是全国首次由政务微博与草根微博、民间力量联手举办的网络活动，也是2013年度新疆网络文化系列活动之一。借助网络平台和派对模式，,
88,3,"Z'H'U'D'A'Space",6,主打,1558278474,2019/5/19 15:07:53,中文(简体) - 百度输入法,本次跨年派对是全国首次由政务微博与草根微博、民间力量联手举办的网络活动，也是2013年度新疆网络文化系列活动之一。借助网络平台和派对模式，主打,
89,3,"S'H'I'S'H'A'N'G'Space",9,时尚,1558278475,2019/5/19 15:07:54,中文(简体) - 百度输入法,本次跨年派对是全国首次由政务微博与草根微博、民间力量联手举办的网络活动，也是2013年度新疆网络文化系列活动之一。借助网络平台和派对模式，主打时尚,
90,3,"X'I'N'J'Space",5,新疆,1558278476,2019/5/19 15:07:56,中文(简体) - 百度输入法,本次跨年派对是全国首次由政务微博与草根微博、民间力量联手举办的网络活动，也是2013年度新疆网络文化系列活动之一。借助网络平台和派对模式，主打时尚新疆,
91,3,OemComma,1,，,1558278477,2019/5/19 15:07:56,中文(简体) - 百度输入法,本次跨年派对是全国首次由政务微博与草根微博、民间力量联手举办的网络活动，也是2013年度新疆网络文化系列活动之一。借助网络平台和派对模式，主打时尚新疆，,
92,3,"C'H'U'A'N'B'Space",7,传播,1558278478,2019/5/19 15:07:58,中文(简体) - 百度输入法,本次跨年派对是全国首次由政务微博与草根微博、民间力量联手举办的网络活动，也是2013年度新疆网络文化系列活动之一。借助网络平台和派对模式，主打时尚新疆，传播,
93,3,"Z'H'E'N'G'N'Oem1",7,正念；,1558278479,2019/5/19 15:07:59,中文(简体) - 百度输入法,本次跨年派对是全国首次由政务微博与草根微博、民间力量联手举办的网络活动，也是2013年度新疆网络文化系列活动之一。借助网络平台和派对模式，主打时尚新疆，传播正念；,
94,3,"L'Back'Back",3,-；,1558278480,2019/5/19 15:07:59,中文(简体) - 百度输入法,本次跨年派对是全国首次由政务微博与草根微博、民间力量联手举办的网络活动，也是2013年度新疆网络文化系列活动之一。借助网络平台和派对模式，主打时尚新疆，传播正念,
95,3,Back,1,-念,1558278480,2019/5/19 15:07:59,中文(简体) - 百度输入法,本次跨年派对是全国首次由政务微博与草根微博、民间力量联手举办的网络活动，也是2013年度新疆网络文化系列活动之一。借助网络平台和派对模式，主打时尚新疆，传播正,
96,3,Back,1,-正,1558278480,2019/5/19 15:08:00,中文(简体) - 百度输入法,本次跨年派对是全国首次由政务微博与草根微博、民间力量联手举办的网络活动，也是2013年度新疆网络文化系列活动之一。借助网络平台和派对模式，主打时尚新疆，传播,
97,3,"Z'H'E'N'G'N'Oem1",7,正念；,1558278481,2019/5/19 15:08:01,中文(简体) - 百度输入法,本次跨年派对是全国首次由政务微博与草根微博、民间力量联手举办的网络活动，也是2013年度新疆网络文化系列活动之一。借助网络平台和派对模式，主打时尚新疆，传播正念；,
98,3,"L'Back'Back",3,-；,1558278482,2019/5/19 15:08:01,中文(简体) - 百度输入法,本次跨年派对是全国首次由政务微博与草根微博、民间力量联手举办的网络活动，也是2013年度新疆网络文化系列活动之一。借助网络平台和派对模式，主打时尚新疆，传播正念,
99,3,Back,1,-念,1558278482,2019/5/19 15:08:02,中文(简体) - 百度输入法,本次跨年派对是全国首次由政务微博与草根微博、民间力量联手举办的网络活动，也是2013年度新疆网络文化系列活动之一。借助网络平台和派对模式，主打时尚新疆，传播正,
100,3,"N'E'N'G'L'D2",6,能量,1558278484,2019/5/19 15:08:04,中文(简体) - 百度输入法,本次跨年派对是全国首次由政务微博与草根微博、民间力量联手举办的网络活动，也是2013年度新疆网络文化系列活动之一。借助网络平台和派对模式，主打时尚新疆，传播正能量,
101,3,OemComma,1,，,1558278485,2019/5/19 15:08:05,中文(简体) - 百度输入法,本次跨年派对是全国首次由政务微博与草根微博、民间力量联手举办的网络活动，也是2013年度新疆网络文化系列活动之一。借助网络平台和派对模式，主打时尚新疆，传播正能量，,
102,3,"R'N'A'G'D2",5,让,1558278488,2019/5/19 15:08:08,中文(简体) - 百度输入法,本次跨年派对是全国首次由政务微博与草根微博、民间力量联手举办的网络活动，也是2013年度新疆网络文化系列活动之一。借助网络平台和派对模式，主打时尚新疆，传播正能量，让,
103,3,"G'E'N'G'D'D'R'Space",8,更多的人,1558278491,2019/5/19 15:08:10,中文(简体) - 百度输入法,本次跨年派对是全国首次由政务微博与草根微博、民间力量联手举办的网络活动，也是2013年度新疆网络文化系列活动之一。借助网络平台和派对模式，主打时尚新疆，传播正能量，让更多的人,
104,3,"K'A'N'D'Space",5,看到,1558278493,2019/5/19 15:08:12,中文(简体) - 百度输入法,本次跨年派对是全国首次由政务微博与草根微博、民间力量联手举办的网络活动，也是2013年度新疆网络文化系列活动之一。借助网络平台和派对模式，主打时尚新疆，传播正能量，让更多的人看到,
105,3,"X'X'I'N'Back'Back'Back'I'N'K'Back'J'Space",13,新疆,1558278496,2019/5/19 15:08:15,中文(简体) - 百度输入法,本次跨年派对是全国首次由政务微博与草根微博、民间力量联手举办的网络活动，也是2013年度新疆网络文化系列活动之一。借助网络平台和派对模式，主打时尚新疆，传播正能量，让更多的人看到新疆,
106,3,"D'Space",2,的,1558278496,2019/5/19 15:08:16,中文(简体) - 百度输入法,本次跨年派对是全国首次由政务微博与草根微博、民间力量联手举办的网络活动，也是2013年度新疆网络文化系列活动之一。借助网络平台和派对模式，主打时尚新疆，传播正能量，让更多的人看到新疆的,
107,3,"F'A'Z'H'A'N'Space",7,发展,1558278499,2019/5/19 15:08:18,中文(简体) - 百度输入法,本次跨年派对是全国首次由政务微博与草根微博、民间力量联手举办的网络活动，也是2013年度新疆网络文化系列活动之一。借助网络平台和派对模式，主打时尚新疆，传播正能量，让更多的人看到新疆的发展,
108,3,"B'I'A'N'G'H'Back'H'Space",9,变化,1558278501,2019/5/19 15:08:21,中文(简体) - 百度输入法,本次跨年派对是全国首次由政务微博与草根微博、民间力量联手举办的网络活动，也是2013年度新疆网络文化系列活动之一。借助网络平台和派对模式，主打时尚新疆，传播正能量，让更多的人看到新疆的发展变化,
109,3,OemComma,1,，,1558278502,2019/5/19 15:08:22,中文(简体) - 百度输入法,本次跨年派对是全国首次由政务微博与草根微博、民间力量联手举办的网络活动，也是2013年度新疆网络文化系列活动之一。借助网络平台和派对模式，主打时尚新疆，传播正能量，让更多的人看到新疆的发展变化，,
110,3,Back,1,-，,1558278503,2019/5/19 15:08:23,中文(简体) - 百度输入法,本次跨年派对是全国首次由政务微博与草根微博、民间力量联手举办的网络活动，也是2013年度新疆网络文化系列活动之一。借助网络平台和派对模式，主打时尚新疆，传播正能量，让更多的人看到新疆的发展变化,
111,3,OemPeriod,1,。,1558278504,2019/5/19 15:08:23,中文(简体) - 百度输入法,本次跨年派对是全国首次由政务微博与草根微博、民间力量联手举办的网络活动，也是2013年度新疆网络文化系列活动之一。借助网络平台和派对模式，主打时尚新疆，传播正能量，让更多的人看到新疆的发展变化。,
