﻿ID,TID,Keyboard,KeyLength,MapText,TimeStamp,Time,IME,CurText
1,8,"S'H'U'H'O'U'Z'D'U'A'N'D2",12,术后诊断,1558279995,2019/5/19 15:33:14,搜狗拼音输入法,术后诊断,
2,8,"LeftShift'Oem1",2, ,1558279995,2019/5/19 15:33:15,搜狗拼音输入法,术后诊断 ,
3,8,"S'H'U'A'N'G'D2",7,：双,1558279997,2019/5/19 15:33:17,搜狗拼音输入法,术后诊断：双,
4,8,"L'U'A'N'C'X'I'A'N'A'Back'Back'Back'Back'Back'H'A'O'X'I'A'N'A'I'Space",25,卵巢腺癌,1558280007,2019/5/19 15:33:26,搜狗拼音输入法,术后诊断：双卵巢腺癌,
5,8,"Capital'I",2,I,1558280008,2019/5/19 15:33:27,搜狗拼音输入法,术后诊断：双卵巢腺癌I,
6,8,I,1,I,1558280008,2019/5/19 15:33:27,搜狗拼音输入法,术后诊断：双卵巢腺癌II,
7,8,B,1,B,1558280008,2019/5/19 15:33:28,搜狗拼音输入法,术后诊断：双卵巢腺癌IIB,
8,8,"Capital'Q'I'OemPlus'Space",5,期,1558280011,2019/5/19 15:33:30,搜狗拼音输入法,术后诊断：双卵巢腺癌IIB期,
9,8,OemPeriod,1, ,1558280012,2019/5/19 15:33:31,搜狗拼音输入法,术后诊断：双卵巢腺癌IIB期 ,
10,2,"H'U'A'N'E'R'Space",7,患儿,1558280018,2019/5/19 15:33:38,搜狗拼音输入法,患儿,
11,2,D1,1,1,1558280019,2019/5/19 15:33:39,搜狗拼音输入法,患儿1,
12,2,"T'I'A'N'Space",5,天,1558280020,2019/5/19 15:33:40,搜狗拼音输入法,患儿1天,
13,2,"I'Back'Q'I'A'N'Space",7,前,1558280022,2019/5/19 15:33:41,搜狗拼音输入法,患儿1天前,
14,2,"W'U'Space",3,五,1558280023,2019/5/19 15:33:43,搜狗拼音输入法,患儿1天前五,
15,2,Back,1,-五,1558280024,2019/5/19 15:33:43,搜狗拼音输入法,患儿1天前,
16,2,"W'U'D3",3,无,1558280025,2019/5/19 15:33:45,搜狗拼音输入法,患儿1天前无,
17,2,"M'I'N'G'X'I'A'N'Space",9,明显,1558280027,2019/5/19 15:33:46,搜狗拼音输入法,患儿1天前无明显,
18,2,"Y'O'U'Y'I'N'Space",7,诱因,1558280028,2019/5/19 15:33:48,搜狗拼音输入法,患儿1天前无明显诱因,
19,2,"C'H'U'X'I'A'N'Space",8,出现,1558280029,2019/5/19 15:33:49,搜狗拼音输入法,患儿1天前无明显诱因出现,
20,2,"Z'H'E'N'D'Back'F'A'X'Space",10,阵发性,1558280032,2019/5/19 15:33:51,搜狗拼音输入法,患儿1天前无明显诱因出现阵发性,
21,2,"K'U'N'A'O'Space",6,苦恼,1558280034,2019/5/19 15:33:53,搜狗拼音输入法,患儿1天前无明显诱因出现阵发性苦恼,
22,2,Back,1,-恼,1558280034,2019/5/19 15:33:54,搜狗拼音输入法,患儿1天前无明显诱因出现阵发性苦,
23,2,Back,1,-苦,1558280034,2019/5/19 15:33:54,搜狗拼音输入法,患儿1天前无明显诱因出现阵发性,
24,2,"K'U'N'A'P'O'O'Back'Back'Back'O'D2",12,哭闹,1558280038,2019/5/19 15:33:57,搜狗拼音输入法,患儿1天前无明显诱因出现阵发性哭闹,
25,2,OemPeriod,1, ,1558280038,2019/5/19 15:33:57,搜狗拼音输入法,患儿1天前无明显诱因出现阵发性哭闹 ,
26,2,Back,1,- ,1558280039,2019/5/19 15:33:59,搜狗拼音输入法,患儿1天前无明显诱因出现阵发性哭闹,
27,2,OemQuestion,1, ,1558280039,2019/5/19 15:33:59,搜狗拼音输入法,患儿1天前无明显诱因出现阵发性哭闹 ,
28,2,"B'A'N'O'U'T'Space",7,、伴呕吐,1558280041,2019/5/19 15:34:01,搜狗拼音输入法,患儿1天前无明显诱因出现阵发性哭闹、伴呕吐,
29,2,OemComma,1, ,1558280042,2019/5/19 15:34:02,搜狗拼音输入法,患儿1天前无明显诱因出现阵发性哭闹、伴呕吐 ,
30,2,"O'U'T'W'Space",5,，呕吐物,1558280044,2019/5/19 15:34:03,搜狗拼音输入法,患儿1天前无明显诱因出现阵发性哭闹、伴呕吐，呕吐物,
31,2,"W'E'I'Space",4,为,1558280045,2019/5/19 15:34:04,搜狗拼音输入法,患儿1天前无明显诱因出现阵发性哭闹、伴呕吐，呕吐物为,
32,2,"K'A'Back'Back'W'E'I'N'E'I'R'Q'W'Back'W'Back'Back'W'D2",19,胃内容物,1558280050,2019/5/19 15:34:10,搜狗拼音输入法,患儿1天前无明显诱因出现阵发性哭闹、伴呕吐，呕吐物为胃内容物,
33,2,OemComma,1, ,1558280051,2019/5/19 15:34:11,搜狗拼音输入法,患儿1天前无明显诱因出现阵发性哭闹、伴呕吐，呕吐物为胃内容物 ,
34,2,"W'U'Space",3,，无,1558280053,2019/5/19 15:34:12,搜狗拼音输入法,患儿1天前无明显诱因出现阵发性哭闹、伴呕吐，呕吐物为胃内容物，无,
35,2,"K'A'F'E'I'Y'A'N'G'Space",10,咖啡样,1558280055,2019/5/19 15:34:15,搜狗拼音输入法,患儿1天前无明显诱因出现阵发性哭闹、伴呕吐，呕吐物为胃内容物，无咖啡样,
36,2,"W'U'D2",3,物,1558280056,2019/5/19 15:34:16,搜狗拼音输入法,患儿1天前无明显诱因出现阵发性哭闹、伴呕吐，呕吐物为胃内容物，无咖啡样物,
37,2,OemComma,1, ,1558280057,2019/5/19 15:34:17,搜狗拼音输入法,患儿1天前无明显诱因出现阵发性哭闹、伴呕吐，呕吐物为胃内容物，无咖啡样物 ,
38,2,"G'O'N'G'D2",5,，共,1558280059,2019/5/19 15:34:18,搜狗拼音输入法,患儿1天前无明显诱因出现阵发性哭闹、伴呕吐，呕吐物为胃内容物，无咖啡样物，共,
39,2,D5,1,5,1558280059,2019/5/19 15:34:19,搜狗拼音输入法,患儿1天前无明显诱因出现阵发性哭闹、伴呕吐，呕吐物为胃内容物，无咖啡样物，共5,
40,2,"C'I'Space",3,次,1558280060,2019/5/19 15:34:20,搜狗拼音输入法,患儿1天前无明显诱因出现阵发性哭闹、伴呕吐，呕吐物为胃内容物，无咖啡样物，共5次,
41,2,OemPeriod,1, ,1558280060,2019/5/19 15:34:20,搜狗拼音输入法,患儿1天前无明显诱因出现阵发性哭闹、伴呕吐，呕吐物为胃内容物，无咖啡样物，共5次 ,
