﻿ID,TID,Keyboard,KeyLength,MapText,TimeStamp,Time,IME,CurText
1,8,"S'U'H'O'OemPlus'Back'Back'Back'Back'S'H'U'H'D2",14,术后,1558279368,2019/5/19 15:22:48,中文(简体) - 百度输入法,术后,
2,8,"Z'D'U'A'N'D4",6,诊断,1558279371,2019/5/19 15:22:51,中文(简体) - 百度输入法,术后诊断,
3,8,Oem1,1,；,1558279372,2019/5/19 15:22:52,中文(简体) - 百度输入法,术后诊断；,
4,8,Back,1,-；,1558279373,2019/5/19 15:22:53,中文(简体) - 百度输入法,术后诊断,
5,8,"LeftShift'Oem1",2,：,1558279374,2019/5/19 15:22:54,中文(简体) - 百度输入法,术后诊断：,
6,8,"S'H'U'A'N'G'Space",7,双,1558279376,2019/5/19 15:22:55,中文(简体) - 百度输入法,术后诊断：双,
7,8,"L'U'A'N'C'H'A'O'Space",9,卵巢,1558279378,2019/5/19 15:22:57,中文(简体) - 百度输入法,术后诊断：双卵巢,
8,8,"X'I'A'N'A'I'D3",7,腺癌,1558279380,2019/5/19 15:22:59,中文(简体) - 百度输入法,术后诊断：双卵巢腺癌,
9,8,"Capital'I",2,I,1558279381,2019/5/19 15:23:00,中文(简体) - 百度输入法,术后诊断：双卵巢腺癌I,
10,8,I,1,I,1558279381,2019/5/19 15:23:00,中文(简体) - 百度输入法,术后诊断：双卵巢腺癌II,
11,8,B,1,B,1558279381,2019/5/19 15:23:01,中文(简体) - 百度输入法,术后诊断：双卵巢腺癌IIB,
12,8,"Capital'Q'I'D3",4,期,1558279383,2019/5/19 15:23:02,中文(简体) - 百度输入法,术后诊断：双卵巢腺癌IIB期,
13,8,OemPeriod,1,。,1558279384,2019/5/19 15:23:04,中文(简体) - 百度输入法,术后诊断：双卵巢腺癌IIB期。,
