﻿ID,TID,Keyboard,KeyLength,MapText,TimeStamp,Time,IME,CurText
1,2,"H'U'A'N'E'R'Space",7,患儿,1558735011,2019/5/24 21:56:50,搜狗输入法医生版,患儿,
2,2,D1,1,1,1558735012,2019/5/24 21:56:51,搜狗输入法医生版,患儿1,
3,2,"T'A'I'N'Q'I'A'N'Space",9,天谴,1558735013,2019/5/24 21:56:53,搜狗输入法医生版,患儿1天谴,
4,2,Back,1,-谴,1558735014,2019/5/24 21:56:53,搜狗输入法医生版,患儿1天,
5,2,"Q'I'A'N'Space",5,前,1558735015,2019/5/24 21:56:54,搜狗输入法医生版,患儿1天前,
6,2,"W'U'M'I'N'G'Z'Back'X'I'A'N'Space",13,无明显,1558735020,2019/5/24 21:56:59,搜狗输入法医生版,患儿1天前无明显,
7,2,"Y'U'O'U'Back'Back'Back'O'U'Y'I'N'Space",13,诱因,1558735024,2019/5/24 21:57:04,搜狗输入法医生版,患儿1天前无明显诱因,
8,2,"C'H'U'X'I'A'N'Space",8,出现,1558735026,2019/5/24 21:57:05,搜狗输入法医生版,患儿1天前无明显诱因出现,
9,2,"Z'H'E'N'D'A'Z'Back'Back'Back'F'A'Z'Back'X'Space",16,阵发性,1558735030,2019/5/24 21:57:10,搜狗输入法医生版,患儿1天前无明显诱因出现阵发性,
10,2,"K'U'N'A'O'Space",6,苦恼,1558735033,2019/5/24 21:57:12,搜狗输入法医生版,患儿1天前无明显诱因出现阵发性苦恼,
11,2,OemComma,1, ,1558735033,2019/5/24 21:57:12,搜狗输入法医生版,患儿1天前无明显诱因出现阵发性苦恼 ,
12,2,Back,1,- ,1558735033,2019/5/24 21:57:13,搜狗输入法医生版,患儿1天前无明显诱因出现阵发性苦恼,
13,2,Back,1,-恼,1558735033,2019/5/24 21:57:13,搜狗输入法医生版,患儿1天前无明显诱因出现阵发性苦,
14,2,Back,1,-苦,1558735034,2019/5/24 21:57:13,搜狗输入法医生版,患儿1天前无明显诱因出现阵发性,
15,2,"K'U'N'A'O'D2",6,哭闹,1558735036,2019/5/24 21:57:15,搜狗输入法医生版,患儿1天前无明显诱因出现阵发性哭闹,
16,2,OemComma,1, ,1558735036,2019/5/24 21:57:16,搜狗输入法医生版,患儿1天前无明显诱因出现阵发性哭闹 ,
17,2,"B'A'N'O'U'K'OemPlus'T'U'Back'Back'Back'Back'U'T'U'Space",17,，伴呕吐,1558735042,2019/5/24 21:57:21,搜狗输入法医生版,患儿1天前无明显诱因出现阵发性哭闹，伴呕吐,
18,2,OemComma,1, ,1558735042,2019/5/24 21:57:21,搜狗输入法医生版,患儿1天前无明显诱因出现阵发性哭闹，伴呕吐 ,
19,2,"O'U'T'U'W'E'U'Space",8,，呕吐物,1558735045,2019/5/24 21:57:25,搜狗输入法医生版,患儿1天前无明显诱因出现阵发性哭闹，伴呕吐，呕吐物,
20,2,"W'E'I'Space",4,为,1558735046,2019/5/24 21:57:25,搜狗输入法医生版,患儿1天前无明显诱因出现阵发性哭闹，伴呕吐，呕吐物为,
21,2,"W'E'I'N'E'I'R'N'G'U'Back'W'U'Space",14,胃内容物,1558735050,2019/5/24 21:57:30,搜狗输入法医生版,患儿1天前无明显诱因出现阵发性哭闹，伴呕吐，呕吐物为胃内容物,
22,2,OemComma,1, ,1558735051,2019/5/24 21:57:30,搜狗输入法医生版,患儿1天前无明显诱因出现阵发性哭闹，伴呕吐，呕吐物为胃内容物 ,
23,2,"W'U'D2",3,，无,1558735053,2019/5/24 21:57:32,搜狗输入法医生版,患儿1天前无明显诱因出现阵发性哭闹，伴呕吐，呕吐物为胃内容物，无,
24,2,"K'A'F'E'I'Space",6,咖啡,1558735054,2019/5/24 21:57:34,搜狗输入法医生版,患儿1天前无明显诱因出现阵发性哭闹，伴呕吐，呕吐物为胃内容物，无咖啡,
25,2,"Y'A'N'G'Space",5,样,1558735056,2019/5/24 21:57:35,搜狗输入法医生版,患儿1天前无明显诱因出现阵发性哭闹，伴呕吐，呕吐物为胃内容物，无咖啡样,
26,2,"W'U'D1",3,无,1558735059,2019/5/24 21:57:38,搜狗输入法医生版,患儿1天前无明显诱因出现阵发性哭闹，伴呕吐，呕吐物为胃内容物，无咖啡样无,
27,2,Back,1,-无,1558735059,2019/5/24 21:57:39,搜狗输入法医生版,患儿1天前无明显诱因出现阵发性哭闹，伴呕吐，呕吐物为胃内容物，无咖啡样,
28,2,"W'U'Z'H'I'Space",6,物质,1558735061,2019/5/24 21:57:40,搜狗输入法医生版,患儿1天前无明显诱因出现阵发性哭闹，伴呕吐，呕吐物为胃内容物，无咖啡样物质,
29,2,Back,1,-质,1558735061,2019/5/24 21:57:41,搜狗输入法医生版,患儿1天前无明显诱因出现阵发性哭闹，伴呕吐，呕吐物为胃内容物，无咖啡样物,
30,2,OemComma,1, ,1558735062,2019/5/24 21:57:42,搜狗输入法医生版,患儿1天前无明显诱因出现阵发性哭闹，伴呕吐，呕吐物为胃内容物，无咖啡样物 ,
31,2,"G'O'N'G'D4",5,，共,1558735066,2019/5/24 21:57:45,搜狗输入法医生版,患儿1天前无明显诱因出现阵发性哭闹，伴呕吐，呕吐物为胃内容物，无咖啡样物，共,
32,2,D5,1,5,1558735066,2019/5/24 21:57:46,搜狗输入法医生版,患儿1天前无明显诱因出现阵发性哭闹，伴呕吐，呕吐物为胃内容物，无咖啡样物，共5,
33,2,"C'I'Space",3,次,1558735067,2019/5/24 21:57:47,搜狗输入法医生版,患儿1天前无明显诱因出现阵发性哭闹，伴呕吐，呕吐物为胃内容物，无咖啡样物，共5次,
34,2,OemPeriod,1, ,1558735068,2019/5/24 21:57:48,搜狗输入法医生版,患儿1天前无明显诱因出现阵发性哭闹，伴呕吐，呕吐物为胃内容物，无咖啡样物，共5次 ,
