﻿ID,TID,Keyboard,KeyLength,MapText,TimeStamp,Time,IME,CurText
1,1,"R'A'N'G'Space",5,让,1558733938,2019/5/24 21:38:58,搜狗输入法医生版,让,
2,1,"W'O'I'E'N'N'Back'Back'Back'Back'M'E'N'Space",14,我们,1558733943,2019/5/24 21:39:02,搜狗输入法医生版,让我们,
3,1,"G'O'N'G'T'O'N'G'Space",9,共同,1558733945,2019/5/24 21:39:04,搜狗输入法医生版,让我们共同,
4,1,"W'E'I'Space",4,为,1558733946,2019/5/24 21:39:05,搜狗输入法医生版,让我们共同为,
5,1,"J'I'A'N'S'H'E'Space",8,建设,1558733949,2019/5/24 21:39:08,搜狗输入法医生版,让我们共同为建设,
6,1,"Y'I'G'E'Space",5,一个,1558733950,2019/5/24 21:39:09,搜狗输入法医生版,让我们共同为建设一个,
7,1,"G'E'N'G'J'A'I'Space",8,更加,1558733951,2019/5/24 21:39:11,搜狗输入法医生版,让我们共同为建设一个更加,
8,1,"F'U'Y'U'Space",5,富裕,1558733952,2019/5/24 21:39:12,搜狗输入法医生版,让我们共同为建设一个更加富裕,
9,1,Oem6,1, ,1558733954,2019/5/24 21:39:13,搜狗输入法医生版,让我们共同为建设一个更加富裕 ,
10,1,"H'E'X'I'E'Space",6,】和谐,1558733955,2019/5/24 21:39:15,搜狗输入法医生版,让我们共同为建设一个更加富裕】和谐,
11,1,Oem6,1, ,1558733955,2019/5/24 21:39:15,搜狗输入法医生版,让我们共同为建设一个更加富裕】和谐 ,
12,1,Back,1,- ,1558733956,2019/5/24 21:39:15,搜狗输入法医生版,让我们共同为建设一个更加富裕】和谐,
13,1,Back,1,-谐,1558733956,2019/5/24 21:39:15,搜狗输入法医生版,让我们共同为建设一个更加富裕】和,
14,1,Back,1,-和,1558733956,2019/5/24 21:39:16,搜狗输入法医生版,让我们共同为建设一个更加富裕】,
15,1,Back,1,-】,1558733956,2019/5/24 21:39:16,搜狗输入法医生版,让我们共同为建设一个更加富裕,
16,1,Oem6,1, ,1558733957,2019/5/24 21:39:16,搜狗输入法医生版,让我们共同为建设一个更加富裕 ,
17,1,Back,1,- ,1558733959,2019/5/24 21:39:18,搜狗输入法医生版,让我们共同为建设一个更加富裕,
18,1,Oem5,1, ,1558733959,2019/5/24 21:39:19,搜狗输入法医生版,让我们共同为建设一个更加富裕 ,
19,1,"X'Back'H'E'X'I'E'Space",8,、和谐,1558733962,2019/5/24 21:39:22,搜狗输入法医生版,让我们共同为建设一个更加富裕、和谐,
20,1,Oem5,1, ,1558733963,2019/5/24 21:39:23,搜狗输入法医生版,让我们共同为建设一个更加富裕、和谐 ,
21,1,"X'I'N'G'F'U'Space",7,、幸福,1558733965,2019/5/24 21:39:24,搜狗输入法医生版,让我们共同为建设一个更加富裕、和谐、幸福,
22,1,Oem5,1, ,1558733965,2019/5/24 21:39:25,搜狗输入法医生版,让我们共同为建设一个更加富裕、和谐、幸福 ,
23,1,"F'A'N'Z'H'I'Space",7,、繁殖,1558733967,2019/5/24 21:39:26,搜狗输入法医生版,让我们共同为建设一个更加富裕、和谐、幸福、繁殖,
24,1,Back,1,-殖,1558733967,2019/5/24 21:39:27,搜狗输入法医生版,让我们共同为建设一个更加富裕、和谐、幸福、繁,
25,1,Back,1,-繁,1558733967,2019/5/24 21:39:27,搜狗输入法医生版,让我们共同为建设一个更加富裕、和谐、幸福、,
26,1,"F'A'Z'H'I'D3",6,法治,1558733970,2019/5/24 21:39:30,搜狗输入法医生版,让我们共同为建设一个更加富裕、和谐、幸福、法治,
27,1,Oem5,1, ,1558733970,2019/5/24 21:39:30,搜狗输入法医生版,让我们共同为建设一个更加富裕、和谐、幸福、法治 ,
28,1,"W'E'N'M'I'N'G'Space",8,、文明,1558733973,2019/5/24 21:39:32,搜狗输入法医生版,让我们共同为建设一个更加富裕、和谐、幸福、法治、文明,
29,1,Oem5,1, ,1558733973,2019/5/24 21:39:32,搜狗输入法医生版,让我们共同为建设一个更加富裕、和谐、幸福、法治、文明 ,
30,1,"M'E'I'L'I'Space",6,、美丽,1558733975,2019/5/24 21:39:34,搜狗输入法医生版,让我们共同为建设一个更加富裕、和谐、幸福、法治、文明、美丽,
31,1,"D'E'Space",3,的,1558733975,2019/5/24 21:39:34,搜狗输入法医生版,让我们共同为建设一个更加富裕、和谐、幸福、法治、文明、美丽的,
32,1,"S'H'E'H'U'I'Space",7,社会,1558733976,2019/5/24 21:39:36,搜狗输入法医生版,让我们共同为建设一个更加富裕、和谐、幸福、法治、文明、美丽的社会,
33,1,"Z'H'U'Y'I'Space",6,主义,1558733977,2019/5/24 21:39:37,搜狗输入法医生版,让我们共同为建设一个更加富裕、和谐、幸福、法治、文明、美丽的社会主义,
34,1,"X'I'N'Space",4,新,1558733978,2019/5/24 21:39:38,搜狗输入法医生版,让我们共同为建设一个更加富裕、和谐、幸福、法治、文明、美丽的社会主义新,
35,1,"X'I'Z'N'A'G'Space",7,西藏,1558733980,2019/5/24 21:39:40,搜狗输入法医生版,让我们共同为建设一个更加富裕、和谐、幸福、法治、文明、美丽的社会主义新西藏,
36,1,"E'R'D3",3,而,1558733983,2019/5/24 21:39:42,搜狗输入法医生版,让我们共同为建设一个更加富裕、和谐、幸福、法治、文明、美丽的社会主义新西藏而,
37,1,"N'V'L'I'F'E'N'D'Space",9,女里奋斗,1558733986,2019/5/24 21:39:45,搜狗输入法医生版,让我们共同为建设一个更加富裕、和谐、幸福、法治、文明、美丽的社会主义新西藏而女里奋斗,
38,1,Back,1,-斗,1558733986,2019/5/24 21:39:46,搜狗输入法医生版,让我们共同为建设一个更加富裕、和谐、幸福、法治、文明、美丽的社会主义新西藏而女里奋,
39,1,Back,1,-奋,1558733986,2019/5/24 21:39:46,搜狗输入法医生版,让我们共同为建设一个更加富裕、和谐、幸福、法治、文明、美丽的社会主义新西藏而女里,
40,1,Back,1,-里,1558733986,2019/5/24 21:39:46,搜狗输入法医生版,让我们共同为建设一个更加富裕、和谐、幸福、法治、文明、美丽的社会主义新西藏而女,
41,1,Back,1,-女,1558733987,2019/5/24 21:39:46,搜狗输入法医生版,让我们共同为建设一个更加富裕、和谐、幸福、法治、文明、美丽的社会主义新西藏而,
42,1,"N'U'L'I'F'E'N'D'O'U'Space",11,努力奋斗,1558733990,2019/5/24 21:39:49,搜狗输入法医生版,让我们共同为建设一个更加富裕、和谐、幸福、法治、文明、美丽的社会主义新西藏而努力奋斗,
43,1,"LeftShift'D1",2, ,1558733991,2019/5/24 21:39:50,搜狗输入法医生版,让我们共同为建设一个更加富裕、和谐、幸福、法治、文明、美丽的社会主义新西藏而努力奋斗 ,
