﻿ID,TID,Keyboard,KeyLength,MapText,TimeStamp,Time,IME,CurText
1,1,"A'N'G'Back'Back'Back'Back'R'A'N'G'Space",12,让,1558734693,2019/5/24 21:51:32,搜狗拼音输入法,让,
2,1,"W'O'E'N'Space",5,我们,1558734695,2019/5/24 21:51:34,搜狗拼音输入法,让我们,
3,1,"G'O'N'G'T'O'N'G'Space",9,共同,1558734697,2019/5/24 21:51:36,搜狗拼音输入法,让我们共同,
4,1,"W'E'I'Space",4,为,1558734697,2019/5/24 21:51:37,搜狗拼音输入法,让我们共同为,
5,1,"Y'I'G'E'Space",5,一个,1558734698,2019/5/24 21:51:38,搜狗拼音输入法,让我们共同为一个,
6,1,"G'E'N'G'J'A'I'Space",8,更加,1558734699,2019/5/24 21:51:39,搜狗拼音输入法,让我们共同为一个更加,
7,1,"F'U'Y'U'Space",5,富裕,1558734701,2019/5/24 21:51:41,搜狗拼音输入法,让我们共同为一个更加富裕,
8,1,Oem6,1, ,1558734701,2019/5/24 21:51:41,搜狗拼音输入法,让我们共同为一个更加富裕 ,
9,1,Back,1,- ,1558734702,2019/5/24 21:51:41,搜狗拼音输入法,让我们共同为一个更加富裕,
10,1,Oem5,1, ,1558734702,2019/5/24 21:51:42,搜狗拼音输入法,让我们共同为一个更加富裕 ,
11,1,"H'E'X'I'E'Space",6,、和谐,1558734703,2019/5/24 21:51:43,搜狗拼音输入法,让我们共同为一个更加富裕、和谐,
12,1,Oem6,1, ,1558734704,2019/5/24 21:51:43,搜狗拼音输入法,让我们共同为一个更加富裕、和谐 ,
13,1,Oem5,1,】,1558734704,2019/5/24 21:51:43,搜狗拼音输入法,让我们共同为一个更加富裕、和谐】 ,
14,1,Back,1,- ,1558734704,2019/5/24 21:51:44,搜狗拼音输入法,让我们共同为一个更加富裕、和谐】,
15,1,Back,1,-】,1558734704,2019/5/24 21:51:44,搜狗拼音输入法,让我们共同为一个更加富裕、和谐,
16,1,Oem5,1, ,1558734705,2019/5/24 21:51:44,搜狗拼音输入法,让我们共同为一个更加富裕、和谐 ,
17,1,"X'I'N'G'F'U'Space",7,、幸福,1558734707,2019/5/24 21:51:47,搜狗拼音输入法,让我们共同为一个更加富裕、和谐、幸福,
18,1,Oem5,1, ,1558734707,2019/5/24 21:51:47,搜狗拼音输入法,让我们共同为一个更加富裕、和谐、幸福 ,
19,1,"F'A'Z'H'I'Space",6,、法制,1558734709,2019/5/24 21:51:48,搜狗拼音输入法,让我们共同为一个更加富裕、和谐、幸福、法制,
20,1,Back,1,-制,1558734709,2019/5/24 21:51:49,搜狗拼音输入法,让我们共同为一个更加富裕、和谐、幸福、法,
21,1,Back,1,-法,1558734710,2019/5/24 21:51:49,搜狗拼音输入法,让我们共同为一个更加富裕、和谐、幸福、,
22,1,"F'A'Z'H'I'D3",6,法治,1558734712,2019/5/24 21:51:52,搜狗拼音输入法,让我们共同为一个更加富裕、和谐、幸福、法治,
23,1,Oem5,1, ,1558734713,2019/5/24 21:51:52,搜狗拼音输入法,让我们共同为一个更加富裕、和谐、幸福、法治 ,
24,1,"W'E'N'M'I'N'G'Space",8,、文明,1558734715,2019/5/24 21:51:55,搜狗拼音输入法,让我们共同为一个更加富裕、和谐、幸福、法治、文明,
25,1,Oem5,1, ,1558734716,2019/5/24 21:51:56,搜狗拼音输入法,让我们共同为一个更加富裕、和谐、幸福、法治、文明 ,
26,1,"M'E'I'L'I'Space",6,、美丽,1558734717,2019/5/24 21:51:57,搜狗拼音输入法,让我们共同为一个更加富裕、和谐、幸福、法治、文明、美丽,
27,1,"D'E'Space",3,的,1558734718,2019/5/24 21:51:57,搜狗拼音输入法,让我们共同为一个更加富裕、和谐、幸福、法治、文明、美丽的,
28,1,"X'OemPlus'S'Back'Back'S'E'H'U'Back'Back'Back'E'Back'J'E'Back'Back'H'E'H'U'I'Z'H'U'Y'I'Space",29,社会主义,1558734725,2019/5/24 21:52:04,搜狗拼音输入法,让我们共同为一个更加富裕、和谐、幸福、法治、文明、美丽的社会主义,
29,1,"X'I'N'Space",4,新,1558734726,2019/5/24 21:52:05,搜狗拼音输入法,让我们共同为一个更加富裕、和谐、幸福、法治、文明、美丽的社会主义新,
30,1,"X'I'Z'D2",4,西藏,1558734728,2019/5/24 21:52:07,搜狗拼音输入法,让我们共同为一个更加富裕、和谐、幸福、法治、文明、美丽的社会主义新西藏,
31,1,"W'E'Back'Back'E'R'D3",7,而,1558734732,2019/5/24 21:52:11,搜狗拼音输入法,让我们共同为一个更加富裕、和谐、幸福、法治、文明、美丽的社会主义新西藏而,
32,1,"N'U'L'I'F'Back'Back'Back'L'I'F'E'N'D'O'U'Space",17,努力奋斗,1558734737,2019/5/24 21:52:16,搜狗拼音输入法,让我们共同为一个更加富裕、和谐、幸福、法治、文明、美丽的社会主义新西藏而努力奋斗,
33,1,"LeftShift'D1",2, ,1558734738,2019/5/24 21:52:17,搜狗拼音输入法,让我们共同为一个更加富裕、和谐、幸福、法治、文明、美丽的社会主义新西藏而努力奋斗 ,
