﻿ID,TID,Keyboard,KeyLength,MapText,TimeStamp,Time,IME,CurText
1,2,"H'U'A'N'E'R'Space",7,患儿,1558733507,2019/5/24 21:31:46,搜狗拼音输入法,患儿,
2,2,D1,1,1,1558733507,2019/5/24 21:31:47,搜狗拼音输入法,患儿1,
3,2,"T'Q'I'N'J'OemPlus'OemPlus'OemPlus'OemPlus'OemPlus'Back'Back'Back'Back'I'A'N'Space",18,天,1558733511,2019/5/24 21:31:51,搜狗拼音输入法,患儿1天,
4,2,"Q'I'A'N'Space",5,前,1558733513,2019/5/24 21:31:53,搜狗拼音输入法,患儿1天前,
5,2,"W'U'D3",3,无,1558733517,2019/5/24 21:31:56,搜狗拼音输入法,患儿1天前无,
6,2,"M'I'N'G'X'Space",6,明显,1558733519,2019/5/24 21:31:59,搜狗拼音输入法,患儿1天前无明显,
7,2,"Y'I'U'Y'I'N'H'OemPlus'OemPlus'OemPlus'OemPlus'OemPlus'OemPlus'OemPlus'OemPlus'OemPlus'Back'Back'Back'Back'Back'Back'O'U'Y'I'N'Space",28,诱因,1558733527,2019/5/24 21:32:07,搜狗拼音输入法,患儿1天前无明显诱因,
8,2,"C'H'U'X'I'A'N'Space",8,出现,1558733529,2019/5/24 21:32:08,搜狗拼音输入法,患儿1天前无明显诱因出现,
9,2,"Z'E'H'N'D'A'OemPlus'OemPlus'OemPlus'Back'OemPlus'Back'Back'Back'Back'H'E'N'F'A'X'I'N'G'Space",25,阵发性,1558733538,2019/5/24 21:32:18,搜狗拼音输入法,患儿1天前无明显诱因出现阵发性,
10,2,"K'U'N'A'O'D2",6,哭闹,1558733543,2019/5/24 21:32:22,搜狗拼音输入法,患儿1天前无明显诱因出现阵发性哭闹,
11,2,OemComma,1, ,1558733543,2019/5/24 21:32:22,搜狗拼音输入法,患儿1天前无明显诱因出现阵发性哭闹 ,
12,2,"B'A'N'O'U'T'U'Space",8,，伴呕吐,1558733546,2019/5/24 21:32:26,搜狗拼音输入法,患儿1天前无明显诱因出现阵发性哭闹，伴呕吐,
13,2,OemComma,1, ,1558733547,2019/5/24 21:32:27,搜狗拼音输入法,患儿1天前无明显诱因出现阵发性哭闹，伴呕吐 ,
14,2,"O'U'T'U'W'U'Space",7,，呕吐物,1558733550,2019/5/24 21:32:29,搜狗拼音输入法,患儿1天前无明显诱因出现阵发性哭闹，伴呕吐，呕吐物,
15,2,"W'E'I'Space",4,为,1558733551,2019/5/24 21:32:31,搜狗拼音输入法,患儿1天前无明显诱因出现阵发性哭闹，伴呕吐，呕吐物为,
16,2,"W'E'I'N'E'I'R'N'G'W'U'Space",12,为内容物,1558733557,2019/5/24 21:32:36,搜狗拼音输入法,患儿1天前无明显诱因出现阵发性哭闹，伴呕吐，呕吐物为为内容物,
17,2,OemPeriod,1, ,1558733558,2019/5/24 21:32:37,搜狗拼音输入法,患儿1天前无明显诱因出现阵发性哭闹，伴呕吐，呕吐物为为内容物 ,
18,2,OemPeriod,1,。,1558733558,2019/5/24 21:32:37,搜狗拼音输入法,患儿1天前无明显诱因出现阵发性哭闹，伴呕吐，呕吐物为为内容物。 ,
19,2,OemPeriod,1,。,1558733558,2019/5/24 21:32:38,搜狗拼音输入法,患儿1天前无明显诱因出现阵发性哭闹，伴呕吐，呕吐物为为内容物。。 ,
20,2,OemPeriod,1,。,1558733558,2019/5/24 21:32:38,搜狗拼音输入法,患儿1天前无明显诱因出现阵发性哭闹，伴呕吐，呕吐物为为内容物。。。 ,
21,2,Back,1,- ,1558733559,2019/5/24 21:32:39,搜狗拼音输入法,患儿1天前无明显诱因出现阵发性哭闹，伴呕吐，呕吐物为为内容物。。。,
22,2,Back,1,-。,1558733559,2019/5/24 21:32:39,搜狗拼音输入法,患儿1天前无明显诱因出现阵发性哭闹，伴呕吐，呕吐物为为内容物。。,
23,2,Back,1,-。,1558733559,2019/5/24 21:32:39,搜狗拼音输入法,患儿1天前无明显诱因出现阵发性哭闹，伴呕吐，呕吐物为为内容物。,
24,2,Back,1,-。,1558733559,2019/5/24 21:32:39,搜狗拼音输入法,患儿1天前无明显诱因出现阵发性哭闹，伴呕吐，呕吐物为为内容物,
25,2,"Left'Left'Left'Left'Back",5,-为,1558733563,2019/5/24 21:32:42,搜狗拼音输入法,患儿1天前无明显诱因出现阵发性哭闹，伴呕吐，呕吐物为内容物,
26,2,"Right'W'E'I'OemPlus'OemPlus'OemMinus'D0'OemMinus'D4",10,胃,1558733571,2019/5/24 21:32:50,搜狗拼音输入法,患儿1天前无明显诱因出现阵发性哭闹，伴呕吐，呕吐物为胃内容物,
27,2,"Right'Right'Right'OemComma",4, ,1558733574,2019/5/24 21:32:53,搜狗拼音输入法,患儿1天前无明显诱因出现阵发性哭闹，伴呕吐，呕吐物为胃内容物 ,
28,2,"W'U'Space",3,，无,1558733575,2019/5/24 21:32:55,搜狗拼音输入法,患儿1天前无明显诱因出现阵发性哭闹，伴呕吐，呕吐物为胃内容物，无,
29,2,"K'A'I'F'E'I'D2",7,咖啡,1558733578,2019/5/24 21:32:58,搜狗拼音输入法,患儿1天前无明显诱因出现阵发性哭闹，伴呕吐，呕吐物为胃内容物，无咖啡,
30,2,"Y'A'N'G'Space",5,样,1558733582,2019/5/24 21:33:02,搜狗拼音输入法,患儿1天前无明显诱因出现阵发性哭闹，伴呕吐，呕吐物为胃内容物，无咖啡样,
31,2,"W'U'D4",3,物,1558733585,2019/5/24 21:33:04,搜狗拼音输入法,患儿1天前无明显诱因出现阵发性哭闹，伴呕吐，呕吐物为胃内容物，无咖啡样物,
32,2,OemComma,1, ,1558733585,2019/5/24 21:33:05,搜狗拼音输入法,患儿1天前无明显诱因出现阵发性哭闹，伴呕吐，呕吐物为胃内容物，无咖啡样物 ,
33,2,"G'O'N'G'Space",5,，工,1558733588,2019/5/24 21:33:07,搜狗拼音输入法,患儿1天前无明显诱因出现阵发性哭闹，伴呕吐，呕吐物为胃内容物，无咖啡样物，工,
34,2,OemPlus,1, ,1558733588,2019/5/24 21:33:07,搜狗拼音输入法,患儿1天前无明显诱因出现阵发性哭闹，伴呕吐，呕吐物为胃内容物，无咖啡样物，工 ,
35,2,Back,1,- ,1558733589,2019/5/24 21:33:08,搜狗拼音输入法,患儿1天前无明显诱因出现阵发性哭闹，伴呕吐，呕吐物为胃内容物，无咖啡样物，工,
36,2,Back,1,-工,1558733589,2019/5/24 21:33:08,搜狗拼音输入法,患儿1天前无明显诱因出现阵发性哭闹，伴呕吐，呕吐物为胃内容物，无咖啡样物，,
37,2,"G'O'N'G'D2",5,共,1558733591,2019/5/24 21:33:11,搜狗拼音输入法,患儿1天前无明显诱因出现阵发性哭闹，伴呕吐，呕吐物为胃内容物，无咖啡样物，共,
38,2,D5,1,5,1558733592,2019/5/24 21:33:12,搜狗拼音输入法,患儿1天前无明显诱因出现阵发性哭闹，伴呕吐，呕吐物为胃内容物，无咖啡样物，共5,
39,2,"C'I'U'D2",4,次,1558733595,2019/5/24 21:33:14,搜狗拼音输入法,患儿1天前无明显诱因出现阵发性哭闹，伴呕吐，呕吐物为胃内容物，无咖啡样物，共5次,
40,2,OemPeriod,1, ,1558733595,2019/5/24 21:33:15,搜狗拼音输入法,患儿1天前无明显诱因出现阵发性哭闹，伴呕吐，呕吐物为胃内容物，无咖啡样物，共5次 ,
