﻿ID,TID,Keyboard,KeyLength,MapText,TimeStamp,Time,IME,CurText
1,1,"LeftCtrl'R'A'LeftCtrl'N'G'Space",7,俺哥,1558735465,2019/5/24 22:04:25,中文(简体) - 百度输入法,俺哥,
2,1,Back,1,-哥,1558735466,2019/5/24 22:04:25,中文(简体) - 百度输入法,俺,
3,1,Back,1,-俺,1558735466,2019/5/24 22:04:25,中文(简体) - 百度输入法,,
4,1,"R'A'N'G'W'I'M'Space",8,让我们,1558735468,2019/5/24 22:04:28,中文(简体) - 百度输入法,让我们,
5,1,"G'O'I'N'G'T'O'N'G'Space",10,共同,1558735470,2019/5/24 22:04:30,中文(简体) - 百度输入法,让我们共同,
6,1,"W'E'I'Space",4,为,1558735471,2019/5/24 22:04:30,中文(简体) - 百度输入法,让我们共同为,
7,1,"J'I'A'N'S'H'E'Space",8,建设,1558735473,2019/5/24 22:04:32,中文(简体) - 百度输入法,让我们共同为建设,
8,1,"Y'I'G'E'Space",5,一个,1558735473,2019/5/24 22:04:33,中文(简体) - 百度输入法,让我们共同为建设一个,
9,1,"G'E'N'G'J'A'I'Space",8,更加,1558735475,2019/5/24 22:04:34,中文(简体) - 百度输入法,让我们共同为建设一个更加,
10,1,"F'U'W'U'Back'Back'Y'U'Space",9,富裕,1558735479,2019/5/24 22:04:38,中文(简体) - 百度输入法,让我们共同为建设一个更加富裕,
11,1,Oem6,1,】,1558735480,2019/5/24 22:04:39,中文(简体) - 百度输入法,让我们共同为建设一个更加富裕】,
12,1,"H'E'X'I'E'Space",6,和谐,1558735481,2019/5/24 22:04:41,中文(简体) - 百度输入法,让我们共同为建设一个更加富裕】和谐,
13,1,Back,1,-谐,1558735481,2019/5/24 22:04:41,中文(简体) - 百度输入法,让我们共同为建设一个更加富裕】和,
14,1,Back,1,-和,1558735481,2019/5/24 22:04:41,中文(简体) - 百度输入法,让我们共同为建设一个更加富裕】,
15,1,Back,1,-】,1558735481,2019/5/24 22:04:41,中文(简体) - 百度输入法,让我们共同为建设一个更加富裕,
16,1,Oem6,1,】,1558735482,2019/5/24 22:04:41,中文(简体) - 百度输入法,让我们共同为建设一个更加富裕】,
17,1,Back,1,-】,1558735483,2019/5/24 22:04:42,中文(简体) - 百度输入法,让我们共同为建设一个更加富裕,
18,1,Oem5,1,、,1558735483,2019/5/24 22:04:42,中文(简体) - 百度输入法,让我们共同为建设一个更加富裕、,
19,1,"H'E'X'I'E'Space",6,和谐,1558735484,2019/5/24 22:04:44,中文(简体) - 百度输入法,让我们共同为建设一个更加富裕、和谐,
20,1,Oem5,1,、,1558735485,2019/5/24 22:04:44,中文(简体) - 百度输入法,让我们共同为建设一个更加富裕、和谐、,
21,1,"X'I'N'G'F'U'Space",7,幸福,1558735486,2019/5/24 22:04:46,中文(简体) - 百度输入法,让我们共同为建设一个更加富裕、和谐、幸福,
22,1,Oem5,1,、,1558735486,2019/5/24 22:04:46,中文(简体) - 百度输入法,让我们共同为建设一个更加富裕、和谐、幸福、,
23,1,"F'A'Z'H'I'Space",6,阀值,1558735488,2019/5/24 22:04:47,中文(简体) - 百度输入法,让我们共同为建设一个更加富裕、和谐、幸福、阀值,
24,1,Oem5,1,、,1558735488,2019/5/24 22:04:48,中文(简体) - 百度输入法,让我们共同为建设一个更加富裕、和谐、幸福、阀值、,
25,1,OemPlus,1,=,1558735488,2019/5/24 22:04:48,中文(简体) - 百度输入法,让我们共同为建设一个更加富裕、和谐、幸福、阀值、=,
26,1,Back,1,-=,1558735489,2019/5/24 22:04:48,中文(简体) - 百度输入法,让我们共同为建设一个更加富裕、和谐、幸福、阀值、,
27,1,"Insert'Insert'Insert'Insert'Back",5,-、,1558735490,2019/5/24 22:04:49,中文(简体) - 百度输入法,让我们共同为建设一个更加富裕、和谐、幸福、阀值,
28,1,Back,1,-值,1558735490,2019/5/24 22:04:49,中文(简体) - 百度输入法,让我们共同为建设一个更加富裕、和谐、幸福、阀,
29,1,Back,1,-阀,1558735490,2019/5/24 22:04:49,中文(简体) - 百度输入法,让我们共同为建设一个更加富裕、和谐、幸福、,
30,1,"F'A'Z'H'I'D3",6,法治,1558735492,2019/5/24 22:04:52,中文(简体) - 百度输入法,让我们共同为建设一个更加富裕、和谐、幸福、法治,
31,1,Oem5,1,、,1558735493,2019/5/24 22:04:52,中文(简体) - 百度输入法,让我们共同为建设一个更加富裕、和谐、幸福、法治、,
32,1,"W'E'N'M'I'N'G'Space",8,文明,1558735495,2019/5/24 22:04:54,中文(简体) - 百度输入法,让我们共同为建设一个更加富裕、和谐、幸福、法治、文明,
33,1,Oem5,1,、,1558735496,2019/5/24 22:04:55,中文(简体) - 百度输入法,让我们共同为建设一个更加富裕、和谐、幸福、法治、文明、,
34,1,"M'E'I'L'I'Space",6,美丽,1558735497,2019/5/24 22:04:56,中文(简体) - 百度输入法,让我们共同为建设一个更加富裕、和谐、幸福、法治、文明、美丽,
35,1,"D'E'Space",3,的,1558735497,2019/5/24 22:04:57,中文(简体) - 百度输入法,让我们共同为建设一个更加富裕、和谐、幸福、法治、文明、美丽的,
36,1,"S'H'G'E'H'U'I'Back'Back'Back'Back'Back'E'H'U'I'Space",17,社会,1558735500,2019/5/24 22:04:59,中文(简体) - 百度输入法,让我们共同为建设一个更加富裕、和谐、幸福、法治、文明、美丽的社会,
37,1,"Z'H'I'Back'U'Y'I'D2",8,主义,1558735502,2019/5/24 22:05:01,中文(简体) - 百度输入法,让我们共同为建设一个更加富裕、和谐、幸福、法治、文明、美丽的社会主义,
38,1,"X'I'N'Space",4,新,1558735503,2019/5/24 22:05:03,中文(简体) - 百度输入法,让我们共同为建设一个更加富裕、和谐、幸福、法治、文明、美丽的社会主义新,
39,1,"Z'I'Back'Back'X'I'Z'N'A'G'Space",11,西藏,1558735506,2019/5/24 22:05:06,中文(简体) - 百度输入法,让我们共同为建设一个更加富裕、和谐、幸福、法治、文明、美丽的社会主义新西藏,
40,1,"W'E'Back'Back'E'R'N'V'L'I'F'E'N'D'O'U'Space",17,儿女里奋斗,1558735513,2019/5/24 22:05:13,中文(简体) - 百度输入法,让我们共同为建设一个更加富裕、和谐、幸福、法治、文明、美丽的社会主义新西藏儿女里奋斗,
41,1,OemPlus,1,=,1558735514,2019/5/24 22:05:13,中文(简体) - 百度输入法,让我们共同为建设一个更加富裕、和谐、幸福、法治、文明、美丽的社会主义新西藏儿女里奋斗=,
42,1,OemPlus,1,=,1558735514,2019/5/24 22:05:13,中文(简体) - 百度输入法,让我们共同为建设一个更加富裕、和谐、幸福、法治、文明、美丽的社会主义新西藏儿女里奋斗==,
43,1,Back,1,-=,1558735514,2019/5/24 22:05:14,中文(简体) - 百度输入法,让我们共同为建设一个更加富裕、和谐、幸福、法治、文明、美丽的社会主义新西藏儿女里奋斗=,
44,1,Back,1,-=,1558735514,2019/5/24 22:05:14,中文(简体) - 百度输入法,让我们共同为建设一个更加富裕、和谐、幸福、法治、文明、美丽的社会主义新西藏儿女里奋斗,
45,1,Back,1,-斗,1558735514,2019/5/24 22:05:14,中文(简体) - 百度输入法,让我们共同为建设一个更加富裕、和谐、幸福、法治、文明、美丽的社会主义新西藏儿女里奋,
46,1,Back,1,-奋,1558735514,2019/5/24 22:05:14,中文(简体) - 百度输入法,让我们共同为建设一个更加富裕、和谐、幸福、法治、文明、美丽的社会主义新西藏儿女里,
47,1,Back,1,-里,1558735515,2019/5/24 22:05:14,中文(简体) - 百度输入法,让我们共同为建设一个更加富裕、和谐、幸福、法治、文明、美丽的社会主义新西藏儿女,
48,1,Back,1,-女,1558735515,2019/5/24 22:05:14,中文(简体) - 百度输入法,让我们共同为建设一个更加富裕、和谐、幸福、法治、文明、美丽的社会主义新西藏儿,
49,1,Back,1,-儿,1558735515,2019/5/24 22:05:14,中文(简体) - 百度输入法,让我们共同为建设一个更加富裕、和谐、幸福、法治、文明、美丽的社会主义新西藏,
50,1,"E'R'D2",3,而,1558735517,2019/5/24 22:05:16,中文(简体) - 百度输入法,让我们共同为建设一个更加富裕、和谐、幸福、法治、文明、美丽的社会主义新西藏而,
51,1,"N'U'L'I'Space",5,努力,1558735519,2019/5/24 22:05:18,中文(简体) - 百度输入法,让我们共同为建设一个更加富裕、和谐、幸福、法治、文明、美丽的社会主义新西藏而努力,
52,1,"F'E'N'D'O'U'Space",7,奋斗,1558735520,2019/5/24 22:05:20,中文(简体) - 百度输入法,让我们共同为建设一个更加富裕、和谐、幸福、法治、文明、美丽的社会主义新西藏而努力奋斗,
53,1,"LeftShift'D1",2,！,1558735521,2019/5/24 22:05:20,中文(简体) - 百度输入法,让我们共同为建设一个更加富裕、和谐、幸福、法治、文明、美丽的社会主义新西藏而努力奋斗！,
